PARAMETERS	16	12.0	6.0	16	0	-99.617702804886
#OMEGA	VALUE
-13.0	2.2346270788897726e-05	0.00018643065020884642
-12.986993496748374	2.2377325535227754e-05	0.00018723141005516641
-12.973986993496748	2.2408445353061524e-05	0.00018803763634200887
-12.960980490245122	2.2439630424253565e-05	0.0001888493775996647
-12.947973986993496	2.24708809301033e-05	0.00018966668344810866
-12.934967483741872	2.2502197057128193e-05	0.0001904896045233917
-12.921960980490246	2.2533578988070957e-05	0.00019131819242501624
-12.90895447723862	2.2565026909782127e-05	0.000192152499659759
-12.895947973986994	2.2596541008002013e-05	0.00019299257961780114
-12.882941470735368	2.2628121467249684e-05	0.0001938384865454168
-12.869934967483742	2.265976847903861e-05	0.00019469027552643237
-12.856928464232116	2.2691482226777637e-05	0.00019554800247811865
-12.84392196098049	2.2723262901536145e-05	0.0001964117241382013
-12.830915457728864	2.2755110692274094e-05	0.00019728149805897655
-12.817908954477238	2.2787025788617576e-05	0.0001981573826153049
-12.804902451225614	2.2819008379193484e-05	0.00019903943699173254
-12.791895947973988	2.2851058656736534e-05	0.00019992772120391855
-12.778889444722362	2.2883176816534956e-05	0.0002008222960842021
-12.765882941470736	2.2915363047881776e-05	0.00020172322330402892
-12.75287643821911	2.294761754684238e-05	0.00020263056537062063
-12.739869934967484	2.2979940498824014e-05	0.00020354438564151867
-12.726863431715858	2.3012332109551004e-05	0.0002044647483316897
-12.713856928464232	2.304479257053682e-05	0.0002053917185176335
-12.700850425212606	2.3077322075071294e-05	0.0002063253621585881
-12.687843921960981	2.3109920823882746e-05	0.00020726574609952753
-12.674837418709355	2.314258901137123e-05	0.00020821293809214492
-12.66183091545773	2.3175326838376087e-05	0.00020916700679396438
-12.648824412206103	2.3208134501739863e-05	0.00021012802179010137
-12.635817908954477	2.3241012202079858e-05	0.00021109605361002703
-12.622811405702851	2.327396013801497e-05	0.0002120711737333414
-12.609804902451225	2.330697851349317e-05	0.00021305345460598257
-12.5967983991996	2.334006753212936e-05	0.00021404296965576997
-12.583791895947973	2.3373227387990525e-05	0.00021503979331816137
-12.570785392696347	2.3406458294350507e-05	0.0002160440010253728
-12.557778889444723	2.3439760447829805e-05	0.00021705566925434017
-12.544772386193097	2.3473134056928302e-05	0.00021807487551994686
-12.531765882941471	2.350657932814748e-05	0.00021910169840300142
-12.518759379689845	2.3540096463103843e-05	0.00022013621756444834
-12.505752876438219	2.3573685671740563e-05	0.00022117851376191044
-12.492746373186593	2.360734716100321e-05	0.00022222866886567605
-12.479739869934967	2.364108114116803e-05	0.0002232867658871207
-12.466733366683341	2.3674887821290014e-05	0.00022435288898747796
-12.453726863431715	2.3708767407981668e-05	0.00022542712350193117
-12.44072036018009	2.3742720113406612e-05	0.00022650955595848732
-12.427713856928465	2.3776746150949712e-05	0.00022760027409962635
-12.414707353676839	2.3810845731775387e-05	0.00022869936689540182
-12.401700850425213	2.384501907004566e-05	0.0002298069245818546
-12.388694347173587	2.3879266376369834e-05	0.000230923038656905
-12.37568784392196	2.391358786846265e-05	0.0002320478019286476
-12.362681340670335	2.3947983759597946e-05	0.00023318130852456598
-12.349674837418709	2.3982454268711706e-05	0.00023432365391473642
-12.336668334167083	2.4016999611076173e-05	0.00023547493493603078
-12.323661830915459	2.4051620001297458e-05	0.00023663524981842876
-12.310655327663833	2.40863156640847e-05	0.00023780469821188532
-12.297648824412207	2.4121086814599124e-05	0.00023898338120531548
-12.28464232116058	2.4155933674108176e-05	0.000240171401354905
-12.271635817908955	2.4190856461880905e-05	0.00024136886271119984
-12.258629314657329	2.422585540451383e-05	0.00024257587084819399
-12.245622811405703	2.4260930721053953e-05	0.00024379253288775438
-12.232616308154077	2.429608263310179e-05	0.0002450189575240458
-12.21960980490245	2.433131136914124e-05	0.00024625525506238866
-12.206603301650825	2.4366617149773617e-05	0.00024750153744013126
-12.1935967983992	2.4402000205037133e-05	0.0002487579182582911
-12.180590295147574	2.4437460760973195e-05	0.00025002451281519456
-12.167583791895948	2.4472999040514587e-05	0.00025130143813167916
-12.154577288644322	2.4508615278695522e-05	0.00025258881299727864
-12.141570785392696	2.4544309698559807e-05	0.00025388675797954896
-12.12856428214107	2.458008253525268e-05	0.00025519539548291004
-12.115557778889444	2.461593401703599e-05	0.0002565148497681857
-12.102551275637818	2.4651864376057375e-05	0.000257845246983579
-12.089544772386192	2.4687873844797537e-05	0.00025918671521829584
-12.076538269134566	2.4723962657180465e-05	0.0002605393845170889
-12.063531765882942	2.4760131048351397e-05	0.000261903386945761
-12.050525262631316	2.479637925056899e-05	0.00026327885659505057
-12.03751875937969	2.483270750341937e-05	0.0002646659296471343
-12.024512256128064	2.4869116041936756e-05	0.00026606474441082106
-12.011505752876438	2.490560510404194e-05	0.0002674754413494185
-11.998499249624812	2.4942174932096606e-05	0.00026889816313713233
-11.985492746373186	2.49788257578043e-05	0.0002703330546957039
-11.97248624312156	2.501555783063214e-05	0.00027178026324614635
-11.959479739869934	2.5052371385503314e-05	0.0002732399383336137
-11.94647323661831	2.5089266665556664e-05	0.00027471223189978744
-11.933466733366684	2.5126243917927837e-05	0.00027619729831196427
-11.920460230115058	2.5163303384423408e-05	0.0002776952944243405
-11.907453726863432	2.5200445309514485e-05	0.0002792063796109856
-11.894447223611806	2.5237669937894225e-05	0.00028073071583678555
-11.88144072036018	2.5274977519362807e-05	0.00028226846769341396
-11.868434217108554	2.53123683011669e-05	0.00028381980245606453
-11.855427713856928	2.5349842531441347e-05	0.0002853848901446243
-11.842421210605302	2.5387400457876907e-05	0.00028696390357851875
-11.829414707353678	2.542504233604692e-05	0.00028855701842500636
-11.816408204102052	2.5462768413975212e-05	0.00029016441326590314
-11.803401700850426	2.5500578943127294e-05	0.00029178626965165044
-11.7903951975988	2.55384741825182e-05	0.0002934227721782534
-11.777388694347174	2.5576454378173352e-05	0.0002950741085265829
-11.764382191095548	2.5614519792993562e-05	0.00029674046954752953
-11.751375687843922	2.5652670677445144e-05	0.0002984220493184031
-11.738369184592296	2.5690907295095045e-05	0.000300119045215097
-11.72536268134067	2.5729229897630823e-05	0.00030183165797781353
-11.712356178089045	2.576763874828636e-05	0.0003035600917862258
-11.699349674837418	2.580613410640975e-05	0.00030530455433352977
-11.686343171585793	2.5844716235234877e-05	0.0003070652568932797
-11.673336668334167	2.588338539333268e-05	0.0003088424144120916
-11.660330165082541	2.5922141846157487e-05	0.0003106362455791434
-11.647323661830915	2.5960985860162822e-05	0.00031244697290300216
-11.63431715857929	2.5999917695362917e-05	0.00031427482280577124
-11.621310655327663	2.603893762065379e-05	0.0003161200257045804
-11.608304152076037	2.60780459011567e-05	0.0003179828160903009
-11.595297648824411	2.6117242810208552e-05	0.0003198634326400107
-11.582291145572785	2.6156528613374697e-05	0.00032176211828305323
-11.569284642321161	2.619590358199364e-05	0.00032367912031594503
-11.556278139069535	2.623536798540549e-05	0.0003256146904928592
-11.54327163581791	2.6274922099944753e-05	0.000327569085124213
-11.530265132566283	2.6314566195284605e-05	0.00032954256518324954
-11.517258629314657	2.6354300546538312e-05	0.0003315353964097323
-11.504252126063031	2.6394125434370252e-05	0.00033354784941819204
-11.491245622811405	2.6434041126788266e-05	0.00033558019981294596
-11.47823911955978	2.6474047908009446e-05	0.000337632728300008
-11.465232616308153	2.6514146051925813e-05	0.0003397057208082144
-11.452226113056529	2.6554335842310373e-05	0.00034179946860202204
-11.439219609804903	2.6594617558717282e-05	0.0003439142684128482
-11.426213106553277	2.6634991483032167e-05	0.0003460504225800687
-11.413206603301651	2.6675457898805988e-05	0.00034820823914982757
-11.400200100050025	2.6716017090033795e-05	0.00035038803204434643
-11.387193596798399	2.6756669339156325e-05	0.0003525901211818283
-11.374187093546773	2.6797414938273256e-05	0.0003548148326227851
-11.361180590295147	2.6838254168937148e-05	0.0003570624987224713
-11.348174087043521	2.68791873243579e-05	0.0003593334582846497
-11.335167583791897	2.692021468875261e-05	0.0003616280567015906
-11.32216108054027	2.6961336558217752e-05	0.00036394664613514927
-11.309154577288645	2.7002553223187675e-05	0.00036628958567430647
-11.296148074037019	2.704386497542899e-05	0.0003686572414997036
-11.283141570785393	2.708527211137124e-05	0.0003710499870634987
-11.270135067533767	2.7126774922558994e-05	0.0003734682032751069
-11.25712856428214	2.716837370930758e-05	0.0003759122786750613
-11.244122061030515	2.721006876671428e-05	0.0003783826096376286
-11.231115557778889	2.7251860394428284e-05	0.00038087960057098247
-11.218109054527265	2.7293748892764924e-05	0.00038340366409972404
-11.205102551275637	2.733573456459304e-05	0.0003859552212983619
-11.192096048024013	2.7377817708118535e-05	0.00038853470189270656
-11.179089544772387	2.7419998629318876e-05	0.0003911425444904637
-11.16608304152076	2.7462277632173127e-05	0.00039377919680505524
-11.153076538269135	2.7504655025212266e-05	0.00039644511589354003
-11.140070035017509	2.7547131110639e-05	0.00039914076840563695
-11.127063531765883	2.7589706198649644e-05	0.0004018666308248653
-11.114057028514257	2.7632380604103446e-05	0.0004046231897388841
-11.10105052526263	2.7675154628759024e-05	0.00040741094210505757
-11.088044022011005	2.771802859047323e-05	0.00041023039552401386
-11.07503751875938	2.776100279988647e-05	0.00041308206851808915
-11.062031015507754	2.7804077572191055e-05	0.00041596649084463255
-11.049024512256128	2.7847253225465884e-05	0.00041888420378499713
-11.036018009004502	2.7890530071572606e-05	0.00042183576046428417
-11.023011505752876	2.793390843214283e-05	0.00042482172617186453
-11.01000500250125	2.797738862569954e-05	0.0004278426786979983
-10.996998499249624	2.8020970971764925e-05	0.00043089920868821796
-10.983991995997998	2.8064655792414683e-05	0.0004339919199873865
-10.970985492746372	2.810844341583074e-05	0.00043712143001650716
-10.957978989494748	2.8152334159203818e-05	0.00044028837016196753
-10.944972486243122	2.8196328353935485e-05	0.00044349338615079503
-10.931965982991496	2.824042632254553e-05	0.0004467371384824226
-10.91895947973987	2.8284628394770195e-05	0.0004500203028363625
-10.905952976488244	2.8328934902788205e-05	0.0004533435705211808
-10.892946473236618	2.8373346174226377e-05	0.00045670764890548554
-10.879939969984992	2.841786254570433e-05	0.0004601132619127535
-10.866933466733366	2.8462484343960703e-05	0.0004635611504931747
-10.85392696348174	2.8507211909944985e-05	0.0004670520731250294
-10.840920460230116	2.8552045577279195e-05	0.0004705868063362706
-10.827913956978488	2.8596985685025444e-05	0.0004741661452395407
-10.814907453726864	2.8642032572134823e-05	0.0004777909041012718
-10.801900950475238	2.8687186577780466e-05	0.0004814619169037915
-10.788894447223612	2.873244804224573e-05	0.0004851800379555016
-10.775887943971986	2.8777817311920195e-05	0.0004889461425072739
-10.76288144072036	2.8823294731528115e-05	0.0004927611274032628
-10.749874937468734	2.8868880642352046e-05	0.0004966259117310523
-10.736868434217108	2.891457539644371e-05	0.0005005414375381934
-10.723861930965484	2.8960379338083264e-05	0.0005045086705340873
-10.710855427713856	2.9006292821431856e-05	0.0005085286008412737
-10.697848924462232	2.9052316194766448e-05	0.0005126022437637046
-10.684842421210606	2.9098449812803295e-05	0.0005167306406039796
-10.67183591795898	2.914469402992559e-05	0.00052091485948913
-10.658829414707354	2.9191049201071628e-05	0.0005251559962317076
-10.645822911455728	2.923751568095767e-05	0.0005294551752451637
-10.632816408204102	2.928409383484709e-05	0.0005338135504692199
-10.619809904952476	2.9330784015901834e-05	0.0005382323063507499
-10.606803401700851	2.9377586589052207e-05	0.0005427126588528619
-10.593796898449224	2.9424501915342738e-05	0.0005472558565012831
-10.5807903951976	2.9471530362701337e-05	0.0005518631814910302
-10.567783891945973	2.9518672294726045e-05	0.0005565359508262757
-10.554777388694347	2.956592807490388e-05	0.0005612755174935202
-10.541770885442721	2.961329808115476e-05	0.0005660832717024888
-10.528764382191095	2.9660782675522412e-05	0.0005709606421916424
-10.51575787893947	2.9708382232374042e-05	0.0005759090975406833
-10.502751375687843	2.9756097126631964e-05	0.0005809301475798723
-10.489744872436217	2.9803927733218494e-05	0.0005860253448528585
-10.476738369184591	2.9851874429498437e-05	0.0005911962861182563
-10.463731865932967	2.9899937590172065e-05	0.0005964446139503643
-10.450725362681341	2.9948117599487567e-05	0.0006017720183828512
-10.437718859429715	2.9996414831812146e-05	0.0006071802386329317
-10.42471235617809	3.0044829675834883e-05	0.000612671064900594
-10.411705852926463	3.0093362514582722e-05	0.0006182463402524263
-10.398699349674837	3.0142013732525896e-05	0.0006239079625809385
-10.385692846423211	3.0190783716688152e-05	0.0006296578866603619
-10.372686343171585	3.0239672857979016e-05	0.0006354981262878256
-10.35967983991996	3.0288681544421436e-05	0.0006414307565330013
-10.346673336668335	3.0337810172031965e-05	0.0006474579160667959
-10.333666833416707	3.038705913316342e-05	0.0006535818096439217
-10.320660330165083	3.0436428819835548e-05	0.0006598047106443072
-10.307653826913457	3.0485919634171132e-05	0.0006661289637838186
-10.294647323661831	3.053553197196468e-05	0.0006725569879253435
-10.281640820410205	3.0585266236005104e-05	0.0006790912790270998
-10.268634317158579	3.063512282619474e-05	0.0006857344132498167
-10.255627813906953	3.068510214543352e-05	0.0006924890501970316
-10.242621310655327	3.0735204601173294e-05	0.0006993579363182567
-10.229614807403703	3.078543060064387e-05	0.0007063439084994405
-10.216608304152075	3.083578055218528e-05	0.0007134498977958703
-10.20360180090045	3.08862548659139e-05	0.0007206789333907837
-10.190595297648825	3.093685395449963e-05	0.000728034146729728
-10.177588794397199	3.0987578231500557e-05	0.0007355187758847359
-10.164582291145573	3.1038428112362126e-05	0.0007431361701274453
-10.151575787893947	3.108940401597149e-05	0.0007508897947527959
-10.13856928464232	3.1140506358884323e-05	0.0007587832361560798
-10.125562781390695	3.1191735564206624e-05	0.0007668202071725583
-10.11255627813907	3.1243092052157806e-05	0.0007750045527118443
-10.099549774887443	3.129457625006271e-05	0.0007833402556893798
-10.086543271635819	3.1346188582026535e-05	0.0007918314432912021
-10.073536768384193	3.1397929477039455e-05	0.0008004823935772176
-10.060530265132567	3.144979936464676e-05	0.000809297542457843
-10.04752376188094	3.15017986767252e-05	0.0008182814910612235
-10.034517258629315	3.1553927846705854e-05	0.000827439013510789
-10.021510755377689	3.1606187309574096e-05	0.0008367750651759875
-10.008504252126063	3.1658577501980645e-05	0.0008462947913628893
-9.995497748874437	3.1711098864906084e-05	0.0008560035365484664
-9.98249124562281	3.176375183688851e-05	0.0008659068541453374
-9.969484742371186	3.181653685813135e-05	0.0008760105168459376
-9.95647823911956	3.186945437827493e-05	0.0008863205276172792
-9.943471735867934	3.192250483929904e-05	0.0008968431313369774
-9.930465232616308	3.1975688693286486e-05	0.0009075848271681286
-9.917458729364682	3.202900639043271e-05	0.0009185523817039076
-9.904452226113056	3.208245838060009e-05	0.0009297528429420554
-9.89144572286143	3.2136045117758805e-05	0.0009411935551584261
-9.878439219609804	3.218976705721133e-05	0.0009528821747258887
-9.865432716358178	3.224362465925612e-05	0.0009648266869968225
-9.852426213106554	3.229761838230427e-05	0.0009770354242839563
-9.839419709854928	3.235174869031798e-05	0.0009895170850487967
-9.826413206603302	3.2406016042374475e-05	0.0010022807544010082
-9.813406703351676	3.246042090720991e-05	0.0010153359260066663
-9.80040020010005	3.251496375300533e-05	0.0010286925255142965
-9.787393696848424	3.256964504949611e-05	0.0010423609356398078
-9.774387193596798	3.262446526630658e-05	0.0010563520230517653
-9.761380690345172	3.267942488072162e-05	0.001070677167195333
-9.748374187093546	3.2734524365030104e-05	0.0010853482912295265
-9.735367683841922	3.278976419929247e-05	0.001100377895284721
-9.722361180590294	3.2845144860793596e-05	0.0011157790922305955
-9.70935467733867	3.290066683514503e-05	0.0011315656461655665
-9.696348174087044	3.2956330605848905e-05	0.0011477520139410169
-9.683341670835418	3.301213665274361e-05	0.0011643533899278191
-9.670335167583792	3.3068085473320075e-05	0.00118138575440363
-9.657328664332166	3.312417755130248e-05	0.0011988659258681533
-9.64432216108054	3.318041338351563e-05	0.0012168116177135868
-9.631315657828914	3.323679346300956e-05	0.0012352414996507077
-9.61830915457729	3.3293318284610685e-05	0.0012541752644271709
-9.605302651325662	3.3349988346920156e-05	0.0012736337003466103
-9.592296148074038	3.3406804154756387e-05	0.0012936387702475738
-9.579289644822412	3.3463766208163825e-05	0.001314213697638289
-9.566283141570786	3.352087501273804e-05	0.0013353830607768513
-9.55327663831916	3.357813107995877e-05	0.0013571728956284224
-9.540270135067534	3.3635534913534215e-05	0.0013796108087300585
-9.527263631815908	3.3693087029385005e-05	0.0014027261011354542
-9.514257128564282	3.375078794243258e-05	0.0014265499048591312
-9.501250625312656	3.380863816448976e-05	0.0014511153333356397
-9.48824412206103	3.386663821791647e-05	0.0014764576478001334
-9.475237618809405	3.392478862529469e-05	0.001502614441662331
-9.46223111555778	3.398308990598675e-05	0.001529625845428706
-9.449224612306153	3.404154258823677e-05	0.001557534755111556
-9.436218109054527	3.4100147197291264e-05	0.0015863870876329234
-9.423211605802901	3.415890426805568e-05	0.0016162320674317776
-9.410205102551275	3.4217814326442664e-05	0.0016471225493325248
-9.39719859929965	3.4276877914241055e-05	0.0016791153838223716
-9.384192096048023	3.433609556380279e-05	0.0017122718323605568
-9.371185592796397	3.439546781680569e-05	0.0017466580420681943
-9.358179089544773	3.4454995214927564e-05	0.0017823455917248543
-9.345172586293147	3.4514678302843826e-05	0.001819412124186015
-9.332166083041521	3.4574517625673984e-05	0.0018579420849026418
-9.319159579789895	3.4634513734532746e-05	0.0018980275923998757
-9.30615307653827	3.46946671794246e-05	0.0019397694755820538
-9.293146573286643	3.475497851757048e-05	0.001983278525344745
-9.280140070035017	3.481544830175043e-05	0.0020286770266996212
-9.267133566783391	3.487607709218299e-05	0.0020761006647929126
-9.254127063531765	3.4936865452972476e-05	0.0021257009374744396
-9.241120560280141	3.499781394000756e-05	0.00217764826069089
-9.228114057028513	3.505892312860581e-05	0.0022321360140684643
-9.215107553776889	3.512019358420382e-05	0.002289385797230925
-9.202101050525263	3.5181625880897904e-05	0.0023496539745311296
-9.189094547273637	3.524322058756635e-05	0.0024132385960119462
-9.176088044022011	3.53049782814141e-05	0.002480482488958047
-9.163081540770385	3.536689954874994e-05	0.002551760812896431
-9.150075037518759	3.542898496622371e-05	0.002627438020777695
-9.137068534267133	3.549123511559227e-05	0.0027078322506066677
-9.124062031015509	3.55536505891596e-05	0.0027933587410137184
-9.111055527763881	3.561623197134711e-05	0.0028848616759347134
-9.098049024512257	3.567897986078705e-05	0.002983651423335343
-9.08504252126063	3.574189484756296e-05	0.003091162020692817
-9.072036018009005	3.580497752841971e-05	0.0032085858959920444
-9.059029514757379	3.5868228509872147e-05	0.003336499447327168
-9.046023011505753	3.593164839010843e-05	0.003474774630942923
-9.033016508254127	3.599523777442215e-05	0.003623008826667329
-9.0200100050025	3.605899727532336e-05	0.0037805425694845685
-9.007003501750876	3.612292749710644e-05	0.003946211975938252
-8.993996998499249	3.618702906116322e-05	0.004118894703144083
-8.980990495247624	3.625130257978171e-05	0.0042982313065930144
-8.967983991995997	3.6315748674020654e-05	0.004484836295061023
-8.954977488744372	3.6380367967159266e-05	0.004681248108194258
-8.941970985492746	3.6445161083586974e-05	0.004893936892596984
-8.92896448224112	3.651012864869241e-05	0.005133766059949418
-8.915957978989494	3.6575271300298695e-05	0.00541280868938554
-8.902951475737868	3.664058966490469e-05	0.005742015832167047
-8.889944972486244	3.6706084380888626e-05	0.006131915436027757
-8.876938469234616	3.6771756091291685e-05	0.0065928258969865094
-8.863931965982992	3.6837605435935394e-05	0.007131547095335478
-8.850925462731364	3.6903633058193996e-05	0.007746652730423964
-8.83791895947974	3.696983960888023e-05	0.008434414513432631
-8.824912456228114	3.703622574269261e-05	0.00921272153206154
-8.811905952976488	3.710279210655809e-05	0.01014141040203631
-8.798899449724862	3.716953936461209e-05	0.011314497511432764
-8.785892946473236	3.723646817210824e-05	0.012837990054788473
-8.772886443221612	3.730357919473626e-05	0.014815172509438201
-8.759879939969984	3.737087309785281e-05	0.017313545223940352
-8.74687343671836	3.743835055336486e-05	0.020256779374863476
-8.733866933466732	3.750601223484473e-05	0.023272650245019344
-8.720860430215108	3.757385881264508e-05	0.025785474475473524
-8.707853926963482	3.7641890969775105e-05	0.02740169404329318
-8.694847423711856	3.771010938347086e-05	0.027986375117601492
-8.68184092046023	3.777851474429106e-05	0.027713117406634513
-8.668834417208604	3.784710774001887e-05	0.027268487445796352
-8.655827913956978	3.791588905854848e-05	0.027465458264967935
-8.642821410705352	3.7984859396544834e-05	0.028836880497372097
-8.629814907453728	3.8054019450783905e-05	0.03169362245611451
-8.6168084042021	3.8123369923592776e-05	0.03628959363173068
-8.603801900950476	3.819291152096227e-05	0.042811131669373115
-8.59079539769885	3.826264494699583e-05	0.05107096909180042
-8.577788894447224	3.833257091623299e-05	0.05984326664336448
-8.564782391195598	3.8402690140548756e-05	0.0663712662667022
-8.551775887943972	3.847300333581494e-05	0.06785944386563192
-8.538769384692346	3.8543511227451255e-05	0.06462423544633367
-8.52576288144072	3.861421453765779e-05	0.05996253727524403
-8.512756378189096	3.868511399429675e-05	0.05688541071784481
-8.499749874937468	3.8756210327117735e-05	0.05663243179560762
-8.486743371685844	3.882750427208759e-05	0.058955018383578084
-8.473736868434216	3.889899656894791e-05	0.062248366771698094
-8.460730365182592	3.8970687956330075e-05	0.06395880258566078
-8.447723861930966	3.9042579181525205e-05	0.06271978050373272
-8.43471735867934	3.911467099182442e-05	0.05996423651556548
-8.421710855427714	3.918696413773848e-05	0.05815029868615973
-8.408704352176088	3.9259459379215045e-05	0.058793042916432725
-8.395697848924463	3.933215746754204e-05	0.06234438317543867
-8.382691345672836	3.9405059176989e-05	0.06845234875021855
-8.369684842421211	3.9478165263617804e-05	0.07590568492157879
-8.356678339169584	3.955147650303026e-05	0.08319088686281617
-8.34367183591796	3.962499366594319e-05	0.09013330705462286
-8.330665332666333	3.969871753206622e-05	0.09833128532226898
-8.317658829414707	3.9772648879110584e-05	0.10905212010064869
-8.304652326163081	3.984678849677792e-05	0.12061551478732913
-8.291645822911455	3.992113716810852e-05	0.12827750287798434
-8.278639319659831	3.999569569068662e-05	0.12909344473120687
-8.265632816408203	4.0070464855990195e-05	0.1262894106425726
-8.25262631315658	4.014544546548926e-05	0.12540719558658087
-8.239619809904951	4.022063832642697e-05	0.1287952994836834
-8.226613306653327	4.029604423572142e-05	0.13437422050922565
-8.213606803401701	4.037166402004466e-05	0.13721211456520566
-8.200600300150075	4.044749848264306e-05	0.1337928921180468
-8.18759379689845	4.052354844674699e-05	0.12591196110903613
-8.174587293646823	4.05998147344766e-05	0.11788090732439038
-8.161580790395197	4.067629817428031e-05	0.11151533974203864
-8.148574287143571	4.0752999598048234e-05	0.10640545480906849
-8.135567783891947	4.0829919834450834e-05	0.10296268453713786
-8.12256128064032	4.0907059732697704e-05	0.1026663639125629
-8.109554777388695	4.098442012867576e-05	0.10617078644739131
-8.096548274137069	4.106200187148357e-05	0.11269123666650072
-8.083541770885443	4.113980581277321e-05	0.120864460702658
-8.070535267633817	4.1217832806639265e-05	0.12907598391574293
-8.057528764382191	4.129608371472582e-05	0.1340812146998468
-8.044522261130565	4.13745593998982e-05	0.13247307971434652
-8.031515757878939	4.145326072890754e-05	0.12571018756126728
-8.018509254627315	4.153218857538832e-05	0.11922585367538074
-8.005502751375687	4.161134381719389e-05	0.11664187514337543
-7.992496248124062	4.1690727329957156e-05	0.11704689908569188
-7.979489744872436	4.17703400021896e-05	0.11569213919872712
-7.966483241620811	4.185018272462315e-05	0.10822899712511436
-7.953476738369185	4.193025638798975e-05	0.09556434768916322
-7.940470235117559	4.2010561891348e-05	0.08190416804847545
-7.927463731865933	4.209110013808637e-05	0.07010794955833266
-7.914457228614307	4.217187203225947e-05	0.06100258348701082
-7.901450725362682	4.2252878490356416e-05	0.05455944134701285
-7.888444222111056	4.233412042076168e-05	0.05054731871350204
-7.87543771885943	4.241559874940126e-05	0.04874077237798402
-7.862431215607804	4.2497314402978326e-05	0.04903413421660541
-7.8494247123561784	4.257926830164571e-05	0.05150608840723225
-7.8364182091045524	4.266146138676152e-05	0.05642325662798553
-7.8234117058529264	4.274389459713035e-05	0.06412919702801334
-7.8104052026013004	4.2826568870779624e-05	0.07464268034339183
-7.7973986993496744	4.290948516150195e-05	0.08677990678159753
-7.784392196098049	4.2992644416095516e-05	0.09746411864213866
-7.771385692846423	4.3076047599788225e-05	0.10335684684790747
-7.758379189594797	4.315969566615063e-05	0.10412025140260561
-7.745372686343171	4.3243589585295616e-05	0.10180890533145637
-7.732366183091545	4.33277303295565e-05	0.09774167120403576
-7.71935967983992	4.341211887648466e-05	0.09251058965122905
-7.706353176588294	4.349675620396454e-05	0.08715818200064052
-7.693346673336668	4.3581643298984396e-05	0.08284290101126324
-7.680340170085042	4.366678115674816e-05	0.07955264251329686
-7.667333666833416	4.3752170768240894e-05	0.07599459331335867
-7.654327163581791	4.383781313666013e-05	0.07096999039407859
-7.641320660330165	4.392370926908917e-05	0.06446088598977362
-7.628314157078539	4.400986017483177e-05	0.057698875746839184
-7.615307653826913	4.4096266872184486e-05	0.05215050517990727
-7.602301150575288	4.418293038011001e-05	0.04860449879662221
-7.589294647323662	4.426985172567566e-05	0.047224368956484075
-7.576288144072036	4.4357031943720315e-05	0.047942820512282824
-7.56328164082041	4.4444472067195484e-05	0.05072034858122165
-7.550275137568784	4.453217313926672e-05	0.05563876406344104
-7.537268634317159	4.4620136206763306e-05	0.06265721939912605
-7.524262131065533	4.470836232184361e-05	0.07096959188967167
-7.511255627813907	4.479685254676902e-05	0.07870630502132292
-7.498249124562281	4.488560793802776e-05	0.08402395015651876
-7.485242621310655	4.4974629570759816e-05	0.08678125303836626
-7.47223611805903	4.5063918514887114e-05	0.08851419386548698
-7.459229614807404	4.5153475852655056e-05	0.09037938588382721
-7.446223111555778	4.524330266786336e-05	0.09135340060969666
-7.433216608304152	4.533340004875264e-05	0.08922015387479143
-7.420210105052526	4.542376909844048e-05	0.08344348393925582
-7.407203601800901	4.551441091293906e-05	0.07606877057502193
-7.394197098549275	4.560532660058403e-05	0.06990695668972258
-7.381190595297649	4.5696517273596804e-05	0.06673250374971507
-7.368184092046023	4.5787984054745934e-05	0.0670343624778077
-7.3551775887943975	4.587972806224805e-05	0.07028997278699778
-7.3421710855427715	4.597175043230539e-05	0.07486707364818201
-7.3291645822911455	4.606405229889976e-05	0.07839980580532024
-7.3161580790395195	4.6156634802452245e-05	0.07947960467029969
-7.3031515757878935	4.6249499094819235e-05	0.07844458470852611
-7.290145072536268	4.634264632552565e-05	0.07662348339098557
-7.277138569284642	4.643607765386637e-05	0.07605814025514246
-7.264132066033016	4.6529794251015666e-05	0.07879099687286162
-7.25112556278139	4.662379728148647e-05	0.08599575318834107
-7.238119059529764	4.671808793255128e-05	0.09746458511434342
-7.225112556278139	4.681266737616152e-05	0.11045263996711974
-7.212106053026513	4.6907536812357264e-05	0.11876907926105773
-7.199099549774887	4.7002697431963725e-05	0.11644941970391998
-7.186093046523261	4.7098150440127995e-05	0.10449813126762586
-7.173086543271635	4.719389704532784e-05	0.08944255187353434
-7.16008004002001	4.7289938458039416e-05	0.07641432988107022
-7.147073536768384	4.738627590483713e-05	0.0672078925691052
-7.134067033516758	4.748291060974186e-05	0.06179532637447671
-7.121060530265132	4.75798438147601e-05	0.05932059057261685
-7.108054027013507	4.76770767511292e-05	0.058165538321359955
-7.095047523761881	4.7774610667628004e-05	0.05624653464789431
-7.082041020510255	4.787244681958569e-05	0.05239302045419447
-7.069034517258629	4.797058647076913e-05	0.047270913972014994
-7.056028014007003	4.8069030882946784e-05	0.04227081159319046
-7.043021510755378	4.8167781329877535e-05	0.0382772482958017
-7.030015007503752	4.826683909409102e-05	0.03558547951633828
-7.017008504252126	4.836620545956016e-05	0.034205481676880756
-7.0040020010005	4.846588172391364e-05	0.03408823416582607
-6.990995497748874	4.856586918533523e-05	0.035246718059004145
-6.977988994497249	4.8666169151889704e-05	0.037807099550628775
-6.964982491245623	4.876678294041259e-05	0.04202048076087317
-6.951975987993997	4.886771186496386e-05	0.048237345885162486
-6.938969484742371	4.8968957261918966e-05	0.05678018970371079
-6.925962981490746	4.907052046110305e-05	0.06746327671475383
-6.91295647823912	4.9172402808883575e-05	0.07847636679590408
-6.899949974987494	4.9274605654181514e-05	0.08558953224698429
-6.886943471735868	4.937713035024771e-05	0.08472631915538675
-6.873936968484242	4.947997826609818e-05	0.07674053334499564
-6.860930465232617	4.958315076986075e-05	0.06637734236205795
-6.847923961980991	4.968664924476229e-05	0.05735663079279296
-6.834917458729365	4.979047507092105e-05	0.050982047035066924
-6.821910955477739	4.9894629643332244e-05	0.04728133112132349
-6.808904452226113	4.99991143668721e-05	0.045988483152739845
-6.7958979489744875	5.0103930648748296e-05	0.0469412382534945
-6.7828914457228615	5.020907990349599e-05	0.05017708981236213
-6.7698849424712355	5.031456355486519e-05	0.055879425094561785
-6.7568784392196095	5.042038303482155e-05	0.06411927573628495
-6.7438719359679835	5.052653978121491e-05	0.07423091041822838
-6.730865432716358	5.063303524444063e-05	0.08408916957732127
-6.717858929464732	5.073987087733656e-05	0.09081475665229599
-6.704852426213106	5.0847048142843576e-05	0.09352508151348071
-6.69184592296148	5.095456850845448e-05	0.09417902764403341
-6.678839419709855	5.106243346042483e-05	0.09473270043427506
-6.665832916458229	5.1170644476794536e-05	0.09569868802665116
-6.652826413206603	5.127920305880718e-05	0.09713372385210484
-6.639819909954977	5.138811070404259e-05	0.09819037196847946
-6.626813406703351	5.149736892884338e-05	0.09710039828311712
-6.613806903451726	5.160697924733171e-05	0.09405237548352197
-6.6008004002001	5.1716943189950015e-05	0.09189340971640947
-6.587793896948474	5.18272622929139e-05	0.09329576164540487
-6.574787393696848	5.193793810065461e-05	0.09909964506170621
-6.561780890445222	5.204897216382065e-05	0.10848853043069207
-6.548774387193597	5.216036604605012e-05	0.12013783275717882
-6.535767883941971	5.227212131764247e-05	0.13334292355947264
-6.522761380690345	5.2384239555003376e-05	0.1459889736175879
-6.509754877438719	5.2496722345751756e-05	0.15167316442206313
-6.496748374187093	5.2609571287498547e-05	0.1442570526730631
-6.483741870935468	5.272278798285068e-05	0.12608721799797729
-6.470735367683842	5.283637404795982e-05	0.10525409817667153
-6.457728864432216	5.295033110674918e-05	0.08749585465154364
-6.44472236118059	5.3064660787138784e-05	0.07455390616420299
-6.431715857928965	5.317936473159257e-05	0.06622462522703376
-6.418709354677339	5.329444458779253e-05	0.06186336617858157
-6.405702851425713	5.340990202074014e-05	0.06080293026891992
-6.392696348174087	5.352573869132904e-05	0.06205400761509938
-6.379689844922461	5.3641956283212444e-05	0.0636533842677065
-6.366683341670836	5.375855647649086e-05	0.06286019657574848
-6.35367683841921	5.387554097335823e-05	0.058399440427899574
-6.340670335167584	5.399291148000529e-05	0.05182365416728929
-6.327663831915958	5.411066970673062e-05	0.04542024288171875
-6.314657328664332	5.4228817381818395e-05	0.040352556697979436
-6.301650825412707	5.434735623977005e-05	0.03679927770136404
-6.288644322161081	5.446628802574516e-05	0.03458467893946782
-6.275637818909455	5.458561449223076e-05	0.033521557955106585
-6.262631315657829	5.470533740270511e-05	0.03350958576707008
-6.249624812406203	5.4825458533191984e-05	0.03454878661103711
-6.2366183091545775	5.4945979668152845e-05	0.0367489773307621
-6.2236118059029515	5.506690259982072e-05	0.04034841176387116
-6.2106053026513255	5.518822913419541e-05	0.04573306962786716
-6.1975987993996995	5.530996108382702e-05	0.05341922154508005
-6.184592296148074	5.543210027514345e-05	0.0638748824831189
-6.171585792896448	5.5554648541900065e-05	0.07688357126268197
-6.158579289644822	5.567760773195207e-05	0.09018303646742432
-6.145572786393196	5.580097969970499e-05	0.09860366856339464
-6.13256628314157	5.592476631199883e-05	0.09737374888515393
-6.119559779889945	5.604896944622073e-05	0.08774545891352692
-6.106553276638319	5.617359099185926e-05	0.07539135737883407
-6.093546773386693	5.629863284584147e-05	0.064580808439618
-6.080540270135067	5.6424096918195055e-05	0.05670857227508974
-6.067533766883441	5.654998513249243e-05	0.05169041009984354
-6.054527263631816	5.667629941730201e-05	0.04911769318764292
-6.04152076038019	5.680304171451489e-05	0.048694891136828455
-6.028514257128564	5.6930213982675504e-05	0.050325661532153454
-6.015507753876938	5.70578181818826e-05	0.05411650940082935
-6.002501250625312	5.7185856291996906e-05	0.060362116553052014
-5.989494747373687	5.7314330300650695e-05	0.06945911721733011
-5.976488244122061	5.7443242207244616e-05	0.08156676025547027
-5.963481740870435	5.757259402372483e-05	0.09582283165318184
-5.950475237618809	5.770238776969805e-05	0.10966714142225231
-5.937468734367184	5.783262548297863e-05	0.11986645365986137
-5.924462231115558	5.7963309208375335e-05	0.12487806995212258
-5.911455727863932	5.809444100413064e-05	0.12577699795414143
-5.898449224612306	5.8226022940810473e-05	0.12469115948770026
-5.88544272136068	5.835805710252551e-05	0.12301722787245417
-5.872436218109055	5.849054557971467e-05	0.12223450487459553
-5.859429714857429	5.8623490481024554e-05	0.12349345676921342
-5.846423211605803	5.8756893925981935e-05	0.12528794060981796
-5.833416708354177	5.8890758044993774e-05	0.12454093171387903
-5.820410205102551	5.902508498478731e-05	0.12121293452582804
-5.807403701850926	5.915987689841806e-05	0.11899913495219705
-5.7943971985993	5.929513595592795e-05	0.12131445001671937
-5.781390695347674	5.943086434090361e-05	0.1290211927521676
-5.768384192096048	5.956706424747882e-05	0.14073538492992677
-5.755377688844422	5.970373788233285e-05	0.15466659930654825
-5.742371185592797	5.984088746668892e-05	0.17006588342987228
-5.729364682341171	5.9978515234870855e-05	0.1841242970515934
-5.716358179089545	6.0116623435524374e-05	0.1887522276874658
-5.703351675837919	6.0255214326621065e-05	0.17730265779378684
-5.6903451725862935	6.039429018622755e-05	0.15387726785242462
-5.6773386693346675	6.053385329951588e-05	0.12837994679647025
-5.6643321660830415	6.067390596342648e-05	0.10716723484846957
-5.6513256628314155	6.08144504985475e-05	0.09193220113984735
-5.6383191595797895	6.0955489234015836e-05	0.08229010231435718
-5.625312656328164	6.109702450773913e-05	0.07746750071618835
-5.612306153076538	6.123905867783108e-05	0.07675025979055183
-5.599299649824912	6.138159412072408e-05	0.07913050079202699
-5.586293146573286	6.152463321373869e-05	0.08243534925948148
-5.57328664332166	6.166817835906446e-05	0.08313845856240698
-5.560280140070035	6.181223197121444e-05	0.07886568656240289
-5.547273636818409	6.195679647857943e-05	0.07102212125969021
-5.534267133566783	6.210187432220682e-05	0.0627817548988081
-5.521260630315157	6.224746796235081e-05	0.0560979884716557
-5.508254127063532	6.23935798700348e-05	0.05143074102942591
-5.495247623811906	6.254021253193631e-05	0.04857748439903109
-5.48224112056028	6.268736845405076e-05	0.04723850294453902
-5.469234617308654	6.283505015014512e-05	0.04724217298284983
-5.456228114057028	6.298326015663491e-05	0.048586928246043604
-5.443221610805403	6.313200101726313e-05	0.051408603359122895
-5.430215107553777	6.328127530175198e-05	0.055975727590503954
-5.417208604302151	6.343108558715116e-05	0.06272335280765529
-5.404202101050525	6.358143446716369e-05	0.07228160561850272
-5.391195597798899	6.373232455747502e-05	0.08536316530789123
-5.378189094547274	6.388375847965477e-05	0.10214955578233087
-5.365182591295648	6.403573888202896e-05	0.12079700588655862
-5.352176088044022	6.418826842335967e-05	0.13583610617056874
-5.339169584792396	6.434134977439943e-05	0.1405288558381136
-5.32616308154077	6.449498563620981e-05	0.13427466370632757
-5.313156578289145	6.464917871185083e-05	0.12378345580043637
-5.300150075037519	6.480393172769716e-05	0.11584678847527619
-5.287143571785893	6.495924742833115e-05	0.11369550791039629
-5.274137068534267	6.511512857299007e-05	0.1180994390817579
-5.261130565282642	6.527157793401184e-05	0.12844656812649435
-5.248124062031016	6.542859831248915e-05	0.14255511430640255
-5.23511755877939	6.558619251373354e-05	0.15695203703389515
-5.222111055527764	6.574436337025702e-05	0.1689426423767605
-5.209104552276138	6.590311372689506e-05	0.17653042040042122
-5.1960980490245126	6.606244644569159e-05	0.17634427099944228
-5.1830915457728866	6.622236441067297e-05	0.16735987887158188
-5.1700850425212606	6.638287052529446e-05	0.15463971838891233
-5.1570785392696346	6.654396769989468e-05	0.1449466485114277
-5.1440720360180086	6.670565887822999e-05	0.14213803797512492
-5.131065532766383	6.686794701049603e-05	0.14698437900750538
-5.118059029514757	6.703083507164642e-05	0.15763283662651095
-5.105052526263131	6.719432605351017e-05	0.16920607696194956
-5.092046023011505	6.735842296801131e-05	0.17548797996006038
-5.079039519759879	6.752312884494849e-05	0.17343802309899903
-5.066033016508254	6.768844673055163e-05	0.1645218814153362
-5.053026513256628	6.785437969980546e-05	0.15307227315673133
-5.040020010005002	6.802093083457805e-05	0.1443319018253465
-5.027013506753376	6.818810324282776e-05	0.14199419885534637
-5.014007003501751	6.835590005549452e-05	0.14781183922791008
-5.001000500250125	6.852432441639689e-05	0.16245957379465148
-4.987993996998499	6.869337949322318e-05	0.18527474703701807
-4.974987493746873	6.886306847520007e-05	0.2119629739314408
-4.961980990495247	6.903339456632018e-05	0.2323744102245099
-4.948974487243621	6.920436099855376e-05	0.23579844424998087
-4.935967983991995	6.937597101830395e-05	0.22302110718916124
-4.922961480740369	6.95482278953996e-05	0.2053864989806501
-4.909954977488745	6.972113492176302e-05	0.19192237765063902
-4.896948474237119	6.989469541107685e-05	0.18380408195698417
-4.883941970985493	7.006891269190074e-05	0.17705854606589233
-4.870935467733867	7.024379012166015e-05	0.16880947172381122
-4.857928964482241	7.041933107510001e-05	0.16127119684482716
-4.844922461230615	7.059553895327753e-05	0.15872529472263563
-4.831915957978989	7.077241717534655e-05	0.16371058822562878
-4.818909454727363	7.09499691812221e-05	0.1761831262394702
-4.805902951475737	7.112819843513307e-05	0.1930849331937179
-4.792896448224113	7.130710842961907e-05	0.20848958957575625
-4.779889944972487	7.14867026667676e-05	0.2172337726976019
-4.766883441720861	7.166698468930033e-05	0.2195686894195199
-4.753876938469235	7.184795804437982e-05	0.22054657561816726
-4.740870435217609	7.202962631491783e-05	0.22414070724104718
-4.727863931965983	7.221199310170068e-05	0.22998588089794592
-4.714857428714357	7.2395062031827e-05	0.2376048952229688
-4.701850925462731	7.257883675515497e-05	0.24963168085788534
-4.688844422211105	7.276332094430238e-05	0.2667213185462224
-4.6758379189594805	7.294851830130789e-05	0.28218365299963744
-4.6628314157078545	7.31344325433092e-05	0.2852419648778314
-4.6498249124562285	7.332106741753108e-05	0.2718625176130187
-4.6368184092046025	7.350842670228452e-05	0.25004509292369115
-4.6238119059529765	7.369651418731582e-05	0.23086473572107846
-4.6108054027013505	7.388533369545591e-05	0.21832980913560518
-4.5977988994497245	7.40748890771803e-05	0.20855491913016921
-4.5847923961980985	7.426518420217132e-05	0.19618003227187797
-4.5717858929464725	7.44562229717527e-05	0.18171327980398055
-4.5587793896948465	7.464800930567783e-05	0.17026944090938634
-4.545772886443222	7.484054716022648e-05	0.16561773875587504
-4.532766383191596	7.503384050899786e-05	0.167907411666406
-4.51975987993997	7.522789335767666e-05	0.1735951207084252
-4.506753376688344	7.542270973426302e-05	0.17700496558870094
-4.493746873436718	7.561829370028583e-05	0.1757808113917907
-4.480740370185092	7.581464933625881e-05	0.174149399533421
-4.467733866933466	7.601178075722359e-05	0.17826902238075426
-4.45472736368184	7.620969210242468e-05	0.19142496941889675
-4.441720860430214	7.640838753919521e-05	0.2123308625749064
-4.42871435717859	7.660787126639867e-05	0.23325341948003386
-4.415707853926964	7.680814750687937e-05	0.24127229767506797
-4.402701350675338	7.700922051101511e-05	0.2295789916021167
-4.389694847423712	7.721109456582109e-05	0.20598134410286106
-4.376688344172086	7.741377398040594e-05	0.18331560054576945
-4.36368184092046	7.76172630948535e-05	0.16916810188881204
-4.350675337668834	7.782156627955672e-05	0.16589876768314094
-4.337668834417208	7.802668793510659e-05	0.17322972076617948
-4.324662331165582	7.823263248951662e-05	0.18822128752654255
-4.311655827913956	7.843940440765973e-05	0.2028757035317018
-4.298649324662332	7.864700817517001e-05	0.20486721474924785
-4.285642821410706	7.885544831642832e-05	0.1878012350308489
-4.27263631815908	7.906472938412623e-05	0.15857049515357202
-4.259629814907454	7.927485596248562e-05	0.12820709274747188
-4.246623311655828	7.948583266448317e-05	0.10260737515846952
-4.233616808404202	7.969766414628321e-05	0.08280050964209729
-4.220610305152576	7.991035507970423e-05	0.06787998100466153
-4.20760380190095	8.012391017953036e-05	0.056632888122329694
-4.194597298649324	8.033833419218706e-05	0.04804884922489905
-4.1815907953977	8.05536318924105e-05	0.041386741554730655
-4.168584292146074	8.076980809346157e-05	0.036124417272892284
-4.155577788894448	8.09868676410197e-05	0.0318967087644092
-4.142571285642822	8.120481541085134e-05	0.028446507608475446
-4.129564782391196	8.142365631746973e-05	0.025590441763157612
-4.11655827913957	8.164339530736253e-05	0.023195711912940897
-4.103551775887944	8.186403736465397e-05	0.021164601202402156
-4.090545272636318	8.208558750133488e-05	0.019424074770043376
-4.077538769384692	8.230805077247272e-05	0.01791872522065152
-4.064532266133066	8.253143226277793e-05	0.016605924941686778
-4.051525762881441	8.275573710136985e-05	0.015452447475452158
-4.038519259629815	8.2980970443014e-05	0.014432078709976981
-4.025512756378189	8.320713748299902e-05	0.013523903939564041
-4.012506253126563	8.343424345558237e-05	0.01271106278903611
-3.9994997498749374	8.3662293632214e-05	0.011979832439769966
-3.9864932466233114	8.38912933184277e-05	0.011318944286174415
-3.9734867433716854	8.412124786105757e-05	0.010719068682788047
-3.9604802401200594	8.435216264135459e-05	0.01017242220172121
-3.9474737368684334	8.458404308064882e-05	0.009672465208829695
-3.934467233616809	8.481689464068243e-05	0.009213666751595295
-3.921460730365183	8.50507228196129e-05	0.008791320128762936
-3.908454227113557	8.52855331587854e-05	0.008401396991219556
-3.895447723861931	8.552133123529426e-05	0.008040431005130633
-3.882441220610305	8.575812266720106e-05	0.007705424392470905
-3.869434717358679	8.599591311331256e-05	0.007393772320384739
-3.856428214107053	8.623470827506807e-05	0.007103201323636288
-3.843421710855427	8.647451389398597e-05	0.006831718840784928
-3.830415207603801	8.671533575255186e-05	0.006577571612809141
-3.817408704352175	8.695717967122096e-05	0.006339211195283356
-3.804402201100551	8.720005152407229e-05	0.006115265215706933
-3.791395697848925	8.744395721560494e-05	0.005904513298208736
-3.778389194597299	8.768890269750251e-05	0.005705866801244741
-3.765382691345673	8.793489397129761e-05	0.005518351686868095
-3.752376188094047	8.818193706783273e-05	0.005341093974970401
-3.739369684842421	8.84300380799008e-05	0.005173307341598821
-3.726363181590795	8.867920313282429e-05	0.0050142825038284045
-3.713356678339169	8.892943839811096e-05	0.004863378099802196
-3.700350175087543	8.918075009634041e-05	0.004720012825386588
-3.6873436718359187	8.943314448994766e-05	0.00458365863109822
-3.6743371685842927	8.968662789266002e-05	0.004453834817161995
-3.6613306653326667	8.994120665828387e-05	0.004330102892060261
-3.6483241620810407	9.019688719391628e-05	0.004212062082495693
-3.6353176588294147	9.04536759483987e-05	0.004099345400923382
-3.6223111555777887	9.07115794247515e-05	0.003991616191956759
-3.6093046523261627	9.097060416751734e-05	0.0038885650913019765
-3.5962981490745367	9.123075677541781e-05	0.0037899073411032935
-3.5832916458229107	9.149204389102827e-05	0.003695380414178606
-3.5702851425712847	9.175447221221322e-05	0.003604741906624853
-3.5572786393196605	9.201804848502082e-05	0.003517767664241167
-3.5442721360680345	9.22827795001302e-05	0.0034342501132238468
-3.5312656328164085	9.254867211061502e-05	0.0033539967696698536
-3.5182591295647825	9.281573321107128e-05	0.0032768289061095857
-3.5052526263131565	9.308396975227229e-05	0.0032025803561170907
-3.4922461230615305	9.335338873428523e-05	0.0031310964407090802
-3.4792396198099045	9.362399721801751e-05	0.003062233002365078
-3.4662331165582785	9.389580230523276e-05	0.0029958555342947113
-3.4532266133066525	9.416881116186548e-05	0.002931838394307551
-3.4402201100550283	9.44430310065858e-05	0.002870064093773328
-3.4272136068034023	9.471846910613646e-05	0.002810422653586331
-3.4142071035517763	9.49951327893217e-05	0.002752811019808954
-3.4012006003001503	9.527302944112304e-05	0.0026971325327461715
-3.3881940970485243	9.55521664979253e-05	0.0026432964438316553
-3.3751875937968983	9.58325514556213e-05	0.0025912174753597306
-3.3621810905452723	9.611419186894565e-05	0.0025408154187972487
-3.3491745872936463	9.639709534636776e-05	0.002492014767703443
-3.3361680840420203	9.668126955786338e-05	0.002444744381937869
-3.3231615807903943	9.696672223657998e-05	0.002398937180033589
-3.31015507753877	9.725346116518097e-05	0.002354529857056087
-3.297148574287144	9.75414941933872e-05	0.0023114626255199555
-3.284142071035518	9.783082923375819e-05	0.002269678977235956
-3.271135567783892	9.812147425392048e-05	0.0022291254640756097
-3.258129064532266	9.841343728489438e-05	0.002189751496025183
-3.24512256128064	9.870672641854039e-05	0.0021515091548857113
-3.232116058029014	9.900134982043785e-05	0.002114353022272364
-3.219109554777388	9.929731570557099e-05	0.0020782400206507123
-3.206103051525762	9.959463236119959e-05	0.00204312926624739
-3.193096548274138	9.989330813620079e-05	0.0020089819328613645
-3.180090045022512	0.0001001933514479525	0.001975761125611375
-3.167083541770886	0.00010049477077778146	0.0019434317638113985
-3.15407703851926	0.00010079757467096329	0.001911960472201324
-3.141070535267634	0.00010110177174638135	0.0018813154798520415
-3.128064032016008	0.00010140737068653483	0.001851466526145984
-3.115057528764382	0.00010171438024542123	0.0018223847732140586
-3.102051025512756	0.00010202280924043183	0.001794042724379774
-3.08904452226113	0.0001023326665656743	0.0017664141480894235
-3.076038019009504	0.00010264396118353503	0.0017394740069300862
-3.0630315157578796	0.000102956702124124	0.0017131983913462046
-3.0500250125062536	0.00010327089849815341	0.0016875644576724858
-3.0370185092546276	0.00010358655947662054	0.001662550370188809
-3.0240120060030016	0.00010390369431667601	0.0016381352468840538
-3.0110055027513756	0.00010422231233953028	0.0016142991086607328
-2.9979989994997496	0.00010454242294966054	0.0015910228317120856
-2.9849924962481236	0.0001048640356182684	0.0015682881028766804
-2.9719859929964976	0.00010518715990104344	0.0015460773777298265
-2.9589794897448716	0.00010551180542339722	0.0015243738412250574
-2.9459729864932473	0.0001058379818956734	0.0015031613707185976
-2.9329664832416213	0.00010616569910182339	0.0014824245011936243
-2.9199599799899953	0.0001064949669058457	0.0014621483925383316
-2.9069534767383693	0.00010682579525300717	0.0014423187987713249
-2.8939469734867433	0.00010715819416984296	0.0014229220390110653
-2.8809404702351173	0.00010749217376404552	0.001403944970141957
-2.8679339669834913	0.00010782774422124497	0.0013853749610437394
-2.8549274637318653	0.0001081649158199971	0.0013671998682538433
-2.8419209604802393	0.0001085036989155741	0.0013494080130151964
-2.8289144572286133	0.00010884410394784716	0.0013319881595841299
-2.815907953976989	0.00010918614144983518	0.0013149294947349954
-2.802901450725363	0.00010952982203504824	0.0012982216083801124
-2.789894947473737	0.00010987515640015211	0.0012818544752504213
-2.776888444222111	0.00011022215534461921	0.001265818437530708
-2.763881940970485	0.00011057082974430532	0.0012501041884454
-2.750875437718859	0.00011092119056665961	0.0012347027566970148
-2.737868934467233	0.00011127324887572065	0.001219605491714404
-2.724862431215607	0.00011162701582745349	0.0012048040496731582
-2.711855927963981	0.00011198250266619691	0.0011902903802237796
-2.698849424712357	0.00011233972073398935	0.0011760567139146305
-2.685842921460731	0.00011269868146035478	0.0011620955502298358
-2.672836418209105	0.00011305939638373008	0.0011483996462369195
-2.659829914957479	0.00011342187712726215	0.0011349620058070942
-2.646823411705853	0.00011378613542190052	0.0011217758693511382
-2.633816908454227	0.00011415218308663544	0.0011088347040713042
-2.620810405202601	0.00011452003204881489	0.0010961321946817426
-2.607803901950975	0.00011488969433126606	0.001083662234573346
-2.594797398699349	0.00011526118206317548	0.0010714189174115818
-2.581790895447723	0.00011563450747387183	0.001059396529120904
-2.5687843921960987	0.00011600968289848801	0.0010475895402602964
-2.5557778889444727	0.00011638672077496359	0.0010359925987426521
-2.5427713856928467	0.00011676563365037307	0.0010246005228983224
-2.5297648824412207	0.00011714643417437554	0.0010134082948579648
-2.5167583791895947	0.00011752913511053897	0.001002411054246588
-2.5037518759379687	0.00011791374932434984	0.000991604092146936
-2.4907453726863427	0.00011830028980464036	0.0009809828453470892
-2.4777388694347167	0.00011868876963638808	0.0009705428908437508
-2.4647323661830907	0.000119079202031247	0.000960279940594666
-2.4517258629314664	0.00011947160030623127	0.0009501898364836503
-2.4387193596798404	0.00011986597789637177	0.0009402685455364157
-2.4257128564282144	0.00012026234835837979	0.0009305121553201401
-2.4127063531765884	0.00012066072535288352	0.0009209168695485381
-2.3996998499249624	0.00012106112267784574	0.0009114790038847742
-2.3866933466733364	0.00012146355423447996	0.0009021949819119079
-2.3736868434217104	0.00012186803405833668	0.0008930613312807534
-2.3606803401700844	0.00012227457630220595	0.0008840746800181654
-2.3476738369184584	0.00012268319524233462	0.0008752317529866493
-2.3346673336668324	0.00012309390528331132	0.0008665293684932962
-2.321660830415208	0.00012350672095484683	0.0008579644350494853
-2.308654327163582	0.00012392165691399448	0.0008495339482389452
-2.295647823911956	0.00012433872795236667	0.0008412349877359171
-2.28264132066033	0.00012475794898414438	0.0008330647144384473
-2.269634817408704	0.0001251793350601771	0.0008250203677053758
-2.256628314157078	0.000125602901369537	0.0008170992627218876
-2.243621810905452	0.00012602866323185857	0.000809298787955437
-2.230615307653826	0.00012645663610100222	0.0008016164027179196
-2.2176088044022	0.00012688683557482427	0.0007940496348266546
-2.204602301150576	0.0001273192773876275	0.0007865960783464132
-2.19159579789895	0.00012775397741471295	0.0007792533914328104
-2.178589294647324	0.00012819095167992955	0.0007720192942406445
-2.165582791395698	0.0001286302163399089	0.0007648915669402623
-2.152576288144072	0.00012907178770615868	0.0007578680477712263
-2.139569784892446	0.00012951568223718013	0.0007509466312062285
-2.12656328164082	0.00012996191653735778	0.0007441252661605224
-2.113556778389194	0.00013041050736584126	0.0007374019542799592
-2.100550275137568	0.00013086147163043904	0.0007307747482823146
-2.087543771885942	0.0001313148263921704	0.0007242417503785514
-2.0745372686343178	0.0001317705888758125	0.0007178011107265014
-2.0615307653826918	0.00013222877645047149	0.0007114510259605966
-2.0485242621310658	0.00013268940666266715	0.0007051897377680083
-2.0355177588794398	0.00013315249720124989	0.0006990155315210744
-2.0225112556278138	0.0001336180659323727	0.0006929267349466972
-2.0095047523761878	0.00013408613087440013	0.0006869217168506969
-1.9964982491245618	0.00013455671022721827	0.0006809988858998972
-1.9834917458729358	0.0001350298223453672	0.0006751566894237504
-1.9704852426213098	0.00013550548576179988	0.0006693936122730282
-1.9574787393696855	0.00013598371917877827	0.000663708175711375
-1.9444722361180595	0.0001364645414746457	0.0006580989363630385
-1.9314657328664335	0.00013694797170027417	0.0006525644851586021
-1.9184592296148075	0.0001374340290909437	0.0006471034463648717
-1.9054527263631815	0.00013792273305901492	0.0006417144766074356
-1.8924462231115555	0.00013841410319337388	0.0006363962639498455
-1.8794397198599295	0.00013890815927619649	0.0006311475269988875
-1.8664332166083035	0.00013940492127795245	0.000625967014030504
-1.8534267133566775	0.00013990440934241732	0.0006208535021646755
-1.8404202101050515	0.00014040664382353185	0.0006158057965439667
-1.8274137068534273	0.0001409116452529835	0.0006108227295562596
-1.8144072036018013	0.00014141943436885018	0.0006059031600749165
-1.8014007003501753	0.00014193003209983512	0.0006010459727380235
-1.7883941970985493	0.00014244345957470372	0.0005962500772203061
-1.7753876938469233	0.00014295973812628038	0.0005915144075617773
-1.7623811905952973	0.00014347888929566732	0.0005868379215046016
-1.7493746873436713	0.00014400093482336285	0.0005822195998447244
-1.7363681840920453	0.00014452589666458238	0.0005776584458084821
-1.7233616808404193	0.0001450537969839294	0.0005731534844687358
-1.710355177588795	0.00014558465816127963	0.0005687037621363578
-1.697348674337169	0.00014611850279222516	0.0005643083458138909
-1.684342171085543	0.00014665535369151605	0.0005599663226469875
-1.671335667833917	0.00014719523390105405	0.0005556767993863954
-1.658329164582291	0.00014773816667712492	0.0005514389018808075
-1.645322661330665	0.00014828417551193684	0.0005472517745814809
-1.632316158079039	0.0001488332841251827	0.0005431145800582904
-1.619309654827413	0.00014938551646903608	0.0005390264985193349
-1.606303151575787	0.00014994089672748512	0.0005349867273828357
-1.593296648324161	0.00015049944933254178	0.000530994480823721
-1.5802901450725368	0.00015106119894436887	0.0005270489893421937
-1.5672836418209108	0.00015162617047825844	0.0005231494993572783
-1.5542771385692848	0.00015219438909164218	0.0005192952728085842
-1.5412706353176588	0.0001527658801874221	0.0005154855867601782
-1.5282641320660328	0.00015334066943117897	0.0005117197330264389
-1.5152576288144068	0.00015391878274018111	0.0005079970178050175
-1.5022511255627808	0.00015450024628849146	0.0005043167613207888
-1.4892446223111548	0.00015508508651218555	0.0005006782974823487
-1.4762381190595288	0.00015567333011901052	0.0004970809735432846
-1.4632316158079046	0.00015626500408139066	0.000493524149779101
-1.4502251125562786	0.00015686013564086831	0.0004900071991671417
-1.4372186093046526	0.0001574587523204274	0.00048652950708705234
-1.4242121060530266	0.0001580608819184981	0.0004830904710105832
-1.4112056028014006	0.0001586665525119546	0.00047968950022614365
-1.3981990995497746	0.00015927579247276835	0.0004763260155405957
-1.3851925962981486	0.00015988863045446333	0.00047299944902068347
-1.3721860930465226	0.00016050509540832536	0.0004697092437131456
-1.3591795897948966	0.00016112521657796197	0.00046645485339702475
-1.3461730865432706	0.0001617490235091834	0.0004632357423267619
-1.3331665832916464	0.00016237654605177898	0.0004600513849880583
-1.3201600800400204	0.0001630078143661784	0.0004569012658587335
-1.3071535767883944	0.00016364285891745656	0.00045378487918179555
-1.2941470735367684	0.00016428171049254203	0.00045070172873451497
-1.2811405702851424	0.00016492440019366672	0.00044765132760848925
-1.2681340670335164	0.00016557095945179956	0.0004446331980071383
-1.2551275637818904	0.0001662214200205403	0.0004416468710298771
-1.2421210605302644	0.00016687581398966422	0.0004386918864692779
-1.2291145572786384	0.0001675341737809033	0.0004357677926182246
-1.2161080540270142	0.00016819653215893737	0.0004328741460798424
-1.2031015507753882	0.0001688629222313942	0.0004300105115775388
-1.1900950475237622	0.00016953337745817532	0.0004271764617759244
-1.1770885442721362	0.00017020793165023473	0.0004243715771040657
-1.1640820410205102	0.0001708866189774616	0.00042159544558284523
-1.1510755377688842	0.0001715694739733431	0.00041884766266409024
-1.1380690345172582	0.0001722565315386282	0.0004161278310562677
-1.1250625312656322	0.00017294782694354804	0.00041343556057382713
-1.1120560280140062	0.00017364339583958444	0.00041077046798010386
-1.099049524762382	0.0001743432742623563	0.00040813217684287917
-1.086043021510756	0.00017504749862373714	0.00040552031736762473
-1.07303651825913	0.0001757561057403878	0.00040293452628425985
-1.060030015007504	0.00017646913281810228	0.0004003744466797299
-1.047023511755878	0.00017718661747112563	0.0003978397278806556
-1.034017008504252	0.00017790859771504852	0.0003953300253166647
-1.021010505252626	0.00017863511198412674	0.00039284500037906067
-1.008004002001	0.00017936619912672924	0.0003903843203137969
-0.9949974987493739	0.00018010189842143642	0.000387947658087584
-0.9819909954977479	0.00018084224957171102	0.00038553469226698667
-0.9689844922461237	0.00018158729271700036	0.0003831451069078451
-0.9559779889944977	0.00018233706844272835	0.0003807785914353712
-0.9429714857428717	0.00018309161777629868	0.0003784348405369009
-0.9299649824912457	0.00018385098220319307	0.00037611355405409164
-0.9169584792396197	0.00018461520366208628	0.00037381443687434235
-0.9039519759879937	0.00018538432456416398	0.0003715371988227689
-0.8909454727363677	0.00018615838778990312	0.0003692815545754957
-0.8779389694847417	0.0001869374366989529	0.0003670472235476341
-0.8649324662331157	0.00018772151513446467	0.00036483392980413143
-0.8519259629814915	0.0001885106674321957	0.00036264140196562433
-0.8389194597298655	0.00018930493842816976	0.00036046937310751925
-0.8259129564782395	0.00019010437345812203	0.0003583175806951555
-0.8129064532266135	0.0001909090183780382	0.00035618576646312405
-0.7998999499749875	0.00019171891955260811	0.00035407367635664766
-0.7868934467233615	0.00019253412388375857	0.0003519810604397655
-0.7738869434717355	0.00019335467879910695	0.00034990767280540513
-0.7608804402201095	0.00019418063227238935	0.00034785327151098944
-0.7478739369684835	0.00019501203282323853	0.0003458176184960582
-0.7348674337168575	0.00019584892952895228	0.00034380047949478243
-0.7218609304652333	0.00019669137202815712	0.0003418016239803423
-0.7088544272136073	0.00019753941053624047	0.0003398208250815493
-0.6958479239619813	0.00019839309584124276	0.00033785785951034875
-0.6828414207103553	0.00019925247932828238	0.0003359125075053093
-0.6698349174587293	0.00020011761297489272	0.0003339845527449148
-0.6568284142071033	0.00020098854936134725	0.0003320737823072628
-0.6438219109554773	0.0002018653416796523	0.0003301799865734756
-0.6308154077038512	0.00020274804375408628	0.00032830295919761276
-0.6178089044522252	0.00020363671002932016	0.0003264424970204072
-0.604802401200601	0.000204531395597507	0.0003245984000221913
-0.591795897948975	0.00020543215619694966	0.0003227704712572832
-0.578789394697349	0.00020633904822220384	0.00032095851680424836
-0.565782891445723	0.00020725212874039833	0.00031916234569961954
-0.552776388194097	0.00020817145550100502	0.0003173817698892689
-0.539769884942471	0.00020909708692484763	0.00031561660417300796
-0.526763381690845	0.00021002908214584615	0.00031386666614963143
-0.513756878439219	0.00021096750100479955	0.00031213177617406274
-0.500750375187593	0.0002119124040492748	0.0003104117572960696
-0.487743871935967	0.00021286385256735763	0.0003087064352164104
-0.4747373686843428	0.00021382190858243444	0.00030701563823287703
-0.4617308654327168	0.00021478663486806937	0.00030533919720499014
-0.4487243621810908	0.00021575809496010567	0.0003036769454977106
-0.4357178589294648	0.0002167363531654365	0.0003020287189371418
-0.4227113556778388	0.0002177214745762157	0.0003003943557701172
-0.4097048524262128	0.0002187135250814043	0.0002987736966172383
-0.3966983491745868	0.0002197125713784276	0.00029716658443590394
-0.3836918459229608	0.00022071868097861547	0.00029557286446835196
-0.3706853426713348	0.00022173192223484683	0.00029399238421468077
-0.35767883941971057	0.00022275236433810797	0.00029242499337711614
-0.34467233616808457	0.00022378007733603322	0.0002908705438414705
-0.33166583291645857	0.00022481513215488746	0.00028932888961530345
-0.31865932966483257	0.00022585760059412596	0.0002877998868114906
-0.30565282641320657	0.00022690755535859086	0.00028628339359904054
-0.29264632316158057	0.00022796507006173083	0.0002847792701707874
-0.27963981990995457	0.00022903021923692535	0.000283287378703756
-0.26663331665832857	0.00023010307836224264	0.00028180758334273026
-0.25362681340670257	0.0002311837238677672	0.0002803397501396354
-0.24062031015507657	0.00023227223314958856	0.0002788837470415473
-0.22761380690345234	0.00023336868459289395	0.0002774394438447292
-0.21460730365182634	0.00023447315757363363	0.00027600671217098416
-0.20160080040020034	0.00023558573248516623	0.0002745854254454505
-0.18859429714857434	0.00023670649074869488	0.0002731754588388702
-0.17558779389694834	0.00023783551483635978	0.0002717766892621487
-0.16258129064532234	0.0002389728882792319	0.00027038899532982885
-0.14957478739369634	0.00024011869568552058	0.0002690122573303366
-0.13656828414207034	0.00024127302276422125	0.00026764635719489505
-0.12356178089044434	0.00024243595633099968	0.00026629117847853934
-0.11055527763882012	0.0002436075843392782	0.00026494660632891964
-0.09754877438719411	0.0002447879958883403	0.0002636125274468881
-0.08454227113556811	0.0002459772812474226	0.00026228883009205006
-0.07153576788394211	0.00024717553186792696	0.000260975404018815
-0.058529264632316114	0.00024838284040673564	0.0002596721404861668
-0.04552276138069011	0.0002495993007508579	0.00025837893220959085
-0.03251625812906411	0.00025082500802298124	0.0002570956733437546
-0.019509754877438112	0.00025206005861944103	0.0002558222594659654
-0.006503251625812112	0.000253304550217881	0.00025455858754253047
0.006503251625813888	0.0002545585818015672	0.0002533045559143243
0.019509754877438112	0.0002558222536781507	0.0002520600642719195
0.03251625812906411	0.00025709566751130897	0.0002508250136294965
0.04552276138069011	0.00025837892632862847	0.0002495993063121871
0.058529264632316114	0.0002596721345591302	0.00024838284592798576
0.07153576788394211	0.0002609753980455931	0.0002471755373435469
0.08454227113556811	0.00026228882406764686	0.0002459772866811871
0.09754877438719411	0.00026361252137474533	0.0002447880012824699
0.11055527763882012	0.0002649466002051515	0.00024360758969255158
0.12356178089044612	0.00026629117230736465	0.00024243596164075232
0.13656828414207034	0.0002676463509735383	0.00024127302803311768
0.14957478739369634	0.0002690122510563553	0.00024011870091544818
0.16258129064532234	0.00027038898900477726	0.00023897289346863637
0.17558779389694834	0.00027177668288558277	0.00023783551998513008
0.18859429714857434	0.0002731754524087915	0.00023670649585905146
0.20160080040020034	0.0002745854189636354	0.00023558573755488865
0.21460730365182634	0.0002760067056345461	0.00023447316260538642
0.22761380690345234	0.0002774394372524469	0.0002333686895881204
0.24062031015507834	0.0002788837403935318	0.00023227223810950992
0.25362681340670434	0.0002803397434386623	0.0002311837287896079
0.26663331665832857	0.00028180757658602396	0.00023010308324777906
0.27963981990995457	0.0002832873718895401	0.00022903022408693463
0.29264632316158057	0.00028477926329573133	0.0002279650748728823
0.30565282641320657	0.00028628338666525366	0.0002269075601362136
0.31865932966483257	0.0002877998798189729	0.0002258576053364436
0.33166583291645857	0.0002893288825646101	0.00022481513686101184
0.34467233616808457	0.00029087053672816054	0.0002237800820088509
0.35767883941971057	0.00029242498620285495	0.00022275236897439932
0.37068534267133657	0.00029399237697957936	0.00022173192683849763
0.3836918459229608	0.00029557285716907966	0.00022071868554895957
0.3966983491745868	0.0002971665770756804	0.0002197125759139107
0.4097048524262128	0.0002987736891940651	0.00021871352958668933
0.4227113556778388	0.00030039434827988654	0.00021772147904852712
0.4357178589294648	0.0003020287113795206	0.00021673635760510734
0.4487243621810908	0.00030367693787547445	0.0002157580993678021
0.4617308654327168	0.0003053391895151414	0.00021478663924423547
0.4747373686843428	0.0003070156304740834	0.00021382191292540487
0.4877438719359688	0.00030870642738822784	0.00021286385688101817
0.5007503751875948	0.0003104117493998304	0.000211912408331294
0.513756878439219	0.00031213176820776845	0.00021096750525539942
0.526763381690845	0.0003138666581118388	0.0002100290863689125
0.539769884942471	0.0003156165960603863	0.00020909709111760488
0.552776388194097	0.0003173817617042607	0.00020817145966123274
0.565782891445723	0.00031916233744111455	0.00020725213287731137
0.578789394697349	0.0003209585084728017	0.00020633905232703142
0.591795897948975	0.00032277046284956423	0.00020543216027091304
0.604802401200601	0.00032459839153531345	0.00020453139964660139
0.617808904452227	0.00032644248845714596	0.00020363671404921568
0.6308154077038512	0.00032830295055374936	0.00020274804774389477
0.6438219109554773	0.0003301799778515635	0.00020186534564492487
0.6568284142071033	0.00033207377349975253	0.00020098855329397924
0.6698349174587293	0.0003339845438607991	0.00020011761688365493
0.6828414207103553	0.00033591249853548444	0.00019925248321250866
0.6958479239619813	0.0003378578504577012	0.0001983930996989347
0.7088544272136073	0.00033982081594352564	0.00019753941436362332
0.7218609304652333	0.0003418016147560543	0.00019669137583200325
0.7348674337168593	0.000343800470183786	0.0001958489333069302
0.7478739369684853	0.00034581760909535575	0.00019501203657679156
0.7608804402201095	0.00034785326202135813	0.0001941806359977427
0.7738869434717355	0.0003499076632240694	0.00019335468249981336
0.7868934467233615	0.0003519810507658372	0.0001925341275582637
0.7998999499749875	0.0003540736665899047	0.0001917189232034655
0.8129064532266135	0.0003561857566044546	0.00019090902200236126
0.8259129564782395	0.00035831757073889747	0.0001901043770595745
0.8389194597298655	0.0003604693630572253	0.00018930494200686265
0.8519259629814915	0.0003626413918158544	0.00018851067098746288
0.8649324662331175	0.00036483391955299815	0.00018772151866441877
0.8779389694847417	0.0003670472131959146	0.00018693744020681358
0.8909454727363677	0.000369281544122968	0.00018615839127467115
0.9039519759879937	0.00037153718826543614	0.00018538432802472915
0.9169584792396197	0.00037381442621042815	0.00018461520710011392
0.9299649824912457	0.00037611354328426216	0.00018385098561901625
0.9429714857428717	0.00037843482966071207	0.00018309162117069455
0.9559779889944977	0.0003807785804463837	0.0001823370718145867
0.9689844922461237	0.00038314509580772427	0.00018158729606732038
0.9819909954977497	0.00038553468105584354	0.0001808422528973841
0.9949974987493757	0.00038794764676164384	0.00018010190172590423
1.008004002001	0.0003903843088722825	0.00017936620241243428
1.021010505252626	0.0003928449888197516	0.00017863511524596198
1.034017008504252	0.0003953300136386728	0.00017790860095678873
1.047023511755878	0.00039783971608298163	0.00017718662069199365
1.060030015007504	0.0004003744347589322	0.00017646913601943037
1.07303651825913	0.0004029345142386731	0.00017575610892095472
1.086043021510756	0.0004055203051981371	0.00017504750178198858
1.099049524762382	0.0004081321645428293	0.0001743432774000686
1.112056028014008	0.0004107704555551539	0.00017364339895886705
1.1250625312656322	0.00041343554801442917	0.00017294783004329073
1.1380690345172582	0.00041612781836442014	0.00017225653461694357
1.1510755377688842	0.0004188476498365734	0.0001715694770333398
1.1640820410205102	0.00042159543261766075	0.00017088662201936167
1.1770885442721362	0.00042437156399777187	0.00017020793467048545
1.1900950475237622	0.00042717644853162984	0.00016953338045944122
1.2031015507753882	0.00043001049818847115	0.00016886292521411939
1.2161080540270142	0.0004328741325453356	0.00016819653512167854
1.2291145572786402	0.00043576777893583607	0.0001675341767278793
1.2421210605302662	0.00043869187263700926	0.00016687581691687825
1.2551275637818904	0.00044164685704484175	0.0001662214229302128
1.2681340670335164	0.0004446331838670048	0.00016557096234537383
1.2811405702851424	0.0004476513133108151	0.0001649244030688113
1.2941470735367684	0.0004507017142770797	0.00016428171334847974
1.3071535767883944	0.0004537848645661535	0.00016364286175474252
1.3201600800400204	0.00045690125107777924	0.0001630078171852567
1.3331665832916464	0.0004600513700390163	0.00016237654885686847
1.3461730865432724	0.0004632357272085219	0.00016174902629473298
1.3591795897948984	0.00046645483810647814	0.000161125219345859
1.3721860930465226	0.00046970922824662864	0.00016050509816123437
1.3851925962981486	0.0004729994333787513	0.000159888633190719
1.3981990995497746	0.00047632599971692	0.00015927579519237067
1.4112056028014006	0.00047968948422072444	0.00015866655521312722
1.4242121060530266	0.00048309045481720325	0.00015806088460246226
1.4372186093046526	0.0004865294907052675	0.00015745875499062478
1.4502251125562786	0.0004900071825932883	0.00015686013829518952
1.4632316158079046	0.0004935241330094042	0.00015626500671916954
1.4762381190595306	0.0004970809565771894	0.00015567333274102424
1.4892446223111566	0.0005006782803126386	0.0001550850891188782
1.5022511255627808	0.0005043167439459095	0.00015450024887853075
1.5152576288144068	0.0005079970002214163	0.0001539187853166757
1.5282641320660328	0.0005117197152321173	0.0001533406719910202
1.5412706353176588	0.0005154855687495852	0.00015276588273249736
1.5542771385692848	0.0005192952545787222	0.00015219439161962
1.5672836418209108	0.0005231494809043724	0.00015162617299413483
1.5802901450725368	0.0005270489706621362	0.0001510612014449242
1.5932966483241628	0.0005309944619128482	0.00015049945181888624
1.6063031515757888	0.0005349867082391491	0.0001499408992005069
1.619309654827413	0.0005390264791343968	0.00014938551892540453
1.632316158079039	0.0005431145604286591	0.00014883328656745132
1.645322661330665	0.0005472517547113753	0.00014828417794021664
1.658329164582291	0.00055143888175746	0.0001477381690894175
1.671335667833917	0.0005556767790079187	0.00014719523629802556
1.684342171085543	0.0005599663020090517	0.0001466553560782735
1.697348674337169	0.0005643083249127212	0.00014611850516155211
1.710355177588795	0.0005687037409632945	0.00014558466051828312
1.723361680840421	0.000573153463024556	0.00014505379932694407
1.736368184092047	0.0005776584240853033	0.00014452589899549562
1.7493746873436713	0.000582219577834886	0.00014400093713917705
1.7623811905952973	0.0005868378992092138	0.00014347889160026828
1.7753876938469233	0.0005915143849708482	0.00014295974041844683
1.7883941970985493	0.0005962500543292837	0.00014244346185021683
1.8014007003501753	0.000601045949542578	0.00014193003436391294
1.8144072036018013	0.0006059031365690526	0.00014141943662115963
1.8274137068534273	0.0006108227057328719	0.0001409116474936356
1.8404202101050533	0.0006158057723979482	0.00014040664605086128
1.8534267133566793	0.0006208534776915853	0.0001399044115585335
1.8664332166083035	0.0006259669892207942	0.00013940492347719324
1.8794397198599295	0.0006311475018463408	0.00013890816146633345
1.8924462231115555	0.0006363962384507982	0.00013841410537107635
1.9054527263631815	0.0006417144507543382	0.0001379227352213963
1.9184592296148075	0.0006471034201513959	0.0001374340312433331
1.9314657328664335	0.0006525644585774204	0.0001369479738428936
1.9444722361180595	0.0006580989094052692	0.0001364645436027212
1.9574787393696855	0.0006637081483730212	0.000135983721293087
1.9704852426213115	0.0006693935845412113	0.00013550548786589456
1.9834917458729358	0.0006751566612962501	0.0001350298244376935
1.9964982491245618	0.0006809988573656112	0.00013455671230855337
2.0095047523761878	0.0006869216879016316	0.00013408613294485505
2.0225112556278138	0.0006929267055766353	0.00013361806798972697
2.0355177588794398	0.00069901550172069	0.00013315249924716888
2.0485242621310658	0.0007051897075284197	0.00013268940869859414
2.0615307653826918	0.0007114509952720338	0.00013222877847474113
2.0745372686343178	0.0007178010795771961	0.00013177059088731458
2.0875437718859438	0.0007242417187618422	0.00013131482839623398
2.1005502751375698	0.0007307747161899858	0.00013086147362084688
2.113556778389194	0.0007374019216978001	0.0001304105093482555
2.12656328164082	0.0007441252330826487	0.00012996191850889183
2.139569784892446	0.0007509465976209828	0.00012951568419727888
2.152576288144072	0.000757868013665508	0.0001290717896547111
2.165582791395698	0.0007648915323047456	0.00012863021827669296
2.178589294647324	0.0007720192590662256	0.00012819095360550037
2.19159579789895	0.0007792533557020587	0.00012775397933406651
2.204602301150576	0.0007865960420522233	0.00012731927929632292
2.217608804402202	0.0007940495979505968	0.00012688683747119622
2.230615307653826	0.0008016163652539987	0.0001264566379876042
2.243621810905452	0.0008092987498866666	0.0001260286651072473
2.256628314157078	0.0008170992240338348	0.00012560290323770928
2.269634817408704	0.000825020328385162	0.0001251793369175802
2.28264132066033	0.0008330646744725279	0.00012475795082877994
2.295647823911956	0.0008412349471101921	0.00012433872978723226
2.308654327163582	0.0008495339069342078	0.00012392165874230976
2.321660830415208	0.0008579643930550773	0.00012350672277239294
2.334667333666834	0.0008665293257924533	0.00012309390709153156
2.34767383691846	0.0008752317095589435	0.00012268319704122899
2.3606803401700844	0.0008840746358478313	0.00012227457809133035
2.3736868434217104	0.0008930612863525811	0.00012186803583735806
2.3866933466733364	0.0009021949362053583	0.00012146355600328729
2.3996998499249624	0.0009114789573798632	0.00012106112443510675
2.4127063531765884	0.0009209168222278352	0.00012066072710459341
2.4257128564282144	0.0009305121071636613	0.00012026235009920949
2.4387193596798404	0.0009402684965239549	0.00011986597963209444
2.4517258629314664	0.0009501897865943354	0.00011947160203140683
2.4647323661830924	0.0009602798898048492	0.00011907920374887304
2.4777388694347167	0.0009705428391320048	0.00011868877134391109
2.4907453726863427	0.0009809827926875458	0.00011830029150106114
2.5037518759379687	0.0009916040385170577	0.00011791375101399826
2.5167583791895947	0.0010024109996217279	0.00011752913678897414
2.5297648824412207	0.0010134082392104782	0.00011714643584592732
2.5427713856928467	0.0010246004662042285	0.00011676563531237694
2.5557778889444727	0.0010359925409726412	0.00011638672243030612
2.5687843921960987	0.0010475894813855025	0.00011600968454628102
2.5817908954477247	0.0010593964691116842	0.00011563450911145079
2.5947973986993507	0.001071418856238071	0.00011526118369065141
2.607803901950975	0.001083662172204014	0.0001148896959523027
2.620810405202601	0.0010961321310849481	0.00011452003366019259
2.633816908454227	0.001108834639211853	0.00011415218469046362
2.646823411705853	0.0011217758031936143	0.00011378613701762408
2.659829914957479	0.0011349619383157483	0.0001134218787169905
2.672836418209105	0.0011483995773744482	0.00011305939796424358
2.685842921460731	0.0011620954799551608	0.00011269868303387387
2.698849424712357	0.0011760566421895602	0.00011233972229662825
2.711855927963983	0.0011902903070056814	0.00011198250422161937
2.724862431215607	0.0012048039749178452	0.00011162701737699177
2.737868934467233	0.0012196054153773561	0.00011127325041893066
2.750875437718859	0.0012347026787303816	0.00011092119209821227
2.763881940970485	0.0012501041088002207	0.0001105708312689746
2.776888444222111	0.0012658183561583547	0.00011022215686051773
2.789894947473737	0.001281854392096382	0.00010987515791305302
2.802901450725363	0.001298221523393095	0.00010952982353618079
2.815907953976989	0.0013149294078527163	0.00010918614294608275
2.828914457228615	0.0013319880707504117	0.00010884410543654521
2.841920960480241	0.0013494079221666455	0.0001085037003970557
2.8549274637318653	0.001367199775327843	0.0001081649172934851
2.8679339669834913	0.0013853748659721221	0.00010782774568729447
2.8809404702351173	0.0014039448728572212	0.00010749217522121324
2.8939469734867433	0.00142292193943927	0.00010715819562190365
2.9069534767383693	0.0014423186968383073	0.0001068257966972963
2.9199599799899953	0.0014621482881636005	0.00010649496834214123
2.9329664832416213	0.0014824243942925808	0.000106165700533567
2.9459729864932473	0.0015031612612114165	0.00010583798331964545
2.9589794897448733	0.0015243737290216997	0.00010551180684092998
2.9719859929964976	0.0015460772627321484	0.00010518716130836214
2.9849924962481236	0.001568287984989647	0.0001048640370215903
2.9979989994997496	0.00159102271083289	0.00010454242434421168
3.0110055027513773	0.001614298984684459	0.00010422231372875235
3.0240120060030016	0.0016381351196975702	0.00010390369570034697
3.037018509254626	0.0016625502396736547	0.0001035865608532971
3.0500250125062536	0.0016875643237062032	0.00010327089986572613
3.063031515757878	0.0017131982538013402	0.00010295670348681174
3.0760380190095056	0.0017394738656741904	0.00010264396253967245
3.08904452226113	0.001766414002977723	0.0001023326679157055
3.1020510255127576	0.0017940425752642764	0.00010202281058402374
3.115057528764382	0.001822384619942441	0.00010171438158346202
3.1280640320160096	0.0018514663685524901	0.00010140737201791428
3.141070535267634	0.001881315317764809	0.00010110177307121049
3.1540770385192616	0.0019119603054371659	0.0001007975759882429
3.167083541770886	0.0019434315921827983	0.00010049477208806668
3.18009004502251	0.0019757609489180483	0.00010019335275346375
3.193096548274138	0.0020089817508947005	9.989330943593888e-05
3.206103051525762	0.002043129078781236	9.959463365383225e-05
3.21910955477739	0.0020782398274538094	9.929731699231947e-05
3.232116058029014	0.002114352823097021	9.900135110130215e-05
3.245122561280642	0.002151508949466807	9.870672769529687e-05
3.258129064532266	0.0021897512840884925	9.841343855399032e-05
3.271135567783894	0.0022291252453294774	9.812147551668815e-05
3.284142071035518	0.0022696787513710737	9.783083049008656e-05
3.2971485742871423	0.0023114623922095845	9.754149544416446e-05
3.31015507753877	0.0023545296159489526	9.72534624118504e-05
3.3231615807903943	0.002398936930769424	9.696672347525581e-05
3.336168084042022	0.0024447441241194356	9.668127079287547e-05
3.3491745872936463	0.0024920145009179606	9.639709657482953e-05
3.362181090545274	0.0025408151426045134	9.611419309119018e-05
3.3751875937968983	0.002591217189290007	9.583255267109347e-05
3.388194097048526	0.0026432961473809025	9.555216770940067e-05
3.4012006003001503	0.0026971322253876995	9.527303064671422e-05
3.4142071035517745	0.0027528107009692215	9.499513399191528e-05
3.4272136068034023	0.002810422322663153	9.471847030151359e-05
3.4402201100550265	0.0028700637501141157	9.444303219496852e-05
3.4532266133066543	0.0029318380372163055	9.416881234625141e-05
3.4662331165582785	0.0029958551630305807	9.389580348329041e-05
3.4792396198099063	0.003062232616124816	9.362399838841462e-05
3.4922461230615305	0.0031310960386450315	9.335338990335007e-05
3.5052526263131583	0.003202579937302996	9.308397091389864e-05
3.5182591295647825	0.0032768284695565697	9.281573436881185e-05
3.5312656328164067	0.003353996314312657	9.254867326091709e-05
3.5442721360680345	0.0034342496379103915	9.228278064676854e-05
3.5572786393196587	0.003517767167731556	9.201804962344351e-05
3.5702851425712865	0.0036047413875722745	9.175447334730524e-05
3.5832916458229107	0.0036953798711313324	9.149204502234554e-05
3.5962981490745385	0.003789906772485252	9.123075789907453e-05
3.6093046523261627	0.0038885644953982057	9.097060529006384e-05
3.6223111555777905	0.003991615566907858	9.071158054152484e-05
3.6353176588294147	0.004099344744695088	9.0453677059954e-05
3.648324162081039	0.004212061392878996	9.019688829958739e-05
3.6613306653326667	0.004330102166633987	8.994120776018022e-05
3.674337168584291	0.0044538340532732645	8.968662898767299e-05
3.6873436718359187	0.004583657825845799	8.943314558229609e-05
3.700350175087543	0.004720011975568594	8.918075118224955e-05
3.7133566783391707	0.004863377201904662	8.892943947924614e-05
3.726363181590795	0.0050142815539657715	8.867920420907449e-05
3.7393696848424227	0.005173306335481742	8.843003915359748e-05
3.752376188094047	0.005341092907829248	8.818193813620034e-05
3.7653826913456747	0.005518350553417206	8.793489502978424e-05
3.778389194597299	0.005705865595588944	8.768890375421279e-05
3.791395697848923	0.005904512013761631	8.744395826632001e-05
3.804402201100551	0.006115263845094421	8.720005257112362e-05
3.817408704352175	0.006339209730222728	8.695718071549674e-05
3.830415207603803	0.006577570043969305	8.67153367891671e-05
3.843421710855427	0.006831717157608996	8.647451492826974e-05
3.856428214107055	0.007103199514165048	8.62347093046889e-05
3.869434717358679	0.007393770370996311	8.599591413893659e-05
3.882441220610307	0.007705422287602071	8.575812368827318e-05
3.895447723861931	0.008040428726930893	8.552133225103731e-05
3.9084542271135554	0.008401394519130356	8.528553417141982e-05
3.921460730365183	0.008791317438985424	8.505072382880563e-05
3.9344672336168074	0.009213663816457385	8.4816895644102e-05
3.947473736868435	0.009672461996003134	8.458404407907238e-05
3.9604802401200594	0.01017241867321328	8.435216363678055e-05
3.973486743371687	0.010719064793693556	8.412124885237571e-05
3.9864932466233114	0.011318939983096077	8.389129430597109e-05
3.999499749874939	0.011979827658776365	8.366229461476138e-05
4.012506253126563	0.01271105745304213	8.343424443357783e-05
4.025512756378188	0.013523897954902053	8.320713845744176e-05
4.038519259629815	0.014432071961880233	8.298097141090643e-05
4.05152576288144	0.015452439822036257	8.275573806659775e-05
4.064532266133067	0.016605916205832072	8.253143322733969e-05
4.077538769384692	0.017918715178929512	8.230805172937394e-05
4.090545272636319	0.019424063137390646	8.208558845546055e-05
4.103551775887944	0.02116458761063922	8.186403831156319e-05
4.116558279139571	0.02319569588023318	8.164339625260641e-05
4.129564782391196	0.025590422649948374	8.142365725827272e-05
4.14257128564282	0.028446484553063422	8.12048163475465e-05
4.155577788894448	0.031896680587568005	8.098686857049842e-05
4.168584292146072	0.036124382335511074	8.076980902238518e-05
4.1815907953977	0.04138669754527469	8.05536328168932e-05
4.194597298649324	0.04804879284756991	8.033833511200683e-05
4.207603801900952	0.05663281466577952	8.012391109613048e-05
4.220610305152576	0.0678798838450122	7.9910355994528e-05
4.233616808404204	0.08280038003424262	7.969766505389053e-05
4.246623311655828	0.10260720362935294	7.948583357397787e-05
4.259629814907456	0.12820687570604417	7.927485686365365e-05
4.27263631815908	0.15857025234138755	7.906473028040928e-05
4.285642821410704	0.18780103062692566	7.885544920915866e-05
4.298649324662332	0.2048671313228625	7.864700906390354e-05
4.311655827913956	0.20287575023551285	7.843940529339566e-05
4.324662331165584	0.18822138707999847	7.823263337469744e-05
4.337668834417208	0.17322979774773706	7.802668881362607e-05
4.350675337668836	0.1658987872096218	7.782156715419042e-05
4.36368184092046	0.16916805506477706	7.761726396615654e-05
4.376688344172088	0.1833154940695182	7.741377484904444e-05
4.389694847423712	0.20598121151045634	7.721109543235016e-05
4.402701350675336	0.2295789115259973	7.700922137376942e-05
4.415707853926964	0.24127235851112627	7.680814836430461e-05
4.428714357178588	0.23325361815882928	7.6607872119272e-05
4.441720860430216	0.21233110344962047	7.640838838973707e-05
4.45472736368184	0.1914251698001621	7.620969295041302e-05
4.467733866933468	0.17826915191174253	7.601178160188127e-05
4.480740370185092	0.1741494595720502	7.581465017869604e-05
4.49374687343672	0.17578081749537589	7.561829453617275e-05
4.506753376688344	0.17700494027618796	7.542271056881766e-05
4.5197598799399685	0.173595083275092	7.52278941862361e-05
4.532766383191596	0.16790737019589974	7.503384133589197e-05
4.5457728864432205	0.16561769449197894	7.484054798390094e-05
4.558779389694848	0.17026939540300723	7.46480101259106e-05
4.5717858929464725	0.18171323767165493	7.445622378743355e-05
4.5847923961981	0.19617999860844537	7.426518501474355e-05
4.5977988994497245	0.20855488238122843	7.407488988497857e-05
4.610805402701352	0.21832972729316946	7.388533450247703e-05
4.6238119059529765	0.230864568030835	7.369651499011809e-05
4.636818409204601	0.2500448508520353	7.350842749831443e-05
4.6498249124562285	0.27186229516227245	7.332106821544837e-05
4.662831415707853	0.28524190467854504	7.313443333667458e-05
4.6758379189594805	0.28218383234663047	7.294851909100952e-05
4.688844422211105	0.26672169763269005	7.276332173289379e-05
4.7018509254627325	0.2496321901059475	7.257883753952754e-05
4.714857428714357	0.23760548839252005	7.239506281264685e-05
4.7278639319659845	0.22998644758296005	7.221199387996702e-05
4.740870435217609	0.22414100955679483	7.202962708963145e-05
4.7538769384692365	0.22054644225455	7.184795881576278e-05
4.766883441720861	0.21956830141627226	7.16669854567975e-05
4.779889944972485	0.21723352916264438	7.148670343559704e-05
4.792896448224113	0.208489644067967	7.130710919178718e-05
4.805902951475737	0.19308509414146513	7.112819919530278e-05
4.818909454727365	0.17618309805887344	7.094996993772806e-05
4.831915957978989	0.1637101767681356	7.077241792763367e-05
4.844922461230617	0.15872451208691107	7.059553970523158e-05
4.857928964482241	0.1612703363771295	7.041933182327931e-05
4.870935467733869	0.1688091784413065	7.024379086717492e-05
4.883941970985493	0.17705944491469305	7.006891343330768e-05
4.896948474237117	0.18380586373911334	6.989469615070742e-05
4.909954977488745	0.19192378801347654	6.97211356589511e-05
4.922961480740369	0.20538647812940958	6.954822862903498e-05
4.935967983991997	0.22301962889088045	6.937597175027399e-05
4.948974487243621	0.23579645230452617	6.920436172686006e-05
4.961980990495249	0.23237305681578801	6.903339529162889e-05
4.974987493746873	0.2119627124508644	6.886306919751117e-05
4.987993996998501	0.18527535369000736	6.869338021320281e-05
5.001000500250125	0.16246078647207562	6.852432513071438e-05
5.014007003501749	0.1478135886209171	6.835590076847975e-05
5.027013506753377	0.1419964402045112	6.818810395514685e-05
5.040020010005001	0.14433425121378873	6.802093154245625e-05
5.053026513256629	0.1530734990822974	6.785438040535219e-05
5.066033016508253	0.16452004029171596	6.76884474337669e-05
5.079039519759881	0.17343271231340207	6.752312954616535e-05
5.092046023011505	0.1754826183859387	6.735842366623057e-05
5.105052526263133	0.16920520255501315	6.71943267486208e-05
5.118059029514757	0.15763719159747802	6.703083576309332e-05
5.131065532766382	0.14699069422796973	6.686794769972249e-05
5.144072036018009	0.14214266844141166	6.670565956468089e-05
5.157078539269634	0.14494790214581055	6.654396838401411e-05
5.170085042521261	0.15463756984667365	6.638287120575015e-05
5.183091545772886	0.16735521795360564	6.622236509146173e-05
5.196098049024513	0.17633812806663307	6.60624471212623e-05
5.209104552276138	0.17652327440956417	6.590311439902408e-05
5.2221110555277654	0.16893612670260694	6.574436404194195e-05
5.23511755877939	0.1569499347971447	6.5586193183087e-05
5.2481240620310174	0.14255897884326751	6.542859897717967e-05
5.261130565282642	0.12845331806649507	6.527157859848032e-05
5.274137068534266	0.1181053163889233	6.511512923335072e-05
5.287143571785894	0.11369868141023565	6.495924808591624e-05
5.300150075037518	0.11584688895889983	6.480393238417204e-05
5.313156578289146	0.12378095754277962	6.464917936421788e-05
5.32616308154077	0.1342710342325426	6.449498628602335e-05
5.339169584792398	0.14052656554089638	6.434135042532318e-05
5.352176088044022	0.13583742197384607	6.418826906806618e-05
5.36518259129565	0.12080314670530168	6.40357395254032e-05
5.378189094547274	0.10216011988365814	6.388375912136368e-05
5.391195597798898	0.08537525631631782	6.373232519585326e-05
5.404202101050526	0.07229147769085054	6.358143510409864e-05
5.41720860430215	0.06272803594815524	6.34310862205334e-05
5.430215107553778	0.05597359380932965	6.32812759335799e-05
5.443221610805402	0.051399668684054434	6.313200164720367e-05
5.45622811405703	0.048573513823179315	6.298326078313377e-05
5.469234617308654	0.047228978239030384	6.283505077531171e-05
5.482241120560282	0.04723042974417846	6.268736907610872e-05
5.495247623811906	0.0485765565754287	6.254021315343916e-05
5.50825412706353	0.05143386234683067	6.239358048876209e-05
5.521260630315158	0.05609820966171408	6.224746857796948e-05
5.534267133566782	0.06277593349398947	6.210187493604913e-05
5.54727363681841	0.07101628062820331	6.195679708942414e-05
5.560280140070034	0.07886609872891415	6.181223257994972e-05
5.573286643321662	0.08314287472337623	6.166817896569032e-05
5.586293146573286	0.08243912264966557	6.152463381703388e-05
5.599299649824914	0.07913211736306003	6.138159472246496e-05
5.612306153076538	0.07674982995705604	6.123905927968298e-05
5.625312656328163	0.07746514846796893	6.109702510503912e-05
5.63831915957979	0.08228564723621723	6.095548982731902e-05
5.651325662831415	0.09192525403427099	6.081445109173966e-05
5.664332166083042	0.10715755690756412	6.0673906554953305e-05
5.677338669334667	0.12836850188604898	6.053385388538057e-05
5.690345172586294	0.15386841055833012	6.039429077209224e-05
5.703351675837919	0.1773053186228496	6.025521491326291e-05
5.716358179089546	0.18877295850385523	6.011662401816942e-05
5.729364682341171	0.1841556109794188	5.9978515816849765e-05
5.742371185592798	0.17009215632099273	5.984088804522614e-05
5.755377688844423	0.15468117887384314	5.970373845731736e-05
5.768384192096047	0.14074127508619905	5.956706482124208e-05
5.781390695347675	0.12902178033465506	5.943086491311256e-05
5.794397198599299	0.12131213021837295	5.929513652458418e-05
5.807403701850927	0.11899635925794838	5.915987746585305e-05
5.820410205102551	0.12121286257454111	5.90250855492247e-05
5.833416708354179	0.12454691580376909	5.889075860932014e-05
5.846423211605803	0.12529929558453068	5.8756894485867406e-05
5.859429714857431	0.12350324123701018	5.8623491040465936e-05
5.872436218109055	0.12223451671332264	5.849054613749072e-05
5.885442721360679	0.12300241843927218	5.8358057657526e-05
5.898449224612307	0.12466219989953187	5.822602349425665e-05
5.911455727863931	0.12574353963339113	5.809444155546739e-05
5.924462231115559	0.12485532170792846	5.796330975771369e-05
5.937468734367183	0.11986051367671935	5.7832626031095735e-05
5.950475237618811	0.1096688963783925	5.770238831614982e-05
5.963481740870435	0.09582117209665941	5.757259456495856e-05
5.976488244122063	0.08155829415279392	5.7443242750143675e-05
5.989494747373687	0.06944669806359427	5.7314330841107264e-05
6.002501250625311	0.06034886159234765	5.7185856830566095e-05
6.015507753876939	0.05410357263997578	5.7057818717787256e-05
6.028514257128563	0.050314218453908266	5.69302145168038e-05
6.041520760380191	0.04868644972199543	5.680304224675581e-05
6.054527263631815	0.049114452804064124	5.6676299947433506e-05
6.067533766883443	0.05169600308393418	5.6549985661180635e-05
6.080540270135067	0.05672608904879395	5.6424097447660415e-05
6.093546773386695	0.06460957776389753	5.6298633371310025e-05
6.106553276638319	0.07542768497913643	5.6173591515440435e-05
6.1195597798899435	0.08778340070749202	5.6048969967248397e-05
6.132566283141571	0.09740377319788229	5.592476683180525e-05
6.1455727863931955	0.0986176038169112	5.580098021773505e-05
6.158579289644823	0.09018270104144566	5.567760824876089e-05
6.1715857928964475	0.07687710177910023	5.5554649055378214e-05
6.184592296148075	0.06386813179375228	5.543210078629013e-05
6.1975987993996995	0.0534142969963578	5.530996159486268e-05
6.210605302651327	0.045730255210004955	5.518822964156733e-05
6.2236118059029515	0.04034751968051875	5.506690310685958e-05
6.236618309154579	0.03674984063106679	5.494598017385943e-05
6.2496248124062035	0.03455131105447695	5.482545903745528e-05
6.262631315657828	0.03351349686250449	5.4705337904303875e-05
6.2756378189094555	0.033525785510442385	5.458561499094294e-05
6.28864432216108	0.034586829313977385	5.4466288522347917e-05
6.3016508254127075	0.036796935143017184	5.4347356739481434e-05
6.314657328664332	0.04034605645487144	5.4228817876089686e-05
6.3276638319159595	0.04541213724743254	5.411067020022475e-05
6.340670335167584	0.05181592574319416	5.3992911970612845e-05
6.3536768384192115	0.05839283156036923	5.387554146518703e-05
6.366683341670836	0.0628547816091527	5.37585569655441e-05
6.37968984492246	0.06364880750841317	5.364195676849093e-05
6.392696348174088	0.06204962945015613	5.352573917538628e-05
6.405702851425712	0.06079811495109766	5.3409902503132045e-05
6.41870935467734	0.06185756095617456	5.329444507040648e-05
6.431715857928964	0.06621726485597701	5.317936521087585e-05
6.444722361180592	0.07454434986988645	5.3064661266089e-05
6.457728864432216	0.08748350919772008	5.295033158403406e-05
6.470735367683844	0.10523899559487859	5.28363745232463e-05
6.483741870935468	0.12607130563882352	5.272278845802614e-05
6.496748374187092	0.14424500445546395	5.2609571757011864e-05
6.50975487743872	0.151669070331374	5.2496722815376096e-05
6.522761380690344	0.1459911309798687	5.238424002285136e-05
6.535767883941972	0.13334618566798084	5.227212178238183e-05
6.548774387193596	0.12013892217067856	5.2160366512010725e-05
6.561780890445224	0.10848610058531549	5.204897262656161e-05
6.574787393696848	0.0990922526674134	5.193793855973183e-05
6.587793896948476	0.0932818555867111	5.182726275620997e-05
6.6008004002001	0.09187270202247311	5.171694364913826e-05
6.613806903451724	0.09402757271828832	5.160697970441053e-05
6.626813406703352	0.09707761428139361	5.1497369383812774e-05
6.639819909954976	0.0981757715494237	5.138811115923403e-05
6.652826413206604	0.09713454210936068	5.127920351066795e-05
6.665832916458228	0.09573149077187026	5.117064492921042e-05
6.678839419709856	0.09481201454001909	5.1062433909176974e-05
6.69184592296148	0.09429146532595944	5.0954568958649915e-05
6.704852426213108	0.0936371108833477	5.0847048589708344e-05
6.717858929464732	0.09089647319897276	5.073987132286906e-05
6.73086543271636	0.08412620280003658	5.063303569052824e-05
6.743871935967984	0.07423176875346171	5.052654022263958e-05
6.756878439219609	0.06410366015173674	5.0420383474913955e-05
6.769884942471236	0.055860667634412775	5.031456399362533e-05
6.782891445722861	0.05015977163129304	5.020908034125693e-05
6.795897948974488	0.046925627507038103	5.010393108451083e-05
6.808904452226113	0.04597353671767168	4.9999114804410993e-05
6.82191095547774	0.047265735984048596	4.989463007865069e-05
6.834917458729365	0.05096425541261884	4.9790475502908826e-05
6.847923961980992	0.0573341771109136	4.968664967519576e-05
6.860930465232617	0.06634501132051718	4.958315119996115e-05
6.873936968484241	0.0766871058053974	4.9479978694977333e-05
6.886943471735869	0.08463375558382824	4.93771307777946e-05
6.899949974987493	0.08544490111397252	4.927460607817569e-05
6.912956478239121	0.0782915098168816	4.9172403232211614e-05
6.925962981490745	0.06727363424845234	4.9070520884209046e-05
6.938969484742373	0.05662990747226038	4.8968957682804515e-05
6.951975987993997	0.04817375814881342	4.8867712285294296e-05
6.964982491245625	0.04206466642728823	4.8766783356746224e-05
6.977988994497249	0.03792892208687748	4.866616956777925e-05
6.990995497748873	0.03540239722985494	4.85658696013358e-05
7.004002001000501	0.034258459444725164	4.846588213780478e-05
7.017008504252125	0.03439652898938983	4.8366205873784374e-05
7.030015007503753	0.03582147494928978	4.826683950509558e-05
7.043021510755377	0.038596986784381615	4.8167781738772675e-05
7.056028014007005	0.04270936890121968	4.806903129062068e-05
7.069034517258629	0.047792835921526056	4.797058687799893e-05
7.082041020510257	0.05283139965891093	4.787244722603834e-05
7.095047523761881	0.056390226953425104	4.777461107186021e-05
7.108054027013505	0.057965968947219726	4.7677077153363e-05
7.121060530265133	0.058930776959993936	4.757984421543959e-05
7.134067033516757	0.06132513309323573	4.748291101308588e-05
7.147073536768385	0.06663181823398567	4.738627630518355e-05
7.160080040020009	0.075743655768306	4.72899388547221e-05
7.173086543271637	0.0887974815374788	4.719389744134439e-05
7.186093046523261	0.10399575791021776	4.70981508339241e-05
7.199099549774889	0.11612014329981923	4.700269782631494e-05
7.212106053026513	0.1185759268706108	4.6907537204932126e-05
7.2251125562781375	0.1103422650048973	4.681266776995763e-05
7.238119059529765	0.09739823373479506	4.6718088322017515e-05
7.2511255627813895	0.0859528018181559	4.6623797673839285e-05
7.264132066033017	0.07876181061498444	4.6529794640037814e-05
7.2771385692846415	0.07603997178267485	4.643607804111216e-05
7.290145072536269	0.0766234580536933	4.634264670977384e-05
7.3031515757878935	0.07849061619442577	4.624949947840129e-05
7.316158079039521	0.07963642518983582	4.615663518614532e-05
7.3291645822911455	0.07876079098188693	4.6064052680483414e-05
7.342171085542773	0.0754843258455129	4.597175081233473e-05
7.3551775887943975	0.07114290013902946	4.5879728442055345e-05
7.368184092046022	0.06811177047448025	4.578798443077847e-05
7.3811905952976495	0.06808664274753151	4.569651764951832e-05
7.394197098549274	0.07162139680297919	4.5605326975062255e-05
7.4072036018009015	0.07815617782298145	4.551441128641809e-05
7.420210105052526	0.08564727746436118	4.5423769471364395e-05
7.4332166083041535	0.09083403301035242	4.533340042345291e-05
7.446223111555778	0.09151730648638201	4.524330303901092e-05
7.4592296148074055	0.08883401793067236	4.5153476221915234e-05
7.47223611805903	0.08576278666200221	4.5063918886700804e-05
7.485242621310654	0.08357194389204803	4.497462993846568e-05
7.498249124562282	0.08086682890756836	4.488560830506749e-05
7.511255627813906	0.07582968564306602	4.479685291003399e-05
7.524262131065534	0.06857024240238763	4.4708362686662895e-05
7.537268634317158	0.06083558852720461	4.462013657002828e-05
7.550275137568786	0.05433267920339646	4.453217350020022e-05
7.56328164082041	0.04986952135451783	4.444447242901717e-05
7.576288144072038	0.04757443105980519	4.435703230221133e-05
7.589294647323662	0.04741639222615557	4.426985208416667e-05
7.602301150575286	0.04946034762675622	4.4182930736713644e-05
7.615307653826914	0.05382860914135423	4.40962672306755e-05
7.628314157078538	0.06042306058079472	4.400986052921496e-05
7.641320660330166	0.06831399043929076	4.3923709622140095e-05
7.65432716358179	0.0752673670644789	4.3837813490821276e-05
7.667333666833418	0.07908220870939298	4.375217111962648e-05
7.680340170085042	0.08032801699177328	4.366678150680148e-05
7.69334667333667	0.08198891721452273	4.358164364925976e-05
7.706353176588294	0.08628574905218789	4.34967565522415e-05
7.719359679839918	0.09288357560675575	4.3412119222874246e-05
7.732366183091546	0.0991920672802441	4.332773067727835e-05
7.74537268634317	0.10264664591891226	4.324358993113009e-05
7.758379189594798	0.10284743011197472	4.3159696012540216e-05
7.771385692846422	0.10015197079340221	4.307604794173692e-05
7.78439219609805	0.09404924211215826	4.2992644758932386e-05
7.7973986993496744	0.08471795810498683	4.290948550356166e-05
7.810405202601302	0.0739966151563809	4.282656921161809e-05
7.8234117058529264	0.06418279550771744	4.274389493508224e-05
7.836418209104554	0.05665531764482956	4.2661461725379546e-05
7.8494247123561784	0.05171697065254177	4.2579268638820444e-05
7.862431215607803	0.049181268788166976	4.249731473671137e-05
7.8754377188594304	0.048830988609509185	4.241559908679804e-05
7.888444222111055	0.05059928156521798	4.233412075682619e-05
7.9014507253626824	0.05459971955851073	4.225287882220208e-05
7.914457228614307	0.0610725141973083	4.21718723644382e-05
7.9274637318659344	0.07025429722323018	4.209110046882181e-05
7.940470235117559	0.08213797215239216	4.201056222230548e-05
7.9534767383691864	0.09584169028789302	4.1930256717059855e-05
7.966483241620811	0.10849337523473424	4.18501830529161e-05
7.979489744872435	0.11591209230422028	4.177034033203686e-05
7.992496248124063	0.11721026777932575	4.169072765514148e-05
8.005502751375687	0.11674322639543233	4.1611344141379014e-05
8.018509254627315	0.1192575398275253	4.1532188901238776e-05
8.031515757878939	0.12565181532036906	4.145326105320368e-05
8.044522261130567	0.13229701392392945	4.13745597219739e-05
8.057528764382191	0.13380664732034464	4.129608403680152e-05
8.070535267633819	0.1288260516387758	4.1217833128270875e-05
8.083541770885443	0.12081993592649853	4.113980613240642e-05
8.096548274137067	0.11300079918029216	4.1062002188674285e-05
8.109554777388695	0.10689484857551435	4.098442044664363e-05
8.12256128064032	0.10369105709760318	4.090706004944433e-05
8.135567783891947	0.10390750650116931	4.082992015108644e-05
8.148574287143571	0.10683906527462372	4.075299990990988e-05
8.161580790395199	0.11137322475082045	4.067629848958365e-05
8.174587293646823	0.11743799136293931	4.059981504866972e-05
8.187593796898451	0.12537987061111955	4.052354875749842e-05
8.200600300150075	0.13321678654189062	4.0447498793283465e-05
8.2136068034017	0.1366195958703359	4.037166433057404e-05
8.226613306653327	0.1338682971564359	4.029604454891533e-05
8.239619809904951	0.12848728377848517	4.0220638632737504e-05
8.25262631315658	0.1253119421302249	4.014544577413126e-05
8.265632816408203	0.12631797777078602	4.007046516285584e-05
8.278639319659831	0.12914628684653673	3.999569599544284e-05
8.291645822911455	0.1283076933837729	3.9921137473863944e-05
8.304652326163083	0.12062078532558751	3.984678880075698e-05
8.317658829414707	0.10906680476682007	3.97726491818684e-05
8.330665332666335	0.09843597063972842	3.969871783338075e-05
8.34367183591796	0.09039711107279591	3.962499396736874e-05
8.356678339169584	0.08351404265585116	3.955147680168025e-05
8.369684842421211	0.07607638181050136	3.947816556293393e-05
8.382691345672836	0.06842236119848244	3.940505947597206e-05
8.395697848924463	0.06220659391840655	3.933215776696919e-05
8.408704352176088	0.058622464772663085	3.9259459672869035e-05
8.421710855427715	0.05797426669115391	3.918696443283576e-05
8.43471735867934	0.05979585736836668	3.9114671285811475e-05
8.447723861930967	0.06258730375360744	3.9042579477621686e-05
8.460730365182592	0.06390282842134043	3.8970688249651e-05
8.473736868434216	0.06228218978443423	3.8898996860603496e-05
8.486743371685844	0.05905594436679995	3.882750456474238e-05
8.499749874937468	0.05678028596784612	3.8756210617885145e-05
8.512756378189096	0.05708301587055997	3.868511428306576e-05
8.52576288144072	0.060229783228034295	3.861421482476146e-05
8.538769384692348	0.06496907960308429	3.8543511515332085e-05
8.551775887943972	0.06820258360587761	3.847300362225248e-05
8.5647823911956	0.06652273790577845	3.840269042465483e-05
8.577788894447224	0.0597062399790671	3.833257120189337e-05
8.590795397698848	0.050758571170623656	3.826264523254519e-05
8.603801900950476	0.04248014812891987	3.8192911805290386e-05
8.6168084042021	0.03602107630149032	3.8123370207032714e-05
8.629814907453728	0.031504690274781866	3.805401973455691e-05
8.642821410705352	0.028720842881681752	3.7984859675210814e-05
8.65582791395698	0.027414401160466895	3.791588933821366e-05
8.668834417208604	0.02728026512432946	3.784710801757463e-05
8.681840920460232	0.027785847805142705	3.777851502340113e-05
8.694847423711856	0.028103247805143172	3.771010966224786e-05
8.70785392696348	0.02752650128145273	3.764189124533246e-05
8.720860430215108	0.025876825308342122	3.7573859090200834e-05
8.733866933466732	0.02331056680259469	3.7506012509291864e-05
8.74687343671836	0.020254682837351767	3.743835083103164e-05
8.759879939969984	0.017294595625119258	3.737087337418732e-05
8.772886443221612	0.01479397894525225	3.7303579468961345e-05
8.785892946473236	0.01282013021463313	3.723646844466799e-05
8.798899449724864	0.011301225955904437	3.716953963661673e-05
8.811905952976488	0.010134351379700868	3.710279237811864e-05
8.824912456228116	0.009214383065548226	3.703622601192169e-05
8.83791895947974	0.008442759974689573	3.696983988188407e-05
8.850925462731364	0.007754293285285985	3.6903633327645124e-05
8.863931965982992	0.007134833718945299	3.683760570272199e-05
8.876938469234616	0.006593476706675205	3.67717563591885e-05
8.889944972486244	0.00613217197584659	3.6706084648008286e-05
8.902951475737868	0.005742910330579609	3.664058993013697e-05
8.915957978989496	0.005414466989095423	3.657527156530893e-05
8.92896448224112	0.005135634945768408	3.651012891559002e-05
8.941970985492748	0.004894991163143514	3.6445161348375166e-05
8.954977488744372	0.00468078990741938	3.6380368230837234e-05
8.967983991995997	0.004483174163850578	3.6315748936366354e-05
8.980990495247624	0.004296264279215811	3.625130284179434e-05
8.993996998499249	0.0041173238426132075	3.61870293204003e-05
9.007003501750876	0.003945230300049896	3.6122927757786805e-05
9.0200100050025	0.003779885878151923	3.605899753356123e-05
9.033016508254128	0.003622274127240477	3.5995238033992294e-05
9.046023011505753	0.003473889803265462	3.593164864490461e-05
9.05902951475738	0.0033357672136609118	3.586822876666673e-05
9.072036018009005	0.003208154443054445	3.5804977786990655e-05
9.085042521260629	0.0030908456372865656	3.574189510058279e-05
9.098049024512257	0.0029832530137314794	3.567898011536119e-05
9.111055527763881	0.002884367172765079	3.561623222592125e-05
9.124062031015509	0.002792943766740885	3.555365084140227e-05
9.137068534267133	0.0027077084394254713	3.549123536750187e-05
9.15007503751876	0.0026276131654088264	3.54289852175782e-05
9.163081540770385	0.0025520655793276337	3.536689979977137e-05
9.176088044022013	0.0024807762087803997	3.530497853410086e-05
9.189094547273637	0.002413470988777644	3.5243220836145284e-05
9.202101050525261	0.002349824423481861	3.518162612858866e-05
9.215107553776889	0.0022895077964215638	3.512019383344889e-05
9.228114057028513	0.002232223195914318	3.5058923378517015e-05
9.241120560280141	0.002177711087183676	3.499781418769832e-05
9.254127063531765	0.002125746779626292	3.49368656969995e-05
9.267133566783393	0.0020761345759562344	3.48760773376533e-05
9.280140070035017	0.0020287024579281887	3.481544854722074e-05
9.293146573286645	0.00198329784876361	3.4754978761375455e-05
9.30615307653827	0.001939784339802686	3.4694667423673664e-05
9.319159579789897	0.0018980391580234457	3.46345139772275e-05
9.332166083041521	0.0018579511799358128	3.457451786836874e-05
9.345172586293145	0.0018194193471334774	3.45146785456496e-05
9.358179089544773	0.0017823513806488611	3.445499545573494e-05
9.371185592796397	0.001746662721433867	3.4395468057168976e-05
9.384192096048025	0.0017122756451615206	3.4336095803610966e-05
9.39719859929965	0.0016791185139378717	3.427687815371616e-05
9.410205102551277	0.001647125137261285	3.421781456580675e-05
9.423211605802901	0.0016162342215038095	3.415890450475523e-05
9.43621810905453	0.001586388892071633	3.410014743521206e-05
9.449224612306153	0.0015575362759228106	3.404154282293792e-05
9.462231115557778	0.001529627134718381	3.3983090141909145e-05
9.475237618809405	0.0015026155408518482	3.392478885910766e-05
9.48824412206103	0.0014764585900305383	3.3866638453616815e-05
9.501250625312657	0.0014511161452879229	3.380863839708148e-05
9.514257128564282	0.0014265506081330148	3.375078817435817e-05
9.52726363181591	0.0014027267133184251	3.369308726164366e-05
9.540270135067534	0.0013796113442117175	3.363553514512674e-05
9.553276638319161	0.0013571733662425256	3.357813130988596e-05
9.566283141570786	0.0013353834762982464	3.352087524510772e-05
9.57928964482241	0.0013142140661825952	3.3463766438091014e-05
9.592296148074038	0.0012936390985768265	3.3406804383684374e-05
9.605302651325662	0.0012736339941170627	3.334998857507099e-05
9.61830915457729	0.0012541755283910216	3.329331851098516e-05
9.631315657828914	0.0012352417378173053	3.323679368860688e-05
9.644322161080542	0.001216811833472553	3.31804136108893e-05
9.657328664332166	0.001198866122100961	3.3124177777899e-05
9.670335167583794	0.0011813859335624288	3.306808569936148e-05
9.683341670835418	0.0011643535541112637	3.3012136877896836e-05
9.696348174087042	0.0011477521649443378	3.2956330830336e-05
9.70935467733867	0.0011315657855351935	3.290066705796679e-05
9.722361180590294	0.001115779221298685	3.284514508339331e-05
9.735367683841922	0.0011003780152065712	3.278976442255832e-05
9.748374187093546	0.0010853484030044491	3.273452458607551e-05
9.761380690345174	0.0010706772716926327	3.267942510110089e-05
9.774387193596798	0.0010563521210316118	3.262446548624176e-05
9.787393696848426	0.0010423610277624507	3.256964526943129e-05
9.80040020010005	0.0010286926123629359	3.2514963972940514e-05
9.813406703351678	0.0010153360080892293	3.246042112625691e-05
9.826413206603302	0.0010022808321730192	3.2406016260311254e-05
9.839419709854926	0.0009895171589002771	3.2351748907921696e-05
9.852426213106554	0.000977035494567402	3.2297618600463096e-05
9.865432716358178	0.0009648267540256494	3.224362487574961e-05
9.878439219609806	0.0009528822387728786	3.218976727181744e-05
9.89144572286143	0.0009411936164714918	3.213604533147674e-05
9.904452226113058	0.0009297529017441297	3.2082458595095176e-05
9.917458729364682	0.0009185524381900567	3.2029006604594734e-05
9.93046523261631	0.0009075848815106591	3.197568890844771e-05
9.943471735867934	0.0008968431836982038	3.1922505054238215e-05
9.956478239119559	0.0008863205781403094	3.1869454590216506e-05
9.969484742371186	0.0008760105656546724	3.1816537070517015e-05
9.98249124562281	0.0008659069013572385	3.176375204849702e-05
9.995497748874438	0.0008560035822722245	3.171109907440517e-05
10.008504252126063	0.0008462948356913191	3.165857771247893e-05
10.02151075537769	0.0008367751081969077	3.160618751951727e-05
10.034517258629315	0.0008274390553032474	3.155392805664903e-05
10.047523761880942	0.0008182815316917225	3.150179888722349e-05
10.060530265132567	0.000809297581998325	3.144979957447891e-05
10.07353676838419	0.0008004824320850812	3.1397929684873205e-05
10.086543271635819	0.0007918314808239568	3.1346188790748464e-05
10.099549774887443	0.0007833402922979849	3.129457645578704e-05
10.11255627813907	0.0007750045884411527	3.124309225788213e-05
10.125562781390695	0.0007668202420666459	3.1191735769597884e-05
10.138569284642323	0.0007587832702550257	3.1140506563942516e-05
10.151575787893947	0.0007508898280913501	3.108940421936435e-05
10.164582291145575	0.0007431362027396915	3.103842831664316e-05
10.177588794397199	0.0007355188078057573	3.098757843511546e-05
10.190595297648823	0.0007280341779880573	3.093685415733738e-05
10.20360180090045	0.0007206789640149536	3.088625506864062e-05
10.216608304152075	0.0007134499278098616	3.083578075446791e-05
10.229614807403703	0.0007063439379277892	3.078543080081708e-05
10.242621310655327	0.0006993579651844994	3.073520480312286e-05
10.255627813906955	0.0006924890785168225	3.0685102344385484e-05
10.268634317158579	0.000685734441049024	3.063512302625693e-05
10.281640820410207	0.000679091306322932	3.058526643295867e-05
10.294647323661831	0.0006725570147324555	3.053553217058358e-05
10.307653826913459	0.0006661289901214174	3.0485919832012875e-05
10.320660330165083	0.0006598047365267146	3.0436429018787514e-05
10.333666833416707	0.0006535818350840161	3.038705933000596e-05
10.346673336668335	0.0006474579410824521	3.033781036798633e-05
10.35967983991996	0.0006414307811341002	3.0288681740930912e-05
10.372686343171587	0.0006354981504902435	3.0239673052712135e-05
10.385692846423211	0.0006296579104722033	3.0190783912642516e-05
10.398699349674839	0.000623907986014971	3.0142013926925948e-05
10.411705852926463	0.0006182463633177537	3.009336270831664e-05
10.424712356178091	0.0006126710876097619	3.0044829872122314e-05
10.437718859429715	0.0006071802609970423	2.9996415026545264e-05
10.45072536268134	0.0006017720404091209	2.9948117791889217e-05
10.463731865932967	0.0005964446356461206	2.9899937784017006e-05
10.476738369184591	0.0005911963074906046	2.9851874622788266e-05
10.48974487243622	0.0005860253659135672	2.98039279263973e-05
10.502751375687843	0.0005809301683391555	2.975609731936668e-05
10.515757878939471	0.0005759091180016496	2.970838242266627e-05
10.528764382191095	0.0005709606623621744	2.9660782864260327e-05
10.541770885442723	0.0005660832915896918	2.9613298267672228e-05
10.554777388694347	0.000561275537100836	2.9565928264752017e-05
10.567783891945972	0.0005565359701666939	2.95186724796892e-05
10.5807903951976	0.0005518632005668822	2.9471530550329028e-05
10.593796898449224	0.0005472558753171208	2.942450210441372e-05
10.606803401700851	0.0005427126774177893	2.9377586774570474e-05
10.619809904952476	0.0005382323246693188	2.933078420286339e-05
10.632816408204103	0.000533813568544983	2.928409402036536e-05
10.645822911455728	0.0005294551930841163	2.9237515867697184e-05
10.658829414707355	0.0005251560138378464	2.9191049385923762e-05
10.67183591795898	0.0005209148768686722	2.914469421422261e-05
10.684842421210604	0.0005167306577632536	2.9098449996434184e-05
10.697848924462232	0.000512602260701045	2.9052316377953247e-05
10.710855427713856	0.0005085286175660064	2.9006293004285588e-05
10.723861930965484	0.0005045086870502091	2.8960379520714952e-05
10.736868434217108	0.0005005414538507003	2.8914575578631307e-05
10.749874937468736	0.0004966259278408325	2.8868880823651466e-05
10.76288144072036	0.0004927611433142021	2.8823294913160602e-05
10.775887943971988	0.0004889461582249233	2.8777817493108593e-05
10.788894447223612	0.0004851800534835249	2.873244822509946e-05
10.801900950475236	0.00048146193224440914	2.8687186758635796e-05
10.814907453726864	0.00047779091925825856	2.8642032752657087e-05
10.827913956978488	0.0004741661602167824	2.859698586565873e-05
10.840920460230116	0.00047058682113665373	2.8552045757246347e-05
10.85392696348174	0.0004670520877516626	2.850721208769169e-05
10.866933466733368	0.00046356116494916666	2.8462484522928655e-05
10.879939969984992	0.0004601132762016569	2.841786272167468e-05
10.89294647323662	0.0004567076630275224	2.8373346349752637e-05
10.905952976488244	0.000453343584480681	2.8328935080645934e-05
10.918959479739872	0.0004500203166384331	2.828462857107361e-05
10.931965982991496	0.00044673715212795173	2.8240426497183613e-05
10.94497248624312	0.0004434933996421142	2.8196328529128678e-05
10.957978989494748	0.0004402883834999649	2.8152334334174967e-05
10.970985492746372	0.00043712144320773305	2.810844359024678e-05
10.983991995998	0.00043399193303050865	2.80646559677189e-05
10.996998499249624	0.0004308992215878993	2.8020971145847895e-05
11.010005002501252	0.00042784269145446086	2.7977388798450242e-05
11.023011505752876	0.0004248217387878839	2.7933908604005353e-05
11.036018009004504	0.0004218357729438571	2.7890530244656375e-05
11.049024512256128	0.0004188842161282347	2.7847253397106364e-05
11.062031015507753	0.0004159665030548654	2.78040777441646e-05
11.07503751875938	0.00041308208059731566	2.7761002972193083e-05
11.088044022011005	0.00041023040747323325	2.7718028760448377e-05
11.101050525262632	0.00040741095392871074	2.767515480073257e-05
11.114057028514257	0.00040462320143785924	2.7632380771858145e-05
11.127063531765884	0.00040186664239805214	2.7589706368846834e-05
11.140070035017509	0.0003991407798548119	2.7547131279725967e-05
11.153076538269136	0.00039644512722558645	2.750465519418821e-05
11.16608304152076	0.00039377920801864086	2.746227780259236e-05
11.179089544772385	0.0003911425555873649	2.7419998797961753e-05
11.192096048024013	0.0003885347128750327	2.73778178762063e-05
11.205102551275637	0.0003859552321674453	2.7335734730238315e-05
11.218109054527265	0.00038340367485534266	2.7293749060075534e-05
11.231115557778889	0.0003808796112176882	2.7251860559962537e-05
11.244122061030517	0.00037838262017797497	2.7210068932359555e-05
11.25712856428214	0.0003759122891060507	2.7168373872399343e-05
11.270135067533769	0.000373468213600181	2.7126775088426314e-05
11.283141570785393	0.000371049997284989	2.708527227435198e-05
11.296148074037017	0.0003686572516180542	2.7043865140186085e-05
11.309154577288645	0.00036628959569340314	2.7002553386168415e-05
11.322161080540269	0.0003639466560541038	2.696133672153156e-05
11.335167583791897	0.00036162806651895973	2.6920214852621527e-05
11.348174087043521	0.0003593334680042082	2.6879187487227618e-05
11.361180590295149	0.0003570625083468837	2.6838254330363576e-05
11.374187093546773	0.0003548148421520514	2.679741510003275e-05
11.3871935967984	0.0003525901306171697	2.6756669502137065e-05
11.400200100050025	0.00035038804138776136	2.6716017249128754e-05
11.413206603301653	0.0003482082484042026	2.667545805812299e-05
11.426213106553277	0.00034605043174251726	2.6634991643570416e-05
11.439219609804901	0.0003439142774892545	2.6594617720254732e-05
11.452226113056529	0.00034179947758450346	2.6554336001627377e-05
11.465232616308153	0.00033970572970531965	2.651414620991055e-05
11.478239119559781	0.0003376327371119592	2.6474048064217826e-05
11.491245622811405	0.0003355802085387438	2.6434041285439136e-05
11.504252126063033	0.00033354785805916887	2.6394125590689654e-05
11.517258629314657	0.00033153540496821954	2.6354300704745093e-05
11.530265132566285	0.00032954257366046846	2.6314566352492186e-05
11.54327163581791	0.00032756909352038566	2.6274922257374378e-05
11.556278139069533	0.00032561469880809657	2.6235368141391824e-05
11.569284642321161	0.0003236791285528007	2.6195903738979176e-05
11.582291145572785	0.0003217621264413051	2.6156528768916942e-05
11.595297648824413	0.00031986344071954775	2.6117242967083065e-05
11.608304152076037	0.0003179828240936766	2.6078046056143833e-05
11.621310655327665	0.00031612003363135077	2.6038937774086612e-05
11.63431715857929	0.00031427483065826767	2.599991784935085e-05
11.647323661830917	0.0003124469806794483	2.5960986011819287e-05
11.660330165082541	0.000310636253283314	2.5922142000700532e-05
11.673336668334166	0.0003088424220428765	2.588338554854186e-05
11.686343171585793	0.0003070652644521221	2.5844716389000766e-05
11.699349674837418	0.00030530456182087384	2.580613426017564e-05
11.712356178089045	0.00030356009920273763	2.5767638899387713e-05
11.72536268134067	0.0003018316653262687	2.5729230048288088e-05
11.738369184592298	0.0003001190524912767	2.569090744342084e-05
11.751375687843922	0.0002984220565271922	2.565267082910161e-05
11.76438219109555	0.00029674047668670767	2.561451994231856e-05
11.777388694347174	0.0002950741155974823	2.557645452760937e-05
11.790395197598798	0.00029342277918109616	2.5538474330177863e-05
11.803401700850426	0.00029178627659010026	2.550057909289638e-05
11.81640820410205	0.000290164420134742	2.546276856285612e-05
11.829414707353678	0.0002885570252295633	2.5425042485704985e-05
11.842421210605302	0.00028696391031879376	2.538740060886724e-05
11.85542771385693	0.00028538489682083945	2.5349842679545098e-05
11.868434217108554	0.00028381980906644344	2.5312368448937583e-05
11.881440720360182	0.00028226847423895585	2.5274977666911447e-05
11.894447223611806	0.00028073072232126517	2.523767008566491e-05
11.907453726863434	0.0002792063860307392	2.5200445454176545e-05
11.920460230115058	0.0002776953007799232	2.5163303528863423e-05
11.933466733366682	0.0002761973046042643	2.5126244062811942e-05
11.94647323661831	0.0002747122381291378	2.5089266812772237e-05
11.959479739869934	0.00027323994450167977	2.505237152949924e-05
11.972486243121562	0.0002717802693499305	2.501555797618238e-05
11.985492746373186	0.00027033306074430996	2.4978825904131696e-05
11.998499249624814	0.0002688981691210124	2.4942175075204354e-05
12.011505752876438	0.0002674754472730134	2.4905605249592178e-05
12.024512256128066	0.0002660647502700231	2.4869116185599616e-05
12.03751875937969	0.00026466593544882677	2.4832707647415297e-05
12.050525262631314	0.00026327886233401543	2.4796379393232648e-05
12.063531765882942	0.00026190339262011086	2.476013118779541e-05
12.076538269134566	0.0002605393901355946	2.472396279962208e-05
12.089544772386194	0.00025918672077074323	2.468787398679506e-05
12.102551275637818	0.0002578452524756303	2.4651864515723432e-05
12.115557778889446	0.0002565148551991747	2.4615934158478403e-05
12.12856428214107	0.00025519540085483516	2.4580082675251802e-05
12.141570785392698	0.0002538867632874142	2.4544309840335288e-05
12.154577288644322	0.00025258881824274937	2.4508615418250557e-05
12.167583791895947	0.0002513014433139782	2.44729991799586e-05
12.180590295147574	0.0002500245179327676	2.443746089964005e-05
12.193596798399199	0.0002487579233114712	2.4402000344592167e-05
12.206603301650826	0.0002475015424302507	2.4366617288662518e-05
12.21960980490245	0.0002462552599877821	2.4331311508696274e-05
12.232616308154078	0.00024501896238482423	2.4296082771768646e-05
12.245622811405703	0.00024379253767936593	2.4260930857500362e-05
12.25862931465733	0.00024257587557230398	2.422585554140433e-05
12.271635817908955	0.000241368867366476	2.4190856601213895e-05
12.284642321160579	0.00024017140593957098	2.4155933809888452e-05
12.297648824412207	0.00023898338572070355	2.4121086951711668e-05
12.31065532766383	0.00023780470265577502	2.408631580008702e-05
12.323661830915459	0.00023663525418871068	2.4051620138187957e-05
12.336668334167083	0.0002354749392287081	2.4016999745635204e-05
12.34967483741871	0.00023432365813014222	2.398245440493607e-05
12.362681340670335	0.00023318131266170106	2.394798389571129e-05
12.375687843921963	0.0002320478059851805	2.391358800346577e-05
12.388694347173587	0.00023092304262772867	2.3879266511261932e-05
12.401700850425215	0.00022980692846652495	2.3845019204826734e-05
12.414707353676839	0.00022869937069169843	2.381084586788873e-05
12.427713856928463	0.00022760027780366343	2.3776746284509542e-05
12.44072036018009	0.00022650955956626806	2.3742720246744398e-05
12.453726863431715	0.00022542712701123513	2.370876754076434e-05
12.466733366683343	0.00022435289239242096	2.367488795185224e-05
12.479739869934967	0.0002232867691814855	2.3641081273617637e-05
12.492746373186595	0.0002222286720473532	2.3607347294229974e-05
12.505752876438219	0.0002211785168241276	2.357368580607755e-05
12.518759379689847	0.00022013622050465198	2.354009659499834e-05
12.531765882941471	0.00021910170121419714	2.3506579458376642e-05
12.544772386193095	0.00021807487819169857	2.3473134188156664e-05
12.557778889444723	0.0002170556717778771	2.3439760579502256e-05
12.570785392696347	0.00021604400339403362	2.3406458423802512e-05
12.583791895947975	0.0002150397955206218	2.337322752088422e-05
12.5967983991996	0.00021404297168425845	2.3340067660582164e-05
12.609804902451227	0.00021305345644440088	2.3306978644499488e-05
12.622811405702851	0.00021207117537103137	2.3273960267577998e-05
12.635817908954479	0.0002110960550301133	2.3241012330532662e-05
12.648824412206103	0.00021012802297926125	2.3208134629637556e-05
12.661830915457728	0.00020916700772777297	2.3175326966495824e-05
12.674837418709355	0.0002082129387531717	2.3142589140490166e-05
12.68784392196098	0.00020726574646612317	2.310992095044817e-05
12.700850425212607	0.00020632536219866715	2.3077322203302053e-05
12.713856928464232	0.00020539171820521673	2.3044792697102245e-05
12.72686343171586	0.00020446474763013978	2.3012332236782562e-05
12.739869934967484	0.00020354438451342105	2.2979940626166595e-05
12.752876438219111	0.00020263056377167743	2.2947617671964515e-05
12.765882941470736	0.0002017232211842801	2.2915363174669245e-05
12.77888944472236	0.00020082229338180824	2.2883176942212202e-05
12.791895947973988	0.0001999277178549308	2.285105878330196e-05
12.804902451225612	0.0001990394329209888	2.2819008503205396e-05
12.81790895447724	0.00019815737772843622	2.2787025912407444e-05
12.830915457728864	0.0001972814922548416	2.275511081639703e-05
12.843921960980492	0.00019641171729023466	2.2723263025992146e-05
12.856928464232116	0.00019554799444398974	2.269148234979035e-05
12.869934967483744	0.00019469026613527785	2.2659768601607233e-05
12.882941470735368	0.00019383847559217848	2.2628121592038752e-05
12.895947973986996	0.00019299256686300392	2.259654113168086e-05
12.90895447723862	0.0001921524848113032	2.2565027033238927e-05
12.921960980490244	0.0001913181751330706	2.2533579111749802e-05
12.934967483741872	0.00019048958435818886	2.2502197178697614e-05
12.947973986993496	0.0001896666598847352	2.2470881051117608e-05
12.960980490245124	0.00018884934999241487	2.243963054404663e-05
12.973986993496748	0.0001880376038904119	2.2408445471744365e-05
12.986993496748376	0.00018723137174747606	2.2377325655686953e-05
13.0	0.0001864306047738573	2.23462709082467e-05
NEXT_SITE