PARAMETERS	16	12.0	6.0	16	0	-99.610583913048
#OMEGA	VALUE
-13.0	2.2347321006921383e-05	0.0001863628211912216
-12.986993496748374	2.2378379164078588e-05	0.00018716533924367784
-12.973986993496748	2.2409502401510295e-05	0.00018797177266161036
-12.960980490245122	2.2440690904512728e-05	0.0001887811265827155
-12.947973986993496	2.247194485405224e-05	0.00018959407689655983
-12.934967483741872	2.2503264436868342e-05	0.00019041215757531482
-12.921960980490246	2.253464983725806e-05	0.00019123636541562572
-12.90895447723862	2.2566101237297964e-05	0.0001920669968032973
-12.895947973986994	2.2597618827724375e-05	0.00019290402709892795
-12.882941470735368	2.2629202793833514e-05	0.0001937473621184127
-12.869934967483742	2.266085331936729e-05	0.00019459692572731946
-12.856928464232116	2.269257059539509e-05	0.00019545267591314364
-12.84392196098049	2.2724354814207537e-05	0.00019631460016855673
-12.830915457728864	2.275620615799223e-05	0.00019718270770241464
-12.817908954477238	2.278812481892878e-05	0.00019805702294972694
-12.804902451225614	2.282011099230541e-05	0.0001989375809791083
-12.791895947973988	2.2852164864306523e-05	0.0001998244243605063
-12.778889444722362	2.288428662866604e-05	0.00020071760111373127
-12.765882941470736	2.291647647545414e-05	0.00020161716329114565
-12.75287643821911	2.2948734603289722e-05	0.0002025231660830462
-12.739869934967484	2.2981061201687858e-05	0.0002034356671666293
-12.726863431715858	2.30134564680462e-05	0.00020435472628543838
-12.713856928464232	2.3045920596098668e-05	0.00020528040494061095
-12.700850425212606	2.307845378457518e-05	0.00020621276619503526
-12.687843921960981	2.3111056226432503e-05	0.00020715187451203487
-12.674837418709355	2.3143728122509977e-05	0.00020809779566843822
-12.66183091545773	2.3176469669539124e-05	0.00020905059666720405
-12.648824412206103	2.3209281067138043e-05	0.00021001034570344856
-12.635817908954477	2.324216251559097e-05	0.00021097711212392234
-12.622811405702851	2.327511421396089e-05	0.00021195096641524191
-12.609804902451225	2.330813636597373e-05	0.00021293198019223247
-12.5967983991996	2.3341229167694877e-05	0.0002139202262122497
-12.583791895947973	2.337439282940057e-05	0.000214915778375957
-12.570785392696347	2.340762754693415e-05	0.0002159187117628525
-12.557778889444723	2.3440933531126973e-05	0.00021692910267545606
-12.544772386193097	2.3474310982707358e-05	0.00021794702867472537
-12.531765882941471	2.3507760107843723e-05	0.00021897256870229143
-12.518759379689845	2.354128111259346e-05	0.00022000580317005358
-12.505752876438219	2.3574874206566676e-05	0.0002210468141704558
-12.492746373186593	2.360853959360032e-05	0.00022209568573017258
-12.479739869934967	2.3642277484747787e-05	0.00022315250420767985
-12.466733366683341	2.3676088087620784e-05	0.00022421735881006377
-12.453726863431715	2.370997161349475e-05	0.00022529034208373933
-12.44072036018009	2.3743928274422288e-05	0.0002263715498452834
-12.427713856928465	2.3777958278792255e-05	0.00022746107834203944
-12.414707353676839	2.3812061841432808e-05	0.0002285590137280913
-12.401700850425213	2.38462391751737e-05	0.000229665408586599
-12.388694347173587	2.388049049351082e-05	0.00023078026479106395
-12.37568784392196	2.3914816009495965e-05	0.00023190358689739732
-12.362681340670335	2.3949215942065116e-05	0.00023303548387476614
-12.349674837418709	2.398369050371496e-05	0.00023417614932874642
-12.336668334167083	2.401823991338148e-05	0.00023532575750673246
-12.323661830915459	2.4052864388224293e-05	0.0002364844325699611
-12.310655327663833	2.4087564148067564e-05	0.00023765227207073192
-12.297648824412207	2.4122339412513405e-05	0.00023882936742070093
-12.28464232116058	2.4157190399498596e-05	0.00024001581200139288
-12.271635817908955	2.4192117330623653e-05	0.00024121170304103323
-12.258629314657329	2.4227120430486693e-05	0.00024241714161221672
-12.245622811405703	2.426219991669143e-05	0.00024363223220269514
-12.232616308154077	2.4297356018387894e-05	0.00024485708247801163
-12.21960980490245	2.4332588958508872e-05	0.0002460918031800263
-12.206603301650825	2.4367898955657274e-05	0.0002473365082961143
-12.1935967983992	2.4403286244645273e-05	0.00024859131537480206
-12.180590295147574	2.443875104607418e-05	0.0002498563457971059
-12.167583791895948	2.44742935924247e-05	0.0002511317242394062
-12.154577288644322	2.4509914110404374e-05	0.00025241757488414507
-12.141570785392696	2.4545612826942786e-05	0.000253714009301631
-12.12856428214107	2.458138997207815e-05	0.00025502110441533166
-12.115557778889444	2.4617245781399788e-05	0.0002563388994318849
-12.102551275637818	2.465318048050502e-05	0.00025766746392175133
-12.089544772386192	2.4689194309868157e-05	0.0002590069675771911
-12.076538269134566	2.4725287493754244e-05	0.00026035762649778693
-12.063531765882942	2.4761460274191904e-05	0.00026171962488774625
-12.050525262631316	2.479771288377286e-05	0.00026309310914029993
-12.03751875937969	2.4834045560306883e-05	0.00026447821014119466
-12.024512256128064	2.4870458534165252e-05	0.00026587505729047667
-12.011505752876438	2.490695205104032e-05	0.0002672837832865538
-11.998499249624812	2.4943526345855282e-05	0.00026870452500915576
-11.985492746373186	2.498018166274818e-05	0.00027013742325610046
-11.97248624312156	2.5016918236198116e-05	0.00027158262238557995
-11.959479739869934	2.505373631400687e-05	0.00027304027000418785
-11.94647323661831	2.5090636129432298e-05	0.0002745105168121542
-11.933466733366684	2.512761793405094e-05	0.0002759935165321803
-11.920460230115058	2.5164681969447322e-05	0.0002774894259558458
-11.907453726863432	2.5201828480758692e-05	0.000278998405068398
-11.894447223611806	2.523905771589785e-05	0.0002805206172584729
-11.88144072036018	2.5276369915783192e-05	0.0002820562295802187
-11.868434217108554	2.5313765334433747e-05	0.00028360541285321617
-11.855427713856928	2.535124422053947e-05	0.0002851683408943151
-11.842421210605302	2.5388806819459653e-05	0.0002867451870193216
-11.829414707353678	2.5426453383547987e-05	0.00028833611507550483
-11.816408204102052	2.546418416826679e-05	0.0002899412693707637
-11.803401700850426	2.5501999422195e-05	0.00029156078887182524
-11.7903951975988	2.553989940035084e-05	0.0002931948532569617
-11.777388694347174	2.5577884357308456e-05	0.0002948436910077401
-11.764382191095548	2.561595454642074e-05	0.0002965075346481605
-11.751375687843922	2.565411022337205e-05	0.0002981865974054365
-11.738369184592296	2.5692351652506495e-05	0.0002998810786526418
-11.72536268134067	2.5730679085511632e-05	0.0003015911675809946
-11.712356178089045	2.576909278284578e-05	0.0003033170382539252
-11.699349674837418	2.580759300796487e-05	0.0003050588562668599
-11.686343171585793	2.5846180018884723e-05	0.00030681681537025884
-11.673336668334167	2.588485407761798e-05	0.0003085911558849963
-11.660330165082541	2.5923615453060656e-05	0.0003103821306714716
-11.647323661830915	2.5962464400453023e-05	0.00031218997832194173
-11.63431715857929	2.6001401193798124e-05	0.0003140149265106196
-11.621310655327663	2.604042609355428e-05	0.00031585720144733376
-11.608304152076037	2.6079539367951377e-05	0.0003177170327647305
-11.595297648824411	2.6118741288327918e-05	0.00031959465500353
-11.582291145572785	2.6158032123690944e-05	0.0003214903078376796
-11.569284642321161	2.619741213949478e-05	0.00032340423598220536
-11.556278139069535	2.623688161318416e-05	0.00032533668909995317
-11.54327163581791	2.6276440813322033e-05	0.00032728792172442844
-11.530265132566283	2.631609001424451e-05	0.00032925819327145334
-11.517258629314657	2.63558294942845e-05	0.0003312477680548209
-11.504252126063031	2.6395659524336423e-05	0.00033325691536378876
-11.491245622811405	2.6435580381289903e-05	0.0003352859095266947
-11.47823911955978	2.6475592343255805e-05	0.0003373350300063249
-11.465232616308153	2.651569569089851e-05	0.0003394045615076058
-11.452226113056529	2.6555890704993423e-05	0.00034149479408873695
-11.439219609804903	2.659617766453959e-05	0.00034360602326655165
-11.426213106553277	2.663655684842503e-05	0.0003457385501511867
-11.413206603301651	2.6677028546195913e-05	0.0003478926815734251
-11.400200100050025	2.6717593037739462e-05	0.00035006873021603546
-11.387193596798399	2.6758250608494016e-05	0.0003522670147557694
-11.374187093546773	2.679900154645143e-05	0.00035448786000935595
-11.361180590295147	2.683984613993662e-05	0.0003567315970787188
-11.348174087043521	2.6880784675720193e-05	0.00035899856352283877
-11.335167583791897	2.692181744501365e-05	0.00036128910350963217
-11.32216108054027	2.6962944735808847e-05	0.0003636035680018024
-11.309154577288645	2.700416684220386e-05	0.00036594231494369023
-11.296148074037019	2.7045484057741653e-05	0.00036830570946588814
-11.283141570785393	2.7086896677186445e-05	0.0003706941241145012
-11.270135067533767	2.7128404994303246e-05	0.0003731079390955072
-11.25712856428214	2.717000930674285e-05	0.0003755475426040489
-11.244122061030515	2.7211709909380488e-05	0.00037801333117271074
-11.231115557778889	2.7253507105529096e-05	0.00038050571012526735
-11.218109054527265	2.7295401194393776e-05	0.0003830250941768698
-11.205102551275637	2.7337392475290656e-05	0.0003855719080863018
-11.192096048024013	2.737948124886813e-05	0.00038814658719754647
-11.179089544772387	2.742166782410127e-05	0.00039074957691631607
-11.16608304152076	2.7463952502637667e-05	0.0003933813283595322
-11.153076538269135	2.7506335590676834e-05	0.0003960422847858469
-11.140070035017509	2.754881739341908e-05	0.00039873285890712484
-11.127063531765883	2.759139822372525e-05	0.00040145343643915865
-11.114057028514257	2.7634078386351568e-05	0.0004042044541158196
-11.10105052526263	2.7676858198155685e-05	0.00040698646035097763
-11.088044022011005	2.7719737963782798e-05	0.0004098000480514674
-11.07503751875938	2.776271800108976e-05	0.00041264578168886956
-11.062031015507754	2.7805798624824796e-05	0.0004155241982919389
-11.049024512256128	2.7848980150069202e-05	0.0004184358305810987
-11.036018009004502	2.7892262891460184e-05	0.0004213812202595868
-11.023011505752876	2.7935647167742772e-05	0.00042436092249020785
-11.01000500250125	2.7979133302435955e-05	0.0004273755068414653
-10.996998499249624	2.8022721613840673e-05	0.0004304255572742388
-10.983991995997998	2.806641242414365e-05	0.0004335116720420862
-10.970985492746372	2.8110206051534803e-05	0.0004366344637017905
-10.957978989494748	2.8154102828303884e-05	0.00043979455923714994
-10.944972486243122	2.8198103075749437e-05	0.00044299260026781084
-10.931965982991496	2.824220712371872e-05	0.000446229243389773
-10.91895947973987	2.828641530072673e-05	0.0004495051604787026
-10.905952976488244	2.833072793639868e-05	0.0004528210391345766
-10.892946473236618	2.8375145356029918e-05	0.0004561775830986825
-10.879939969984992	2.8419667899570733e-05	0.00045957551274689035
-10.866933466733366	2.846429589609123e-05	0.00046301556560712775
-10.85392696348174	2.8509029682877163e-05	0.0004664984969467989
-10.840920460230116	2.8553869596659176e-05	0.000470025080412384
-10.827913956978488	2.8598815972946667e-05	0.0004735961087636298
-10.814907453726864	2.864386915335526e-05	0.00047721239470455146
-10.801900950475238	2.8689029478612404e-05	0.00048087477175651205
-10.788894447223612	2.873429728689203e-05	0.0004845840948870528
-10.775887943971986	2.8779672924139632e-05	0.0004883412399012688
-10.76288144072036	2.8825156732859014e-05	0.0004921470989673882
-10.749874937468734	2.887074906277043e-05	0.0004960025687459346
-10.736868434217108	2.8916450259042215e-05	0.000499908538153182
-10.723861930965484	2.8962260666620665e-05	0.0005038659108628218
-10.710855427713856	2.9008180643663728e-05	0.000507875667377311
-10.697848924462232	2.90542105371161e-05	0.00051193887071177
-10.684842421210606	2.910035069814132e-05	0.0005160566063800998
-10.67183591795898	2.9146601481344625e-05	0.0005202299558736412
-10.658829414707354	2.9192963247437476e-05	0.0005244600088839535
-10.645822911455728	2.9239436348582615e-05	0.0005287478774889109
-10.632816408204102	2.9286021147045815e-05	0.0005330947028122646
-10.619809904952476	2.9332718000985025e-05	0.0005375016574514779
-10.606803401700851	2.9379527272110906e-05	0.0005419699465145644
-10.593796898449224	2.942644932368843e-05	0.000546500808350614
-10.5807903951976	2.947348452175813e-05	0.0005510955153562591
-10.567783891945973	2.9520633231694404e-05	0.0005557553748761768
-10.554777388694347	2.956789581654018e-05	0.0005604817302471421
-10.541770885442721	2.961527265255004e-05	0.0005652759619154679
-10.528764382191095	2.966276410587554e-05	0.0005701394886322708
-10.51575787893947	2.971037054988468e-05	0.000575073768756984
-10.502751375687843	2.9758092357390353e-05	0.0005800803015890699
-10.489744872436217	2.980592990298181e-05	0.0005851606287993194
-10.476738369184591	2.9853883565467143e-05	0.0005903163359133323
-10.463731865932967	2.9901953721100938e-05	0.0005955490538633867
-10.450725362681341	2.9950140750911736e-05	0.0006008604606134726
-10.437718859429715	2.999844503448479e-05	0.0006062522828632622
-10.42471235617809	3.0046866954958062e-05	0.0006117262978212468
-10.411705852926463	3.009540689768997e-05	0.000617284335050261
-10.398699349674837	3.0144065250814478e-05	0.000622928278420587
-10.385692846423211	3.019284239724751e-05	0.0006286600681136845
-10.372686343171585	3.0241738728342682e-05	0.0006344817027620353
-10.35967983991996	3.029075463545361e-05	0.0006403952416458303
-10.346673336668335	3.0339890511599243e-05	0.0006464028070132244
-10.333666833416707	3.03891467481332e-05	0.0006525065864998458
-10.320660330165083	3.0438523742626344e-05	0.0006587088356755366
-10.307653826913457	3.0488021889985006e-05	0.0006650118806851291
-10.294647323661831	3.053764159288708e-05	0.000671418121037326
-10.281640820410205	3.058738324968058e-05	0.0006779300325083781
-10.268634317158579	3.063724726248829e-05	0.0006845501702170687
-10.255627813906953	3.0687234036319566e-05	0.0006912811718016165
-10.242621310655327	3.073734397507355e-05	0.0006981257607913127
-10.229614807403703	3.0787577485758e-05	0.000705086750134476
-10.216608304152075	3.083793498037668e-05	0.0007121670458912766
-10.20360180090045	3.088841686837984e-05	0.0007193696511184067
-10.190595297648825	3.093902355888467e-05	0.000726697669963583
-10.177588794397199	3.0989755468890934e-05	0.0007341543119411265
-10.164582291145573	3.10406130134e-05	0.0007417428964641148
-10.151575787893947	3.1091596612520256e-05	0.0007494668575686037
-10.13856928464232	3.1142706683251475e-05	0.000757329748930724
-10.125562781390695	3.1193943644591826e-05	0.0007653352491182597
-10.11255627813907	3.124530792197877e-05	0.0007734871671377652
-10.099549774887443	3.129679993885137e-05	0.0007817894482688992
-10.086543271635819	3.134842012408878e-05	0.0007902461802339333
-10.073536768384193	3.1400168903017445e-05	0.0007988615996938897
-10.060530265132567	3.14520467049606e-05	0.0008076400991028354
-10.04752376188094	3.1504053966457946e-05	0.0008165862339608587
-10.034517258629315	3.15561911147233e-05	0.000825704730460286
-10.021510755377689	3.160845858674044e-05	0.0008350004935848698
-10.008504252126063	3.1660856825821426e-05	0.000844478615668387
-9.995497748874437	3.171338626239972e-05	0.0008541443854497288
-9.98249124562281	3.1766047342673964e-05	0.0008640032976681145
-9.969484742371186	3.181884050840189e-05	0.0008740610632422818
-9.95647823911956	3.1871766203783736e-05	0.0008843236200216653
-9.943471735867934	3.192482487601733e-05	0.0008947971442433422
-9.930465232616308	3.197801697019109e-05	0.0009054880626611084
-9.917458729364682	3.203134294382792e-05	0.0009164030654327249
-9.904452226113056	3.20848032403509e-05	0.0009275491198403873
-9.89144572286143	3.2138398320724626e-05	0.0009389334848496356
-9.878439219609804	3.219212863969645e-05	0.0009505637266303824
-9.865432716358178	3.224599465379008e-05	0.0009624477350824723
-9.852426213106554	3.229999682330398e-05	0.000974593741454477
-9.839419709854928	3.235413561075706e-05	0.0009870103371221184
-9.826413206603302	3.240841147822415e-05	0.0009997064936526634
-9.813406703351676	3.2462824893664255e-05	0.0010126915842336714
-9.80040020010005	3.251737632581353e-05	0.0010259754065810034
-9.787393696848424	3.2572066241409736e-05	0.0010395682074607615
-9.774387193596798	3.262689511629446e-05	0.001053480708946175
-9.761380690345172	3.268186341964796e-05	0.001067724136571524
-9.748374187093546	3.273697163275191e-05	0.0010823102495260972
-9.735367683841922	3.279222022911643e-05	0.0010972513731046796
-9.722361180590294	3.284760969124445e-05	0.001112560433560339
-9.70935467733867	3.2903140498752315e-05	0.0011282509956497266
-9.696348174087044	3.2958813140693266e-05	0.001144337303023213
-9.683341670835418	3.3014628100236365e-05	0.0011608343218313388
-9.670335167583792	3.3070585865102586e-05	0.0011777577877648548
-9.657328664332166	3.3126686926343574e-05	0.001195124256906488
-9.64432216108054	3.318293177800857e-05	0.0012129511607531507
-9.631315657828914	3.323932091259252e-05	0.0012312568658225942
-9.61830915457729	3.3295854828918614e-05	0.001250060738332004
-9.605302651325662	3.335253402614313e-05	0.001269383214419828
-9.592296148074038	3.340935900075781e-05	0.0012892458765690895
-9.579289644822412	3.346633026446444e-05	0.0013096715368204892
-9.566283141570786	3.352344831453191e-05	0.0013306843275940894
-9.55327663831916	3.358071366543758e-05	0.001352309800902396
-9.540270135067534	3.363812682588563e-05	0.0013745750369823506
-9.527263631815908	3.3695688301915716e-05	0.0013975087633676386
-9.514257128564282	3.375339861644289e-05	0.001421141485747679
-9.501250625312656	3.3811258278948486e-05	0.001445505631975541
-9.48824412206103	3.386926781379085e-05	0.0014706357109300905
-9.475237618809405	3.392742773999924e-05	0.0014965684881329544
-9.46223111555778	3.3985738580266656e-05	0.0015233431803707287
-9.449224612306153	3.404420086161597e-05	0.0015510016718845998
-9.436218109054527	3.410281511206925e-05	0.0015795887552477739
-9.423211605802901	3.416158186098084e-05	0.001609152400474101
-9.410205102551275	3.422050164192392e-05	0.0016397440566752186
-9.39719859929965	3.427957499080314e-05	0.0016714189913891175
-9.384192096048023	3.433880244541054e-05	0.0017042366737306525
-9.371185592796397	3.4398184541539756e-05	0.001738261208891978
-9.358179089544773	3.445772182375517e-05	0.0017735618331891079
-9.345172586293147	3.451741483873061e-05	0.0018102134810762394
-9.332166083041521	3.4577264130253305e-05	0.0018482974384282924
-9.319159579789895	3.463727025132535e-05	0.00188790210029266
-9.30615307653827	3.469743375039691e-05	0.0019291238565728452
-9.293146573286643	3.4757755182357464e-05	0.001972068136248284
-9.280140070035017	3.481823510587123e-05	0.0020168506510348516
-9.267133566783391	3.487887407804813e-05	0.0020635988936399396
-9.254127063531765	3.493967266054998e-05	0.002112453966843786
-9.241120560280141	3.5000631416703953e-05	0.002163572850122475
-9.228114057028513	3.506175091705366e-05	0.0022171312553838085
-9.215107553776889	3.512303172892306e-05	0.0022733272880661737
-9.202101050525263	3.5184474422078615e-05	0.0023323862172826004
-9.189094547273637	3.524607957305914e-05	0.002394566754912675
-9.176088044022011	3.5307847757515276e-05	0.0024601692639770745
-9.163081540770385	3.5369779555760594e-05	0.0025295459389791386
-9.150075037518759	3.543187554910787e-05	0.002603111201608943
-9.137068534267133	3.5494136320868286e-05	0.0026813448449442
-9.124062031015509	3.5556562460237195e-05	0.002764768770173398
-9.111055527763881	3.561915455818632e-05	0.0028538800726098934
-9.098049024512257	3.568191320724168e-05	0.002949127696016518
-9.08504252126063	3.574483899870806e-05	0.0030511958749162016
-9.072036018009005	3.580793253299408e-05	0.0031614637063276385
-9.059029514757379	3.5871194410064255e-05	0.003281896639080961
-9.046023011505753	3.593462523610036e-05	0.0034144145346678423
-9.033016508254127	3.599822561173305e-05	0.0035601605137828285
-9.0200100050025	3.6061996149472364e-05	0.0037188313248351923
-9.007003501750876	3.612593746005199e-05	0.0038889874026147853
-8.993996998499249	3.619005015598198e-05	0.004069158125496686
-8.980990495247624	3.625433486165175e-05	0.004257506393082089
-8.967983991995997	3.631879218490841e-05	0.004451218243796462
-8.954977488744372	3.638342275724682e-05	0.004650266000703951
-8.941970985492746	3.6448227200169825e-05	0.004860585233219639
-8.92896448224112	3.651320614306286e-05	0.0050899297465645255
-8.915957978989494	3.657836021919714e-05	0.0053468284257824905
-8.902951475737868	3.664369005884627e-05	0.0056427142924986295
-8.889944972486244	3.6709196300055424e-05	0.005989115543306833
-8.876938469234616	3.6774879583978404e-05	0.006394971143034445
-8.863931965982992	3.6840740552435136e-05	0.006868887227636455
-8.850925462731364	3.690677985090929e-05	0.007426685086980966
-8.83791895947974	3.6972998129658485e-05	0.008097298689854537
-8.824912456228114	3.7039396038607286e-05	0.00891948283393651
-8.811905952976488	3.710597423345341e-05	0.009934740243077944
-8.798899449724862	3.717273337078275e-05	0.011179965189282104
-8.785892946473236	3.723967410873552e-05	0.012686735159018081
-8.772886443221612	3.730679711810847e-05	0.01450331497461177
-8.759879939969984	3.737410305915123e-05	0.016717185505969234
-8.74687343671836	3.744159260332669e-05	0.01943516732289996
-8.733866933466732	3.75092664224308e-05	0.02266331264862398
-8.720860430215108	3.757712519592005e-05	0.026039507312067833
-8.707853926963482	3.764516960058639e-05	0.02872760152018472
-8.694847423711856	3.771340031910597e-05	0.029921509631144705
-8.68184092046023	3.778181803582026e-05	0.029511976446505273
-8.668834417208604	3.785042344062184e-05	0.028201625517023543
-8.655827913956978	3.791921722273717e-05	0.027004784722757913
-8.642821410705352	3.798820008216186e-05	0.026617498625299163
-8.629814907453728	3.8057372713118376e-05	0.02734653216215499
-8.6168084042021	3.81267358159354e-05	0.02936054639503094
-8.603801900950476	3.8196290098380103e-05	0.03285906111195169
-8.59079539769885	3.826603626855274e-05	0.038115463735737376
-8.577788894447224	3.833597503455355e-05	0.04538360211690762
-8.564782391195598	3.840610711236536e-05	0.054551062301890885
-8.551775887943972	3.8476433223633144e-05	0.06445944825025751
-8.538769384692346	3.854695408356257e-05	0.0724438788248104
-8.52576288144072	3.8617670419349714e-05	0.07570972940976328
-8.512756378189096	3.868858296074418e-05	0.07420640609173945
-8.499749874937468	3.875969243560817e-05	0.07088672839389032
-8.486743371685844	3.883099958557068e-05	0.06883637756666894
-8.473736868434216	3.890250514104743e-05	0.06901384990485437
-8.460730365182592	3.897420984688704e-05	0.06989980404455876
-8.447723861930966	3.90461144501586e-05	0.06886613150691767
-8.43471735867934	3.911821969793117e-05	0.06511038823873616
-8.421710855427714	3.919052634182574e-05	0.06054978962108026
-8.408704352176088	3.926303513990259e-05	0.05743918422327299
-8.395697848924463	3.933574685177632e-05	0.05687682705453534
-8.382691345672836	3.940866223672845e-05	0.05904500593083428
-8.369684842421211	3.948178206647501e-05	0.06358610802773323
-8.356678339169584	3.955510710806909e-05	0.06983854085484653
-8.34367183591796	3.962863813611328e-05	0.07757505766286843
-8.330665332666333	3.970237593065029e-05	0.08761695432395478
-8.317658829414707	3.977632126805908e-05	0.10070443566933629
-8.304652326163081	3.985047493693106e-05	0.11538144588622401
-8.291645822911455	3.9924837725968665e-05	0.12709850974766257
-8.278639319659831	3.999941042542865e-05	0.1311707223482924
-8.265632816408203	4.007419383644795e-05	0.12832856550220006
-8.25262631315658	4.014918875527851e-05	0.12421076417621868
-8.239619809904951	4.022439598583283e-05	0.12366333833581356
-8.226613306653327	4.02998163370194e-05	0.12833351429515527
-8.213606803401701	4.0375450619856146e-05	0.13640011112264305
-8.200600300150075	4.04512996499129e-05	0.14257698594775348
-8.18759379689845	4.0527364250309006e-05	0.14161123680838994
-8.174587293646823	4.0603645240500086e-05	0.1336169120213816
-8.161580790395197	4.068014344837945e-05	0.12338336824553497
-8.148574287143571	4.075685970428289e-05	0.11527151492136467
-8.135567783891947	4.083379484587368e-05	0.11031150221978758
-8.12256128064032	4.091094971436782e-05	0.10707639583388295
-8.109554777388695	4.098832514842776e-05	0.10470347707713412
-8.096548274137069	4.106592199959458e-05	0.10410898525220413
-8.083541770885443	4.11437411153015e-05	0.10606387314615984
-8.070535267633817	4.122178335674853e-05	0.11022117975772483
-8.057528764382191	4.130004958047273e-05	0.11622974570581435
-8.044522261130565	4.1378540648451256e-05	0.1233480497223165
-8.031515757878939	4.145725743587292e-05	0.12876037301834586
-8.018509254627315	4.153620080971088e-05	0.12961777357407445
-8.005502751375687	4.1615371648151545e-05	0.12714928705107076
-7.992496248124062	4.169477083360018e-05	0.12471672725978156
-7.979489744872436	4.177439924757387e-05	0.12230427925098275
-7.966483241620811	4.185425778524543e-05	0.11608057930663696
-7.953476738369185	4.1934347336680666e-05	0.10397865585065802
-7.940470235117559	4.2014668800050003e-05	0.0889206585451906
-7.927463731865933	4.209522308096236e-05	0.07498079900964782
-7.914457228614307	4.217601108291724e-05	0.06409107028212346
-7.901450725362682	4.2257033722847837e-05	0.0564194708109238
-7.888444222111056	4.2338291914467696e-05	0.05153268917591958
-7.87543771885943	4.2419786575043084e-05	0.048992505560711996
-7.862431215607804	4.250151863571805e-05	0.04852570207666851
-7.8494247123561784	4.258348902208553e-05	0.0500246764205291
-7.8364182091045524	4.2665698672061936e-05	0.053515611093702065
-7.8234117058529264	4.2748148514681894e-05	0.05920474154676858
-7.8104052026013004	4.28308395091781e-05	0.06758099468371936
-7.7973986993496744	4.291377259313389e-05	0.07919030886979683
-7.784392196098049	4.2996948720674943e-05	0.09362310856922107
-7.771385692846423	4.3080368854808704e-05	0.10786683808526076
-7.758379189594797	4.316403395010493e-05	0.1161389767177411
-7.745372686343171	4.3247944980784325e-05	0.11423915062672307
-7.732366183091545	4.333210291551648e-05	0.1037398632835238
-7.71935967983992	4.3416508732296855e-05	0.08958826249625518
-7.706353176588294	4.350116341134136e-05	0.07617895912275541
-7.693346673336668	4.3586067941747686e-05	0.06579778332450126
-7.680340170085042	4.367122331305762e-05	0.05897203561259867
-7.667333666833416	4.375663052347267e-05	0.055494257028577465
-7.654327163581791	4.3842290571194376e-05	0.055091096839942066
-7.641320660330165	4.392820446708079e-05	0.057592838144795655
-7.628314157078539	4.4014373220879754e-05	0.06269201014691417
-7.615307653826913	4.4100797847779205e-05	0.06927716328109912
-7.602301150575288	4.418747937318113e-05	0.07480365714571335
-7.589294647323662	4.427441882115524e-05	0.07630535081776624
-7.576288144072036	4.4361617224542016e-05	0.07320433348334832
-7.56328164082041	4.444907561884648e-05	0.06805367145111474
-7.550275137568784	4.4536795051342004e-05	0.0639357316276431
-7.537268634317159	4.462477656530517e-05	0.06253264092393385
-7.524262131065533	4.471302121944465e-05	0.06433319051746333
-7.511255627813907	4.4801530063032224e-05	0.06912935407371901
-7.498249124562281	4.489030416898743e-05	0.07568255511443422
-7.485242621310655	4.4979344601459026e-05	0.08129226877676954
-7.47223611805903	4.506865243536495e-05	0.08327023840153724
-7.459229614807404	4.515822875506004e-05	0.08164401982144986
-7.446223111555778	4.524807464079128e-05	0.07865086273251543
-7.433216608304152	4.533819118746063e-05	0.0757732161397151
-7.420210105052526	4.542857948697243e-05	0.07294617229633027
-7.407203601800901	4.551924064921664e-05	0.07001696810553437
-7.394197098549275	4.561017577542348e-05	0.06782369140207944
-7.381190595297649	4.570138598081197e-05	0.06748217490187647
-7.368184092046023	4.579287238759555e-05	0.06919685233300987
-7.3551775887943975	4.5884636115212096e-05	0.07231464310072688
-7.3421710855427715	4.5976678301529184e-05	0.07624567411419747
-7.3291645822911455	4.6069000080306566e-05	0.0807060022499172
-7.3161580790395195	4.6161602592076356e-05	0.08522744002572324
-7.3031515757878935	4.6254486984476095e-05	0.08871183011108119
-7.290145072536268	4.63476544164676e-05	0.08979973305879052
-7.277138569284642	4.644110604445917e-05	0.08865892697418554
-7.264132066033016	4.653484303884792e-05	0.08739552993008837
-7.25112556278139	4.662886656670029e-05	0.08849647263154348
-7.238119059529764	4.6723177811403005e-05	0.09363300030915678
-7.225112556278139	4.681777795156883e-05	0.10267497677413895
-7.212106053026513	4.6912668182352846e-05	0.11231101581209568
-7.199099549774887	4.700784969779992e-05	0.11609577865879872
-7.186093046523261	4.710332370627679e-05	0.10956536151063256
-7.173086543271635	4.7199091408933747e-05	0.09552517159759344
-7.16008004002001	4.729515402945861e-05	0.08025071032455422
-7.147073536768384	4.739151278232434e-05	0.06766001341024996
-7.134067033516758	4.748816890176588e-05	0.058782759934452256
-7.121060530265132	4.758512362079692e-05	0.05335192543803824
-7.108054027013507	4.7682378178981466e-05	0.0507164558796942
-7.095047523761881	4.777993382587553e-05	0.049895288695575024
-7.082041020510255	4.787779181114615e-05	0.049344233244812186
-7.069034517258629	4.7975953403112115e-05	0.04747319416400253
-7.056028014007003	4.8074419865984375e-05	0.044044060444288546
-7.043021510755378	4.817319247207852e-05	0.04022492844819825
-7.030015007503752	4.827227250325805e-05	0.037150183441118756
-7.017008504252126	4.837166124982417e-05	0.03527835594806228
-7.0040020010005	4.8471360000412744e-05	0.03467030348531619
-6.990995497748874	4.857137006075707e-05	0.03533371428998788
-6.977988994497249	4.8671692739032935e-05	0.037379034723019844
-6.964982491245623	4.8772329347857024e-05	0.041055381988899464
-6.951975987993997	4.8873281212613584e-05	0.04674752701972662
-6.938969484742371	4.897454965768766e-05	0.054885515613242175
-6.925962981490746	4.907613602400662e-05	0.06555455067451599
-6.91295647823912	4.9178041651276594e-05	0.07749642285644365
-6.899949974987494	4.928026789219331e-05	0.08693997895532601
-6.886943471735868	4.9382816103671345e-05	0.08904339614251255
-6.873936968484242	4.9485687648842536e-05	0.0829950711513987
-6.860930465232617	4.958888390149685e-05	0.07308459047884974
-6.847923961980991	4.969240623897697e-05	0.06365804880502579
-6.834917458729365	4.979625605228133e-05	0.05641539575778953
-6.821910955477739	4.9900434732741417e-05	0.05146224999976934
-6.808904452226113	5.000494368334607e-05	0.048677736302148444
-6.7958979489744875	5.010978431263524e-05	0.04805315578346869
-6.7828914457228615	5.0214958039362934e-05	0.04957837812698107
-6.7698849424712355	5.032046628339337e-05	0.05318303821864212
-6.7568784392196095	5.042631048168822e-05	0.058749586542930166
-6.7438719359679835	5.053249207287447e-05	0.06610116904228658
-6.730865432716358	5.0639012504682945e-05	0.07464917633272916
-6.717858929464732	5.0745873229285365e-05	0.08276863232050391
-6.704852426213106	5.08530757150627e-05	0.08814640442569244
-6.69184592296148	5.096062143072899e-05	0.0901732233329201
-6.678839419709855	5.1068511856988685e-05	0.09104811118636025
-6.665832916458229	5.1176748480097345e-05	0.09312139410583453
-6.652826413206603	5.1285332797412764e-05	0.09660483304756617
-6.639819909954977	5.139426630906829e-05	0.09982364179573733
-6.626813406703351	5.150355053007427e-05	0.10051409211254392
-6.613806903451726	5.161318698077011e-05	0.09800772161390003
-6.6008004002001	5.172317718848962e-05	0.09472662712518787
-6.587793896948474	5.1833522687894096e-05	0.09405089518163523
-6.574787393696848	5.194422502530216e-05	0.09777968697058104
-6.561780890445222	5.205528575813467e-05	0.10575024410521172
-6.548774387193597	5.216670644370147e-05	0.11662664899715003
-6.535767883941971	5.227848865696494e-05	0.1293315967822315
-6.522761380690345	5.2390633975218925e-05	0.14260629412787285
-6.509754877438719	5.250314398663747e-05	0.15164018022093306
-6.496748374187093	5.26160202848347e-05	0.14914993114335573
-6.483741870935468	5.272926447930093e-05	0.1339505641457246
-6.470735367683842	5.284287818851929e-05	0.11307785755336042
-6.457728864432216	5.2956863031083934e-05	0.09371967031167339
-6.44472236118059	5.307122063724634e-05	0.07889521795796783
-6.431715857928965	5.3185952652134993e-05	0.06886741057555135
-6.418709354677339	5.3301060728427885e-05	0.06305175912312178
-6.405702851425713	5.341654652257777e-05	0.060796973289444556
-6.392696348174087	5.353241170091838e-05	0.06132864664376325
-6.379689844922461	5.364865795010054e-05	0.06316283602882689
-6.366683341670836	5.37652869504468e-05	0.0637186241697969
-6.35367683841921	5.3882300405150296e-05	0.06075891257727417
-6.340670335167584	5.399970001640497e-05	0.05474238938358167
-6.327663831915958	5.411748750316914e-05	0.048008171547542
-6.314657328664332	5.423566458928608e-05	0.04228026454878209
-6.301650825412707	5.4354233011588704e-05	0.03808563009007515
-6.288644322161081	5.447319451623578e-05	0.035350260819395074
-6.275637818909455	5.4592550858378885e-05	0.03387022018338137
-6.262631315657829	5.471230380027503e-05	0.03349407287043693
-6.249624812406203	5.48324551195023e-05	0.03417069440423248
-6.2366183091545775	5.4953006600411136e-05	0.03595972380150747
-6.2236118059029515	5.507396004067466e-05	0.039041043312128876
-6.2106053026513255	5.5195317241074626e-05	0.04373450157169523
-6.1975987993996995	5.531708001982327e-05	0.050513761772900234
-6.184592296148074	5.5439250200239876e-05	0.05991605967223157
-6.171585792896448	5.556182962340728e-05	0.07210868066925313
-6.158579289644822	5.5684820134516144e-05	0.0857716419363721
-6.145572786393196	5.580822358630666e-05	0.09670672349794807
-6.13256628314157	5.593204185094791e-05	0.09924023000703086
-6.119559779889945	5.605627680682623e-05	0.09204618667240583
-6.106553276638319	5.61809303399885e-05	0.07990052113545876
-6.093546773386693	5.630600435124755e-05	0.06807873471930403
-6.080540270135067	5.643150075451686e-05	0.058955630794141456
-6.067533766883441	5.6557421470260216e-05	0.05284113014903147
-6.054527263631816	5.668376842926648e-05	0.04936533821909206
-6.04152076038019	5.681054357897786e-05	0.04814069794202591
-6.028514257128564	5.6937748870056204e-05	0.048963176979010536
-6.015507753876938	5.706538627092694e-05	0.051852464367616924
-6.002501250625312	5.719345776167284e-05	0.05704817850792032
-5.989494747373687	5.732196532692857e-05	0.06495816768710394
-5.976488244122061	5.745091097320021e-05	0.07594419044745526
-5.963481740870435	5.7580296708326095e-05	0.08973222892115151
-5.950475237618809	5.771012455935143e-05	0.10453449509695334
-5.937468734367184	5.784039655754025e-05	0.11712902016130355
-5.924462231115558	5.7971114753030406e-05	0.12487176111282261
-5.911455727863932	5.8102281205063555e-05	0.1275009273560621
-5.898449224612306	5.823389798553791e-05	0.12682864546937656
-5.88544272136068	5.836596717834208e-05	0.12471927005433714
-5.872436218109055	5.8498490877467724e-05	0.12264250091479745
-5.859429714857429	5.8631471193004714e-05	0.12235816521740006
-5.846423211605803	5.876491024359165e-05	0.12399336576326514
-5.833416708354177	5.8898810160079584e-05	0.1248631287110662
-5.820410205102551	5.903317309308154e-05	0.12283668673100723
-5.807403701850926	5.916800119576404e-05	0.11993881935024808
-5.7943971985993	5.9303296641610714e-05	0.12013585094783563
-5.781390695347674	5.943906161287593e-05	0.12563545900715578
-5.768384192096048	5.957529830369346e-05	0.136034231649094
-5.755377688844422	5.971200892340711e-05	0.14944181085882158
-5.742371185592797	5.984919569812508e-05	0.16456508208555387
-5.729364682341171	5.998686085928462e-05	0.17985263806881524
-5.716358179089545	6.012500665875109e-05	0.18913746367241602
-5.703351675837919	6.026363535582835e-05	0.18388105435521096
-5.6903451725862935	6.040274922625155e-05	0.16382912956617135
-5.6773386693346675	6.054235055952262e-05	0.13803078433494442
-5.6643321660830415	6.068244165968739e-05	0.11475987690929168
-5.6513256628314155	6.082302484000657e-05	0.09719080860087181
-5.6383191595797895	6.096410243272565e-05	0.08543876776181958
-5.625312656328164	6.110567678185852e-05	0.07877681117867996
-5.612306153076538	6.124775024396456e-05	0.07648268224917765
-5.599299649824912	6.139032519181242e-05	0.07775729181232571
-5.586293146573286	6.153340401260365e-05	0.08100618661279269
-5.57328664332166	6.167698910830577e-05	0.08312825521940359
-5.560280140070035	6.182108289087829e-05	0.08085596020651853
-5.547273636818409	6.196568779293088e-05	0.07407453160132027
-5.534267133566783	6.211080625917464e-05	0.06572022025244095
-5.521260630315157	6.22564407428694e-05	0.05838888737029868
-5.508254127063532	6.240259372891632e-05	0.053013112483074054
-5.495247623811906	6.254926769611036e-05	0.049550513327445644
-5.48224112056028	6.26964651538886e-05	0.04770822222115656
-5.469234617308654	6.284418862123609e-05	0.04726843044462958
-5.456228114057028	6.299244063023846e-05	0.04816610504847185
-5.443221610805403	6.314122373518583e-05	0.05046035746574118
-5.430215107553777	6.329054049725169e-05	0.054350909404842995
-5.417208604302151	6.344039350181241e-05	0.06022779960722535
-5.404202101050525	6.359078534279305e-05	0.06866899070734578
-5.391195597798899	6.374171863310352e-05	0.08036675024084805
-5.378189094547274	6.38931960036393e-05	0.09579366384211463
-5.365182591295648	6.404522010006186e-05	0.11411912987231676
-5.352176088044022	6.419779358046718e-05	0.13133041065463558
-5.339169584792396	6.435091912571078e-05	0.14042947142661732
-5.32616308154077	6.450459942841658e-05	0.1376981058602218
-5.313156578289145	6.465883719741772e-05	0.12771683838872117
-5.300150075037519	6.481363516475103e-05	0.11805017120601968
-5.287143571785893	6.496899607055795e-05	0.11328506433736818
-5.274137068534267	6.512492267840564e-05	0.11494288097089489
-5.261130565282642	6.528141776662721e-05	0.12295746870069901
-5.248124062031016	6.543848413087527e-05	0.13591034449924522
-5.23511755877939	6.559612458589825e-05	0.15073417891049645
-5.222111055527764	6.575434195665864e-05	0.16409196347743504
-5.209104552276138	6.591313909587448e-05	0.17392323429806822
-5.1960980490245126	6.607251886947552e-05	0.1774544250389679
-5.1830915457728866	6.623248415893457e-05	0.17194158523651215
-5.1700850425212606	6.639303786992734e-05	0.15996860052846762
-5.1570785392696346	6.655418291734438e-05	0.14835975708849547
-5.1440720360180086	6.671592224205547e-05	0.14242156659018246
-5.131065532766383	6.687825880313802e-05	0.14411414972480707
-5.118059029514757	6.704119557288113e-05	0.15271061806715303
-5.105052526263131	6.720473554489015e-05	0.1646000739220801
-5.092046023011505	6.736888173608513e-05	0.17367178227587654
-5.079039519759879	6.753363717659777e-05	0.17517177995651767
-5.066033016508254	6.769900491498948e-05	0.1688819525293339
-5.053026513256628	6.786498802480168e-05	0.15805432664785335
-5.040020010005002	6.803158959534095e-05	0.1478124080852833
-5.027013506753376	6.819881273767425e-05	0.14271689536195842
-5.014007003501751	6.836666057530305e-05	0.14527112818965526
-5.001000500250125	6.8535136262593e-05	0.1565362496229008
-4.987993996998499	6.870424296900879e-05	0.17648447572530523
-4.974987493746873	6.887398387922516e-05	0.20244043806819
-4.961980990495247	6.904436221011334e-05	0.22625017468707276
-4.948974487243621	6.921538118764836e-05	0.23607940792297
-4.935967983991995	6.938704406078688e-05	0.22779942774266415
-4.922961480740369	6.955935410657421e-05	0.21043396291857364
-4.909954977488745	6.973231461759877e-05	0.19502218703820484
-4.896948474237119	6.990592890276925e-05	0.1854387134766039
-4.883941970985493	7.008020030019324e-05	0.17890616125612202
-4.870935467733867	7.025513217207013e-05	0.17132843995774139
-4.857928964482241	7.043072788848193e-05	0.16302650446870104
-4.844922461230615	7.060699085648103e-05	0.1581129649024242
-4.831915957978989	7.078392449499926e-05	0.16001817095906368
-4.818909454727363	7.096153224595003e-05	0.16972197174655235
-4.805902951475737	7.113981758533061e-05	0.18545018045629047
-4.792896448224113	7.131878399413427e-05	0.20224729210218662
-4.779889944972487	7.149843498899244e-05	0.21403173474584136
-4.766883441720861	7.167877410485524e-05	0.21859594872960308
-4.753876938469235	7.185980489909927e-05	0.21957709806502546
-4.740870435217609	7.204153095230481e-05	0.22210876781031996
-4.727863931965983	7.222395587147545e-05	0.22743832330561276
-4.714857428714357	7.240708328570822e-05	0.23446533028122674
-4.701850925462731	7.259091684197472e-05	0.24479327866589617
-4.688844422211105	7.277546022510517e-05	0.26058435301827043
-4.6758379189594805	7.296071712969976e-05	0.2778813468285507
-4.6628314157078545	7.314669128044571e-05	0.28619951912974007
-4.6498249124562285	7.33333864316732e-05	0.27786264743077915
-4.6368184092046025	7.352080635480984e-05	0.25727308357555834
-4.6238119059529765	7.370895485048212e-05	0.23607258393899966
-4.6108054027013505	7.389783574152098e-05	0.2212726386209305
-4.5977988994497245	7.408745287806884e-05	0.21125883488495145
-4.5847923961980985	7.42778101380237e-05	0.20018205307080417
-4.5717858929464725	7.446891141893452e-05	0.18608609747910376
-4.5587793896948465	7.466076064910343e-05	0.17314292513227214
-4.545772886443222	7.485336178703061e-05	0.16604532888449863
-4.532766383191596	7.504671880709246e-05	0.166225525665316
-4.51975987993997	7.524083571686102e-05	0.1713726685554795
-4.506753376688344	7.543571655221903e-05	0.17613778367333688
-4.493746873436718	7.563136537114268e-05	0.1763693264493864
-4.480740370185092	7.582778626313846e-05	0.17428515371577913
-4.467733866933466	7.602498334302599e-05	0.17609862315228464
-4.45472736368184	7.622296075304735e-05	0.18628424390913711
-4.441720860430214	7.642172266619784e-05	0.2051418780066917
-4.42871435717859	7.662127328056378e-05	0.2270886823261994
-4.415707853926964	7.6821616821654e-05	0.24010239366940211
-4.402701350675338	7.70227575496163e-05	0.23407668254796943
-4.389694847423712	7.72246997502446e-05	0.2127299865674268
-4.376688344172086	7.742744773420185e-05	0.18885671899511658
-4.36368184092046	7.763100584534666e-05	0.17192572047884613
-4.350675337668834	7.783537846151045e-05	0.16551344079021502
-4.337668834417208	7.804056998039766e-05	0.16996261773916876
-4.324662331165582	7.82465848405689e-05	0.1832609703429885
-4.311655827913956	7.845342750134598e-05	0.1990465711941074
-4.298649324662332	7.866110246113056e-05	0.20560182822834772
-4.285642821410706	7.886961424241612e-05	0.19361656819156892
-4.27263631815908	7.907896739989262e-05	0.16662737728112698
-4.259629814907454	7.928916652588658e-05	0.13581123306691734
-4.246623311655828	7.950021623626125e-05	0.1087383210384909
-4.233616808404202	7.971212118629278e-05	0.08745794709573784
-4.220610305152576	7.992488605457204e-05	0.07136814838888095
-4.20760380190095	8.013851555810358e-05	0.059261142651449106
-4.194597298649324	8.035301444753173e-05	0.05005779074891992
-4.1815907953977	8.056838750325479e-05	0.04294875862588654
-4.168584292146074	8.078463954164228e-05	0.037360098870315106
-4.155577788894448	8.100177540848463e-05	0.03289036174910753
-4.142571285642822	8.121979998798601e-05	0.029257644817384687
-4.129564782391196	8.143871819610293e-05	0.026261666964364605
-4.11655827913957	8.165853498220965e-05	0.02375800360692104
-4.103551775887944	8.187925533564844e-05	0.021640843571489654
-4.090545272636318	8.21008842732951e-05	0.019831433701372858
-4.077538769384692	8.232342685476901e-05	0.01827026567177925
-4.064532266133066	8.254688816755618e-05	0.016911726896583712
-4.051525762881441	8.277127334077594e-05	0.015720386988480883
-4.038519259629815	8.299658753518901e-05	0.014668382396334834
-4.025512756378189	8.322283595707525e-05	0.013733548127655482
-4.012506253126563	8.345002383935984e-05	0.01289806469950705
-3.9994997498749374	8.367815645538013e-05	0.012147465299627958
-3.9864932466233114	8.390723911955167e-05	0.01146989815694699
-3.9734867433716854	8.413727717815345e-05	0.010855572061592933
-3.9604802401200594	8.436827601943087e-05	0.010296334939881469
-3.9474737368684334	8.460024107170838e-05	0.00978535022179372
-3.934467233616809	8.483317779783839e-05	0.009316845879482893
-3.921460730365183	8.506709170275073e-05	0.008885918033395113
-3.908454227113557	8.530198832690239e-05	0.00848837593701568
-3.895447723861931	8.55378732558254e-05	0.008120618631338727
-3.882441220610305	8.577475211268837e-05	0.007779536051333524
-3.869434717358679	8.601263056329245e-05	0.007462429168436424
-3.856428214107053	8.625151430718958e-05	0.007166945068868835
-3.843421710855427	8.64914090946689e-05	0.006891023837698573
-3.830415207603801	8.673232071021442e-05	0.00663285483993592
-3.817408704352175	8.697425498682687e-05	0.006390840531138031
-3.804402201100551	8.72172177918129e-05	0.006163566339134063
-3.791395697848925	8.746121504088489e-05	0.0059497754701971495
-3.778389194597299	8.770625269483023e-05	0.005748347732232206
-3.765382691345673	8.795233674940839e-05	0.005558281652502273
-3.752376188094047	8.81994732516711e-05	0.005378679311084933
-3.739369684842421	8.844766828952633e-05	0.005208733424074574
-3.726363181590795	8.869692800184126e-05	0.005047716299017901
-3.713356678339169	8.894725856112284e-05	0.004894970355466932
-3.700350175087543	8.919866619261363e-05	0.004749899959382908
-3.6873436718359187	8.94511571650769e-05	0.004611964365020871
-3.6743371685842927	8.970473779712496e-05	0.004480671593882324
-3.6613306653326667	8.995941444911448e-05	0.004355573109567357
-3.6483241620810407	9.021519353047402e-05	0.0042362591709678155
-3.6353176588294147	9.047208150170238e-05	0.004122354765662806
-3.6223111555777887	9.073008486615297e-05	0.004013516041063814
-3.6093046523261627	9.098921017314243e-05	0.0039094271641362255
-3.5962981490745367	9.124946402894185e-05	0.003809797550991534
-3.5832916458229107	9.15108530870068e-05	0.003714359416836621
-3.5702851425712847	9.177338404353641e-05	0.0036228656040547813
-3.5572786393196605	9.203706364868669e-05	0.0035350876524198327
-3.5442721360680345	9.230189870990113e-05	0.003450814080696807
-3.5312656328164085	9.256789607314797e-05	0.0033698488532114546
-3.5182591295647825	9.283506264901042e-05	0.0032920100086498705
-3.5052526263131565	9.310340538748463e-05	0.003217128431535876
-3.4922461230615305	9.33729313031817e-05	0.0031450467494106293
-3.4792396198099045	9.36436474513469e-05	0.003075618341037978
-3.4662331165582785	9.391556095061926e-05	0.0030087064428411248
-3.4532266133066525	9.418867896748839e-05	0.002944183342493356
-3.4402201100550283	9.446300872550939e-05	0.0028819296499250635
-3.4272136068034023	9.473855750574689e-05	0.002821833637205562
-3.4142071035517763	9.501533263744921e-05	0.002763790639962016
-3.4012006003001503	9.529334151048285e-05	0.0027077025136506006
-3.3881940970485243	9.557259157078057e-05	0.0026534771390249734
-3.3751875937968983	9.585309032267286e-05	0.00260102797164552
-3.3621810905452723	9.613484532344785e-05	0.002550273630977151
-3.3491745872936463	9.641786419323228e-05	0.0025011375250822976
-3.3361680840420203	9.670215460555465e-05	0.002453547507334397
-3.3231615807903943	9.698772429822533e-05	0.0024074355621173105
-3.31015507753877	9.72745810676745e-05	0.002362737516611091
-3.297148574287144	9.756273276617655e-05	0.0023193927762273914
-3.284142071035518	9.785218731084289e-05	0.0022773440814750634
-3.271135567783892	9.814295268162354e-05	0.0022365372842547693
-3.258129064532266	9.843503691386868e-05	0.002196921141793151
-3.24512256128064	9.872844811265047e-05	0.0021584471266401506
-3.232116058029014	9.902319444266006e-05	0.002121069251293517
-3.219109554777388	9.931928412909574e-05	0.0020847439061296713
-3.206103051525762	9.961672547009748e-05	0.002049429709528372
-3.193096548274138	9.991552681987148e-05	0.0020150873690971682
-3.180090045022512	0.00010021569660512153	0.001981679553073601
-3.167083541770886	0.00010051724331072709	0.0019491707710573847
-3.15407703851926	0.00010082017549439826	0.0019175272632615536
-3.141070535267634	0.00010112450178134669	0.0018867168976199888
-3.128064032016008	0.00010143023086051084	0.0018567090740999603
-3.115057528764382	0.00010173737149743456	0.001827474635629267
-3.102051025512756	0.00010204593251605942	0.001798985785109397
-3.08904452226113	0.00010235592281759853	0.0017712160080941564
-3.076038019009504	0.00010266735137742788	0.001744140000582095
-3.0630315157578796	0.00010298022722843303	0.001717733601654614
-3.0500250125062536	0.00010329455949187327	0.001691973730489127
-3.0370185092546276	0.00010361035735106938	0.0016668383274781595
-3.0240120060030016	0.00010392763006639161	0.0016423062991325343
-3.0110055027513756	0.00010424638697226207	0.00161835746647232
-2.9979989994997496	0.00010456663747870909	0.001594972516670734
-2.9849924962481236	0.00010488839107103409	0.001572132957725847
-2.9719859929964976	0.00010521165730625892	0.0015498210759045117
-2.9589794897448716	0.00010553644582877997	0.0015280198957856594
-2.9459729864932473	0.00010586276635138336	0.0015067131427514147
-2.9329664832416213	0.00010619062866856765	0.0014858852076841123
-2.9199599799899953	0.00010652004265576664	0.001465521113784396
-2.9069534767383693	0.0001068510182689053	0.0014456064853280992
-2.8939469734867433	0.00010718356553884867	0.0014261275182453348
-2.8809404702351173	0.00010751769458583471	0.0014070709523990033
-2.8679339669834913	0.00010785341561247996	0.0013884240454395957
-2.8549274637318653	0.00010819073889534181	0.0013701745481565775
-2.8419209604802393	0.00010852967480867726	0.0013523106811789143
-2.8289144572286133	0.00010887023380279359	0.001334821113028295
-2.815907953976989	0.00010921242641470652	0.0013176949393223225
-2.802901450725363	0.00010955626327169288	0.0013009216631503229
-2.789894947473737	0.0001099017550856285	0.0012844911765155231
-2.776888444222111	0.00011024891265709602	0.0012683937427362402
-2.763881940970485	0.00011059774688060298	0.0012526199798302828
-2.750875437718859	0.00011094826873714325	0.001237160844749563
-2.737868934467233	0.00011130048929486325	0.0012220076184491502
-2.724862431215607	0.00011165441972205148	0.001207151891732261
-2.711855927963981	0.00011201007127592533	0.0011925855518055695
-2.698849424712357	0.00011236745531095771	0.0011783007695627123
-2.685842921460731	0.0001127265832679969	0.0011642899874683144
-2.672836418209105	0.00011308746669680403	0.0011505459080757285
-2.659829914957479	0.00011345011723284948	0.0011370614831072157
-2.646823411705853	0.00011381454661796298	0.001123829903093232
-2.633816908454227	0.00011418076668257005	0.0011108445874868922
-2.620810405202601	0.00011454878936911772	0.0010980991752839175
-2.607803901950975	0.0001149186267119795	0.0010855875160987738
-2.594797398699349	0.00011529029085399767	0.0010733036616517033
-2.581790895447723	0.00011566379403671334	0.0010612418576698701
-2.5687843921960987	0.00011603914860569553	0.0010493965361817459
-2.5557778889444727	0.00011641636701242852	0.0010377623081481158
-2.5427713856928467	0.00011679546182008504	0.0010263339564533513
-2.5297648824412207	0.00011717644568853824	0.0010151064292278633
-2.5167583791895947	0.00011755933139423469	0.0010040748334552152
-2.5037518759379687	0.00011794413182408814	0.0009932344288785533
-2.4907453726863427	0.00011833085996970638	0.0009825806221989142
-2.4777388694347167	0.00011871952893993676	0.0009721089615037926
-2.4647323661830907	0.00011911015195453789	0.0009618151309741529
-2.4517258629314664	0.00011950274234218128	0.0009516949458056034
-2.4387193596798404	0.00011989731356099043	0.0009417443473584974
-2.4257128564282144	0.00012029387917389389	0.0009319593985156471
-2.4127063531765884	0.00012069245286494557	0.0009223362792555312
-2.3996998499249624	0.00012109304843732627	0.0009128712824042484
-2.3866933466733364	0.00012149567981589726	0.000903560809564552
-2.3736868434217104	0.00012190036104797741	0.0008944013672297357
-2.3606803401700844	0.00012230710630023456	0.0008853895630495101
-2.3476738369184584	0.0001227159298671232	0.0008765221022721814
-2.3346673336668324	0.00012312684616633263	0.0008677957843065132
-2.321660830415208	0.00012353986974644737	0.0008592074994441257
-2.308654327163582	0.00012395501527862063	0.0008507542257276679
-2.295647823911956	0.00012437229757167323	0.000842433025906475
-2.28264132066033	0.0001247917315568836	0.0008342410445668635
-2.269634817408704	0.00012521333230453013	0.0008261755053349251
-2.256628314157078	0.00012563711501523134	0.0008182337082205393
-2.243621810905452	0.00012606309502638524	0.0008104130270449872
-2.230615307653826	0.00012649128781472285	0.0008027109069914662
-2.2176088044022	0.00012692170899031296	0.000795124862235097
-2.204602301150576	0.00012735437430844154	0.0007876524736707413
-2.19159579789895	0.0001277892996605079	0.0007802913867375194
-2.178589294647324	0.00012822650108545997	0.0007730393093066112
-2.165582791395698	0.00012866599476546448	0.0007658940096790801
-2.152576288144072	0.00012910779702846042	0.0007588533146321019
-2.139569784892446	0.00012955192435004648	0.0007519151075555675
-2.12656328164082	0.00012999839335392505	0.0007450773266534094
-2.113556778389194	0.00013044722081911875	0.0007383379632129872
-2.100550275137568	0.000130898423672976	0.0007316950599425276
-2.087543771885942	0.00013135201899794335	0.0007251467093621899
-2.0745372686343178	0.00013180802403367498	0.0007186910522624101
-2.0615307653826918	0.00013226645617792077	0.0007123262762074312
-2.0485242621310658	0.00013272733298841377	0.0007060506141176592
-2.0355177588794398	0.00013319067218320324	0.000699862342866342
-2.0225112556278138	0.00013365649164231996	0.0006937597819607344
-2.0095047523761878	0.00013412480941210614	0.0006877412922546844
-1.9964982491245618	0.00013459564370843502	0.000681805274696301
-1.9834917458729358	0.00013506901291193696	0.0006759501691564473
-1.9704852426213098	0.0001355449355754379	0.0006701744532471299
-1.9574787393696855	0.00013602343042473652	0.0006644766412318148
-1.9444722361180595	0.0001365045163602696	0.0006588552829369654
-1.9314657328664335	0.0001369882124560018	0.0006533089627126509
-1.9184592296148075	0.00013747453796753017	0.0006478362984455588
-1.9054527263631815	0.0001379635123317513	0.0006424359405701185
-1.8924462231115555	0.0001384551551697477	0.0006371065711584523
-1.8794397198599295	0.00013894948627901638	0.0006318469029936713
-1.8664332166083035	0.00013944652565245352	0.000626655678712229
-1.8534267133566775	0.00013994629346691934	0.0006215316699564877
-1.8404202101050515	0.0001404488100948953	0.0006164736765544854
-1.8274137068534273	0.0001409540960976008	0.0006114805257406708
-1.8144072036018013	0.00014146217223420798	0.0006065510713882949
-1.8014007003501753	0.00014197305946195282	0.000601684193268226
-1.7883941970985493	0.00014248677893513584	0.0005968787963452904
-1.7753876938469233	0.00014300335201844483	0.0005921338100800533
-1.7623811905952973	0.00014352280027263298	0.00058744818776435
-1.7493746873436713	0.00014404514546695335	0.0005828209058730272
-1.7363681840920453	0.00014457040958881784	0.0005782509634427724
-1.7233616808404193	0.000145098614828032	0.0005737373814623803
-1.710355177588795	0.00014562978358956258	0.0005692792022820026
-1.697348674337169	0.00014616393850319653	0.0005648754890589247
-1.684342171085543	0.0001467011024108844	0.000560525325190353
-1.671335667833917	0.00014724129838150635	0.0005562278137931642
-1.658329164582291	0.00014778454970532096	0.0005519820771734407
-1.645322661330665	0.0001483308799048455	0.0005477872563506292
-1.632316158079039	0.0001488803127263072	0.0005436425105370679
-1.619309654827413	0.00014943287215252177	0.0005395470167069982
-1.606303151575787	0.00014998858240622415	0.0005354999691019602
-1.593296648324161	0.00015054746794562757	0.0005315005788190108
-1.5802901450725368	0.00015110955346198107	0.000527548073362416
-1.5672836418209108	0.00015167486390721407	0.0005236416962429713
-1.5542771385692848	0.00015224342447017758	0.0005197807065570048
-1.5412706353176588	0.00015281526058674721	0.0005159643786069035
-1.5282641320660328	0.00015339039796191667	0.0005121920015230819
-1.5152576288144068	0.0001539688625344926	0.0005084628788832868
-1.5022511255627808	0.00015455068052627752	0.0005047763283709816
-1.4892446223111548	0.00015513587840609855	0.0005011316814065303
-1.4762381190595288	0.0001557244829138993	0.000497528282827786
-1.4632316158079046	0.00015631652106207206	0.0004939654905605773
-1.4502251125562786	0.0001569120201254659	0.0004904426752859736
-1.4372186093046526	0.00015751100766414616	0.00048695922014807547
-1.4242121060530266	0.00015811351151640007	0.0004835145204484803
-1.4112056028014006	0.00015871955980373276	0.00048010798334829907
-1.3981990995497746	0.0001593291809277586	0.0004767390275888239
-1.3851925962981486	0.00015994240358385703	0.00047340708322218816
-1.3721860930465226	0.0001605592567643921	0.0004701115913320342
-1.3591795897948966	0.0001611797697527173	0.00046685200378515646
-1.3461730865432706	0.0001618039721363873	0.00046362778296360485
-1.3331665832916464	0.00016243189380582557	0.0004604384015356455
-1.3201600800400204	0.00016306356496265106	0.00045728334220318523
-1.3071535767883944	0.00016369901611801296	0.00045416209747661807
-1.2941470735367684	0.00016433827809825274	0.00045107416944756284
-1.2811405702851424	0.00016498138205323087	0.000448019069559491
-1.2681340670335164	0.0001656283594563268	0.0004449963184066652
-1.2551275637818904	0.00016627924210710354	0.00044200544552164267
-1.2421210605302644	0.00016693406213730277	0.0004390459891667753
-1.2291145572786384	0.00016759285202139207	0.0004361174961386993
-1.2161080540270142	0.00016825564456723896	0.0004332195215878132
-1.2031015507753882	0.0001689224729302108	0.0004303516288107767
-1.1900950475237622	0.00016959337062272262	0.00042751338908364467
-1.1770885442721362	0.00017026837149869412	0.0004247043814834539
-1.1640820410205102	0.00017094750978385864	0.0004219241927061468
-1.1510755377688842	0.0001716308200531147	0.00041917241690669904
-1.1380690345172582	0.00017231833726460977	0.0004164486555362501
-1.1250625312656322	0.00017301009674652867	0.00041375251717423733
-1.1120560280140062	0.00017370613418965508	0.00041108361738051435
-1.099049524762382	0.00017440648569111428	0.00040844157853958674
-1.086043021510756	0.00017511118771684764	0.00040582602972005777
-1.07303651825913	0.00017582027713469728	0.00040323660651930826
-1.060030015007504	0.00017653379121185253	0.00040067295093360045
-1.047023511755878	0.00017725176760974293	0.0003981347112163025
-1.034017008504252	0.00017797424441223786	0.00039562154174432873
-1.021010505252626	0.00017870126010421927	0.0003931331028950158
-1.008004002001	0.0001794328535951184	0.0003906690609049024
-0.9949974987493739	0.00018016906422246848	0.0003882290877657013
-0.9819909954977479	0.00018090993175412518	0.00038581286108918533
-0.9689844922461237	0.00018165549638859968	0.00038342006399294526
-0.9559779889944977	0.0001824057987690475	0.00038105038499103294
-0.9429714857428717	0.0001831608799929274	0.0003787035178790532
-0.9299649824912457	0.00018392078160700542	0.00037637916161703533
-0.9169584792396197	0.00018468554561790196	0.00037407702024250256
-0.9039519759879937	0.0001854552145000854	0.00037179680274557203
-0.8909454727363677	0.00018622983120286651	0.0003695382229810251
-0.8779389694847417	0.0001870094391505095	0.0003673009995651677
-0.8649324662331157	0.0001877940822615498	0.0003650848557862352
-0.8519259629814915	0.0001885838049366928	0.0003628895194858206
-0.8389194597298655	0.00018937865208479288	0.0003607147230044738
-0.8259129564782395	0.00019017866911352765	0.00035856020306512804
-0.8129064532266135	0.00019098390195237958	0.00035642570068850077
-0.7998999499749875	0.00019179439704253287	0.00035431096111360194
-0.7868934467233615	0.0001926102013614095	0.0003522157337222387
-0.7738869434717355	0.00019343136240890235	0.0003501397719306576
-0.7608804402201095	0.00019425792824090404	0.0003480828331428043
-0.7478739369684835	0.00019508994745576214	0.0003460446786460736
-0.7348674337168575	0.00019592746920904514	0.0003440250735516903
-0.7218609304652333	0.0001967705432245337	0.00034202378670600275
-0.7088544272136073	0.00019761921979288832	0.0003400405906405224
-0.6958479239619813	0.000198473549794409	0.0003380752614706717
-0.6828414207103553	0.00019933358469748086	0.0003361275788532625
-0.6698349174587293	0.00020019937656179376	0.0003341973259024522
-0.6568284142071033	0.0002010709780573272	0.00033228428913301133
-0.6438219109554773	0.00020194844247400923	0.00033038825838738184
-0.6308154077038512	0.0002028318237128346	0.0003285090267831636
-0.6178089044522252	0.0002037211763225022	0.00032664639063617606
-0.604802401200601	0.00020461655548165147	0.00032480014941704827
-0.591795897948975	0.0002055180170222881	0.0003229701056725043
-0.578789394697349	0.0002064256174439949	0.00032115606499627525
-0.565782891445723	0.00020733941390538302	0.0003193578359305116
-0.552776388194097	0.000208259464253846	0.0003175752299587886
-0.539769884942471	0.00020918582701656696	0.00031580806141406903
-0.526763381690845	0.0002101185614311607	0.00031405614744162147
-0.513756878439219	0.0002110577274330172	0.00031231930795283525
-0.500750375187593	0.00021200338568561072	0.00031059736555316686
-0.487743871935967	0.00021295559758238713	0.000308890145522267
-0.4747373686843428	0.00021391442525320326	0.00030719747573804135
-0.4617308654327168	0.00021487993158497698	0.0003055191866500051
-0.4487243621810908	0.00021585218022490693	0.00030385511121122644
-0.4357178589294648	0.00021683123559779194	0.0003022050848642266
-0.4227113556778388	0.0002178171629093617	0.0003005689454602667
-0.4097048524262128	0.0002188100281705907	0.00029894653324347154
-0.3966983491745868	0.0002198098981924801	0.0002973376907918768
-0.3836918459229608	0.00022081684061492357	0.000295742262988119
-0.3706853426713348	0.00022183092391492298	0.00029416009696991985
-0.35767883941971057	0.00022285221740681038	0.0002925910420945588
-0.34467233616808457	0.00022388079127277916	0.00029103494989313194
-0.33166583291645857	0.0002249167165592203	0.00028949167403979903
-0.31865932966483257	0.00022596006521091727	0.00028796107031170415
-0.30565282641320657	0.00022701091005872254	0.00028644299655300465
-0.29264632316158057	0.00022806932485208709	0.0002849373126381227
-0.27963981990995457	0.00022913538427105085	0.00028344388043055613
-0.26663331665832857	0.0002302091639317938	0.0002819625637628942
-0.25362681340670257	0.00023129074040872943	0.00028049322838641366
-0.24062031015507657	0.00023238019124571796	0.00027903574195020653
-0.22761380690345234	0.00023347759497494014	0.0002775899739606569
-0.21460730365182634	0.00023458303112222634	0.00027615579575834825
-0.20160080040020034	0.00023569658023891993	0.00027473308047765155
-0.18859429714857434	0.00023681832390376467	0.00027332170302063474
-0.17558779389694834	0.00023794834474688553	0.00027192154002342317
-0.16258129064532234	0.00023908672645800433	0.0002705324698378808
-0.14957478739369634	0.00024023355381741496	0.00026915437249042107
-0.13656828414207034	0.00024138891269265272	0.00026778712965747076
-0.12356178089044434	0.0002425528900786844	0.0002664306246421555
-0.11055527763882012	0.00024372557409713114	0.0002650847423391056
-0.09754877438719411	0.00024490705402779867	0.00026374936922002323
-0.08454227113556811	0.00024609742031234116	0.0002624243932908277
-0.07153576788394211	0.0002472967645926749	0.00026110970408321776
-0.058529264632316114	0.00024850517970864683	0.0002598051926221423
-0.04552276138069011	0.0002497227597350049	0.00025851075139404767
-0.03251625812906411	0.0002509495999919453	0.0002572262743373299
-0.019509754877438112	0.00025218579706487443	0.0002559516568105824
-0.006503251625812112	0.0002534314488328304	0.00025468679556250873
0.006503251625813888	0.0002546866544861359	0.000253431588728259
0.019509754877438112	0.00025595151453217113	0.0002521859357880185
0.03251625812906411	0.0002572261308504409	0.0002509497375561276
0.04552276138069011	0.0002585106066808063	0.00024972289615565746
0.058529264632316114	0.0002598050466692259	0.0002485053149958727
0.07153576788394211	0.0002611095568770816	0.00024729689876079597
0.08454227113556811	0.00026242424481548454	0.00024609755337390293
0.09754877438719411	0.00026374921946359375	0.000244907185992016
0.11055527763882012	0.00026508459128693485	0.00024372570497943613
0.12356178089044612	0.00026643047227692396	0.00024255301989140055
0.13656828414207034	0.0002677869759646345	0.00024138904144599405
0.14957478739369634	0.0002691542174538819	0.00024023368151959712
0.16258129064532234	0.0002705323134416515	0.0002390868531263468
0.17558779389694834	0.00027192138225262674	0.00023794847038827172
0.18859429714857434	0.0002733215438562864	0.00023681844853107314
0.20160080040020034	0.0002747329199080939	0.00023569670386247576
0.21460730365182634	0.0002761556337654847	0.000234583153754353
0.22761380690345234	0.0002775898105256136	0.00023347771662118877
0.24062031015507834	0.00027903557705510895	0.00023238031192363007
0.25362681340670434	0.0002804930620144974	0.00023129086012441125
0.26663331665832857	0.0002819623959003925	0.00023020928269623653
0.27963981990995457	0.00028344371105615274	0.0002291355020952457
0.29264632316158057	0.00028493714173116746	0.0002280694417448048
0.30565282641320657	0.0002864428241002859	0.000227011026029178
0.31865932966483257	0.0002879608962920166	0.00022596018026999065
0.33166583291645857	0.0002894914984307162	0.000224916830718902
0.34467233616808457	0.0002910347726774454	0.00022388090453728804
0.35767883941971057	0.00029259086325583716	0.00022285232979024627
0.37068534267133657	0.00029415991648507056	0.0002218310354243913
0.3836918459229608	0.0002957420808379352	0.00022081695126086043
0.3966983491745868	0.0002973375069538209	0.0002198100079789933
0.4097048524262128	0.00029894634769445094	0.00021881013710722819
0.4227113556778388	0.0003005687581844052	0.00021781727101044535
0.4357178589294648	0.0003022048958370993	0.00021683134286831773
0.4487243621810908	0.00030385492041584694	0.00021585228667619916
0.4617308654327168	0.00030551899405373284	0.00021488003722047733
0.4747373686843428	0.0003071972813264434	0.0002139145300837919
0.4877438719359688	0.00030888994926903113	0.00021295570161661281
0.5007503751875948	0.00031059716743464527	0.00021200348893157805
0.513756878439219	0.0003123191079459353	0.0002110578298977206
0.526763381690845	0.00031405594552413874	0.00021011866312203864
0.539769884942471	0.0003158078575605794	0.00020918592794605395
0.552776388194097	0.00031757502414386796	0.0002082595644211649
0.565782891445723	0.00031935762812851376	0.00020733951332718714
0.578789394697349	0.00032115585517789036	0.00020642571612172755
0.591795897948975	0.0003229698938195247	0.0002055181149669405
0.604802401200601	0.000324799935494946	0.00020461665269788654
0.617808904452227	0.0003266461746248561	0.00020372127281753638
0.6308154077038512	0.00032850880865098464	0.0002028319194951056
0.6438219109554773	0.00033038803810769846	0.00020194853754840203
0.6568284142071033	0.0003322840666750704	0.00020107107243361177
0.6698349174587293	0.0003341971012384981	0.0002001994702465204
0.6828414207103553	0.00033612735195454047	0.00019933367769486843
0.6958479239619813	0.0003380750323080939	0.0001984736421153377
0.7088544272136073	0.00034004035918233644	0.00019761931143902345
0.7218609304652333	0.0003420235529231208	0.0001967706342040909
0.7348674337168593	0.0003440248374078081	0.0001959275595306842
0.7478739369684853	0.0003460444401128804	0.00019509003712503414
0.7608804402201095	0.0003480825921878816	0.00019425801726136172
0.7738869434717355	0.0003501395285215869	0.00019343145079175894
0.7868934467233615	0.00035221548782327083	0.0001926102891072201
0.7998999499749875	0.0003543107126914302	0.00019179448416328793
0.8129064532266135	0.00035642544970704293	0.00019098398844763498
0.8259129564782395	0.00035855994948930103	0.00019017875499183212
0.8389194597298655	0.0003607144668035245	0.00018937873735269672
0.8519259629814915	0.00036288926061656124	0.00018858388960085737
0.8649324662331175	0.0003650845942103631	0.00018779416632386248
0.8779389694847417	0.0003673007352545943	0.0001870095226230717
0.8909454727363677	0.0003695379558869005	0.0001862299140850121
0.9039519759879937	0.0003717965328312589	0.00018545529680114026
0.9169584792396197	0.00037407674746781083	0.00018468562734152982
0.9299649824912457	0.0003763788859436623	0.00018392086276131092
0.9429714857428717	0.0003787032392631451	0.00018316096057979792
0.9559779889944977	0.00038105010339239964	0.00018240587879503334
0.9689844922461237	0.0003834197793682881	0.00018165557585725356
0.9819909954977497	0.00038581257339209696	0.00018091001067255252
0.9949974987493757	0.00038822879695499246	0.00018016914259399996
1.008004002001	0.00039066876693116814	0.0001794329314285248
1.021010505252626	0.0003931328057142913	0.00017870133740038874
1.034017008504252	0.00039562124130987364	0.00017797432117794276
1.047023511755878	0.00039813440747871187	0.00017725184384975723
1.060030015007504	0.0004006726438458008	0.00017653386692983997
1.07303651825913	0.0004032362960298963	0.00017582035233765225
1.086043021510756	0.00040582571578007265	0.0001751112624069906
1.099049524762382	0.0004084412610958488	0.0001744065598743294
1.112056028014008	0.00041108329637928875	0.00017370620787393598
1.1250625312656322	0.0004137521925628995	0.00017301016992887774
1.1380690345172582	0.00041644832726139835	0.00017231840995857173
1.1510755377688842	0.00041917208491348834	0.0001716308922550258
1.1640820410205102	0.0004219238569351802	0.00017094758149849287
1.1770885442721362	0.00042470404187844313	0.00017026844273637654
1.1900950475237622	0.0004275130455873022	0.00016959344138467447
1.2031015507753882	0.00043035128136159617	0.000168922543221095
1.2161080540270142	0.0004332191701217347	0.00016825571438960907
1.2291145572786402	0.00043611714059454965	0.00016759292137957793
1.2421210605302662	0.0004390456294809386	0.00016693413103840982
1.2551275637818904	0.0004420050816305032	0.00016627931054957745
1.2681340670335164	0.00044499595024194427	0.00016562842744993755
1.2811405702851424	0.00044801869705479724	0.00016498144959753436
1.2941470735367684	0.0004510737925313979	0.00016433834519902213
1.3071535767883944	0.00045416171608392286	0.00016369908277857892
1.3201600800400204	0.00045728295625968585	0.0001630636311875655
1.3331665832916464	0.0004604380109647366	0.0001624319596010837
1.3461730865432724	0.0004636273876944541	0.00016180403750254424
1.3591795897948984	0.00046685160374071444	0.0001611798346941029
1.3721860930465226	0.0004701111864338081	0.0001605593212852252
1.3851925962981486	0.0004734066733896869	0.00015994246768857856
1.3981990995497746	0.00047673861274488694	0.00015932924461548037
1.4112056028014006	0.00048010756340810534	0.00015871962308444676
1.4242121060530266	0.0004835140953277639	0.00015811357439288187
1.4372186093046526	0.0004869587897606831	0.00015751107013428634
1.4502251125562786	0.000490442239541089	0.00015691208219537067
1.4632316158079046	0.0004939650493703818	0.00015631658273485005
1.4762381190595306	0.0004975278361039059	0.00015572454419776616
1.4892446223111566	0.0005011312290490455	0.00015513593929739056
1.5022511255627808	0.0005047758702888538	0.00015455074103443156
1.5152576288144068	0.0005084624149790384	0.00015396892265773232
1.5282641320660328	0.0005121915316919079	0.00015339045770323967
1.5412706353176588	0.0005159639027503271	0.00015281531995503528
1.5542771385692848	0.0005197802245675565	0.0001522434834624331
1.5672836418209108	0.0005236412080175112	0.00015167492253020942
1.5802901450725368	0.0005275475787915873	0.0001511096117189359
1.5932966483241628	0.0005315000777891266	0.00015054752583543163
1.6063031515757888	0.0005354994615023312	0.0001499886399385364
1.619309654827413	0.0005395465024178314	0.00014943292932467767
1.632316158079039	0.0005436419894442324	0.00014888036954430195
1.645322661330665	0.0005477867283254501	0.0001483309363691232
1.658329164582291	0.0005519815420951257	0.0001477846058193233
1.671335667833917	0.00055622727153537	0.00014724135415100648
1.684342171085543	0.0005605247756227394	0.00014670115783743665
1.697348674337169	0.0005648749320491531	0.0001461639935853576
1.710355177588795	0.0005692786376947367	0.000145629838334993
1.723361680840421	0.0005737368091531803	0.00014509866923717585
1.736368184092047	0.000578250383271639	0.000144570463665894
1.7493746873436713	0.000582820317693411	0.00014404519921662473
1.7623811905952973	0.0005874475914294797	0.0001435228536914579
1.7753876938469233	0.0005921332054334982	0.00014300340511430587
1.7883941970985493	0.0005968781832340619	0.00014248683171214083
1.8014007003501753	0.0006016835715304536	0.00014197311191510575
1.8144072036018013	0.0006065504408584443	0.00014146222437183553
1.8274137068534273	0.000611479886254207	0.00014095414792225647
1.8404202101050533	0.000616473027935438	0.00014044886160768932
1.8534267133566793	0.0006215310120311068	0.0001399463446702942
1.8664332166083035	0.0006266550112986602	0.00013944657655007298
1.8794397198599295	0.0006318462259065072	0.00013894953687065836
1.8924462231115555	0.0006371058842085109	0.00013845520545985313
1.9054527263631815	0.0006424352435631109	0.00013796356232520512
1.9184592296148075	0.0006478355911802014	0.00013747458766244502
1.9314657328664335	0.0006533082449894367	0.00013698826185537527
1.9444722361180595	0.000658854554539956	0.00013650456546632217
1.9574787393696855	0.0006644759019529545	0.00013602347924124292
1.9704852426213115	0.0006701737028635968	0.00013554498410484062
1.9834917458729358	0.0006759494074404238	0.00013506906115745565
1.9964982491245618	0.0006818045014181928	0.0001345956916691815
2.0095047523761878	0.0006877405071760156	0.00013412485709185518
2.0225112556278138	0.0006937589848398096	0.00013365653904107155
2.0355177588794398	0.0006998615334504743	0.00013319071930517623
2.0485242621310658	0.0007060497921488329	0.00013272737983671679
2.0615307653826918	0.0007123254414247437	0.00013226650275344198
2.0745372686343178	0.0007186902043925247	0.00013180807033830177
2.0875437718859438	0.0007251458481315476	0.00013135206503389618
2.1005502751375698	0.0007316941850631364	0.00013089846944258632
2.113556778389194	0.0007383370743917483	0.00013044726632527315
2.12656328164082	0.0007450764235882312	0.00012999843859862192
2.139569784892446	0.0007519141899362536	0.0001295519693326197
2.152576288144072	0.0007588523821420168	0.00012910784175379497
2.165582791395698	0.0007658930619921511	0.00012866603923566977
2.178589294647324	0.000773038346086774	0.00012822654530131317
2.19159579789895	0.0007802904076360528	0.00012778934362167593
2.204602301150576	0.0007876514783374811	0.0001273544180182551
2.217608804402202	0.0007951238502986735	0.00012692175245376802
2.230615307653826	0.0008027098780808428	0.00012649133103193044
2.243621810905452	0.0008104119807752497	0.00012606313799978786
2.256628314157078	0.00081823264419012	0.00012563715774438489
2.269634817408704	0.0008261744231353729	0.00012521337479209915
2.28264132066033	0.000834239943777515	0.00012479177380553264
2.295647823911956	0.0008424319060911234	0.00012437233958395577
2.308654327163582	0.0008507530864395596	0.00012395505705342647
2.321660830415208	0.0008592063402279582	0.00012353991128755126
2.334667333666834	0.0008677946046826701	0.00012312688747395661
2.34767383691846	0.0008765209017556064	0.00012271597094448694
2.3606803401700844	0.0008853883411398256	0.00012230714714900337
2.3736868434217104	0.0008944001234049148	0.00012190040167048277
2.3866933466733364	0.0009035595432916876	0.00012149572021258326
2.3996998499249624	0.0009128699931321149	0.00012109308861174561
2.4127063531765884	0.0009223349664152503	0.00012069249281698724
2.4257128564282144	0.0009319580615194667	0.0001202939189035579
2.4387193596798404	0.0009417429856030113	0.00011989735307282867
2.4517258629314664	0.0009516935586677544	0.00011950278163841421
2.4647323661830924	0.0009618137178101227	0.00011911019103127973
2.4777388694347167	0.0009721075216468922	0.00011871956780173942
2.4907453726863427	0.0009825791549609164	0.0001183308986216769
2.5037518759379687	0.000993232933551913	0.00011794417026311788
2.5167583791895947	0.0010040733093085175	0.00011755936962420943
2.5297648824412207	0.001015104875503825	0.00011717648371190048
2.5427713856928467	0.001026332372367933	0.00011679549963339309
2.5557778889444727	0.0010377606928911876	0.00011641640462389802
2.5687843921960987	0.0010493948889217508	0.00011603918601010843
2.5817908954477247	0.0010612401775372815	0.00011566383124184121
2.5947973986993507	0.0010733019477522365	0.00011529032785850823
2.607803901950975	0.0010855857675062808	0.00011491866351820423
2.620810405202601	0.0010980973910424963	0.00011454882597727867
2.633816908454227	0.001110842766602782	0.00011418080309300027
2.646823411705853	0.0011238280445378113	0.00011381458283299395
2.659829914957479	0.0011370595858152255	0.00011345015325681107
2.672836418209105	0.0011505439709434961	0.0001130875025270317
2.685842921460731	0.001164288009352199	0.00011272661890715518
2.698849424712357	0.0011782987492789943	0.00011236749075937968
2.711855927963983	0.0011925834881247876	0.00011201010653971721
2.724862431215607	0.0012071497833768818	0.00011165445479743852
2.737868934467233	0.001222005464101339	0.00011130052418406589
2.750875437718859	0.0012371586430280912	0.00011094830343982842
2.763881940970485	0.0012526177293112895	0.00011059778140465326
2.776888444222111	0.0012683914419413522	0.0001102489469969603
2.789894947473737	0.0012844888239009755	0.0001099017892464138
2.802901450725363	0.0013009192571219463	0.00010955629725151184
2.815907953976989	0.0013176924782113408	0.00010921246021700082
2.828914457228615	0.0013348185951096436	0.00010887026743067185
2.841920960480241	0.0013523081046503682	0.0001085297082592529
2.8549274637318653	0.0013701719111460786	0.00010819077217283368
2.8679339669834913	0.0013884213460025885	0.0001078534487155558
2.8809404702351173	0.0014070681884992275	0.00010751772751871336
2.8939469734867433	0.0014261246877704803	0.00010718359829864355
2.9069534767383693	0.0014456035860718197	0.00010685105085916913
2.9199599799899953	0.0014655181434524156	0.00010652007507871986
2.9329664832416213	0.0014858821638762398	0.00010619066092509843
2.9459729864932473	0.0015067100229669839	0.0001058627984409366
2.9589794897448733	0.001528016697415202	0.00010553647775246588
2.9719859929964976	0.0015498177962182114	0.00010521168906685308
2.9849924962481236	0.0015721295938799784	0.00010488842266864751
2.9979989994997496	0.0015949690656831272	0.00010456666891445199
3.0110055027513773	0.0016183539252291324	0.00010424641824824388
3.0240120060030016	0.0016423026643801464	0.00010392766118305641
3.037018509254626	0.0016668345958053	0.00010361038830941638
3.0500250125062536	0.0016919698983294262	0.00010329459029223553
3.063031515757878	0.0017177296652655105	0.00010298025787391918
3.0760380190095056	0.0017441359560449454	0.0001026673818669277
3.08904452226113	0.0017712118512975827	0.00010235595315377655
3.1020510255127576	0.001798981511744513	0.00010204596269869359
3.115057528764382	0.0018274702411655852	0.00010173740152796817
3.1280640320160096	0.0018567045537900562	0.00010143026074138639
3.141070535267634	0.0018867122464615305	0.00010112453151023271
3.1540770385192616	0.0019175224760018539	0.00010082020507662381
3.167083541770886	0.0019491658421698643	0.00010051727274218436
3.18009004502251	0.0019816744767410244	0.00010021572588980732
3.193096548274138	0.0020150821391905493	9.991555596000623e-05
3.206103051525762	0.0020494243195894324	9.961675446601426e-05
3.21910955477739	0.002084738349342752	9.931931298068353e-05
3.232116058029014	0.002121063520467703	9.902322314792045e-05
3.245122561280642	0.0021584412141850695	9.872847667691254e-05
3.258129064532266	0.0021969150396827786	9.84350653380206e-05
3.271135567783894	0.00223653098400578	9.814298096366691e-05
3.284142071035518	0.002277337574103866	9.785221545510758e-05
3.2971485742871423	0.00231938605222326	9.756276077177439e-05
3.31015507753877	0.0023627305658961983	9.727460893482753e-05
3.3231615807903943	0.002407428373994658	9.698775202837684e-05
3.336168084042022	0.002453540070452287	9.670218220081406e-05
3.3491745872936463	0.0025011298273802662	9.64178916521563e-05
3.362181090545274	0.0025502656596305684	9.613487264814591e-05
3.3751875937968983	0.0026010197130003077	9.58531175123678e-05
3.388194097048526	0.0026534685785422063	9.557261863168964e-05
3.4012006003001503	0.002707693635826347	9.529336843849823e-05
3.4142071035517745	0.002763781428244849	9.501535943423622e-05
3.4272136068034023	0.002821824073914847	9.473858417285985e-05
3.4402201100550265	0.0028819197161537025	9.446303526572386e-05
3.4532266133066543	0.0029441730179993186	9.418870537758472e-05
3.4662331165582785	0.003008695705926323	9.391558723303994e-05
3.4792396198099063	0.003075607168424921	9.364367360731318e-05
3.4922461230615305	0.003145035116098982	9.33729573313613e-05
3.5052526263131583	0.0032171163106256007	9.31034312925405e-05
3.5182591295647825	0.003291997371183797	9.283508842949928e-05
3.5312656328164067	0.0033698356679663366	9.256792173173434e-05
3.5442721360680345	0.0034508003139622767	9.230192424458661e-05
3.5572786393196587	0.00353507326774527	9.203708906146968e-05
3.5702851425712865	0.0036228505619859686	9.177340933552713e-05
3.5832916458229107	0.0037143436745880054	9.151087825831627e-05
3.5962981490745385	0.003809781062097395	9.12494890831228e-05
3.6093046523261627	0.003909409878061543	9.098923510675316e-05
3.6223111555777905	0.004013497902749963	9.073010968196904e-05
3.6353176588294147	0.00412233571501841	9.047210619950175e-05
3.648324162081039	0.004236239142307419	9.021521811380939e-05
3.6613306653326667	0.004355552030921417	8.995943891398905e-05
3.674337168584291	0.004480649386283231	8.970476214720247e-05
3.6873436718359187	0.0046119409416210955	8.945118139946917e-05
3.700350175087543	0.004749875224481448	8.919869031320804e-05
3.7133566783391707	0.004894944203365559	8.894728257002882e-05
3.726363181590795	0.005047688612715762	8.869695189928084e-05
3.7393696848424227	0.005208704073743409	8.844769207816405e-05
3.752376188094047	0.005378648152304488	8.819949692606688e-05
3.7653826913456747	0.005558248524197507	8.795236031167164e-05
3.778389194597299	0.005748312454259663	8.77062761466263e-05
3.791395697848923	0.0059497378405004575	8.746123838632158e-05
3.804402201100551	0.006163526130406494	8.721724102955797e-05
3.817408704352175	0.006390797486834576	8.697427811521496e-05
3.830415207603803	0.006632808669557511	8.673234373524075e-05
3.843421710855427	0.006890974211128498	8.649143201078235e-05
3.856428214107055	0.007166891609586612	8.625153711849798e-05
3.869434717358679	0.007462371445305593	8.601265326901864e-05
3.882441220610307	0.007779473568643613	8.577477471416461e-05
3.895447723861931	0.008120550816623884	8.55378957554942e-05
3.9084542271135554	0.00848830212611873	8.530201072487475e-05
3.921460730365183	0.008885837451983791	8.506711399502986e-05
3.9344672336168074	0.009316757620066118	8.483319998775496e-05
3.947473736868435	0.009785253214901313	8.460026316314817e-05
3.9604802401200594	0.01029622791771112	8.43682980100624e-05
3.973486743371687	0.010855453511754098	8.41372990673106e-05
3.9864932466233114	0.011469766263091818	8.390726090834466e-05
3.999499749874939	0.012147317864656504	8.367817814591838e-05
4.012506253126563	0.012897899045198113	8.345004543341972e-05
4.025512756378188	0.013733360962250862	8.32228574519922e-05
4.038519259629815	0.014668169637949369	8.299660893429373e-05
4.05152576288144	0.015720143526930852	8.277129464340227e-05
4.064532266133067	0.016911446268323194	8.254690937281595e-05
4.077538769384692	0.018269939610639607	8.232344796543778e-05
4.090545272636319	0.01983105150940867	8.210090528915082e-05
4.103551775887944	0.021640391225711486	8.18792762591336e-05
4.116558279139571	0.023757462473227964	8.165855581165893e-05
4.129564782391196	0.026261011920056365	8.143873893229348e-05
4.14257128564282	0.029256841474668338	8.121982063169497e-05
4.155577788894448	0.032889362305658976	8.100179595882384e-05
4.168584292146072	0.0373588358751179	8.078466000216444e-05
4.1815907953977	0.04294713566744246	8.056840787351582e-05
4.194597298649324	0.0500556689615308	8.035303472742061e-05
4.207603801900952	0.05925832288113919	8.013853574717622e-05
4.220610305152576	0.07136435396261753	7.992490615305048e-05
4.233616808404204	0.0874528309234226	7.971214119528724e-05
4.246623311655828	0.1087315765280823	7.95002361601016e-05
4.259629814907456	0.1358030028000181	7.928918636213034e-05
4.27263631815908	0.16661915141975048	7.907898714754058e-05
4.285642821410704	0.19361177105917116	7.886963390169033e-05
4.298649324662332	0.20560347937953016	7.866112203469555e-05
4.311655827913956	0.19905336871079393	7.845344699020096e-05
4.324662331165584	0.18326877685408816	7.824660424482488e-05
4.337668834417208	0.16996851428902404	7.804058930038771e-05
4.350675337668836	0.16551644555158307	7.783539769445902e-05
4.36368184092046	0.17192587816911808	7.763102499713792e-05
4.376688344172088	0.1888547906250515	7.742746680106105e-05
4.389694847423712	0.21272802182535644	7.72247187345032e-05
4.402701350675336	0.23407825040040064	7.702277645382782e-05
4.415707853926964	0.24010979369780228	7.682163564293187e-05
4.428714357178588	0.2270993062736838	7.6621292018908e-05
4.441720860430216	0.20515063569012992	7.642174132371782e-05
4.45472736368184	0.1862878950840675	7.622297933251865e-05
4.467733866933468	0.17609643308627332	7.602500183978567e-05
4.480740370185092	0.174278398788287	7.582780468196049e-05
4.49374687343672	0.17636125692309412	7.56313837108058e-05
4.506753376688344	0.17613199201091012	7.543573481438859e-05
4.5197598799399685	0.1713698966866154	7.524085389842838e-05
4.532766383191596	0.16622390949184473	7.504673691161035e-05
4.5457728864432205	0.1660431387737512	7.485337981516516e-05
4.558779389694848	0.17313982069366562	7.466077860018849e-05
4.5717858929464725	0.18608347243947576	7.446892929330318e-05
4.5847923961981	0.2001822945646824	7.427782793489879e-05
4.5977988994497245	0.21126228219314347	7.408747060044796e-05
4.610805402701352	0.22127604564339975	7.389785338751675e-05
4.6238119059529765	0.23607198171605448	7.370897242320318e-05
4.636818409204601	0.257267632791072	7.352082385447822e-05
4.6498249124562285	0.2778566600207316	7.333340385595744e-05
4.662831415707853	0.28619843867245087	7.314670863178829e-05
4.6758379189594805	0.27788555371930235	7.296073440632433e-05
4.688844422211105	0.26059090881252556	7.277547742912116e-05
4.7018509254627325	0.24480006054598014	7.259093397682381e-05
4.714857428714357	0.23447101052174946	7.240710034550624e-05
4.7278639319659845	0.22744055577038724	7.222397286177351e-05
4.740870435217609	0.22210444694709863	7.20415478715486e-05
4.7538769384692365	0.21956572505843186	7.185982174495731e-05
4.766883441720861	0.21858177145915625	7.167879088276763e-05
4.779889944972485	0.2140205996572626	7.149845169729385e-05
4.792896448224113	0.20224172704250543	7.131880063226959e-05
4.805902951475737	0.18544882425971443	7.113983415307779e-05
4.818909454727365	0.16972386222391	7.096154874508542e-05
4.831915957978989	0.16002665948066253	7.078394092630003e-05
4.844922461230617	0.15812986430411002	7.060700721794877e-05
4.857928964482241	0.16304485311925554	7.043074418577877e-05
4.870935467733869	0.17133776509216003	7.025514840020008e-05
4.883941970985493	0.1789008090740587	7.008021646337514e-05
4.896948474237117	0.18541849376393205	6.990594499867164e-05
4.909954977488745	0.19499029595079054	6.973233064488937e-05
4.922961480740369	0.2103957529888728	6.9559370070027e-05
4.935967983991997	0.22776443868578233	6.938705995929162e-05
4.948974487243621	0.2360601524514856	6.921539701887358e-05
4.961980990495249	0.22625385705954493	6.904437797872198e-05
4.974987493746873	0.2024641179627441	6.887399958388496e-05
4.987993996998501	0.17652087018514806	6.870425860594498e-05
5.001000500250125	0.1565810300987983	6.853515183868897e-05
5.014007003501749	0.14532290915762458	6.836667608645097e-05
5.027013506753377	0.14277155338079217	6.81988281852064e-05
5.040020010005001	0.14785634036306516	6.803160498225491e-05
5.053026513256629	0.1580671264699971	6.786500334943213e-05
5.066033016508253	0.16885673229095655	6.769902017811358e-05
5.079039519759881	0.175126894061173	6.753365237677222e-05
5.092046023011505	0.1736321708771129	6.736889687630754e-05
5.105052526263133	0.16457549510107938	6.720475062316211e-05
5.118059029514757	0.15269590576145498	6.70412105889806e-05
5.131065532766382	0.14410227616153137	6.68782737595075e-05
5.144072036018009	0.14240964328920824	6.67159371394721e-05
5.157078539269634	0.14834715464731973	6.655419775314364e-05
5.170085042521261	0.15995431751422984	6.639305264688478e-05
5.183091545772886	0.1719241411272151	6.623249887904858e-05
5.196098049024513	0.17743279405558887	6.607253352886033e-05
5.209104552276138	0.17390053293149232	6.591315369808282e-05
5.2221110555277654	0.16407739750576633	6.575435650013617e-05
5.23511755877939	0.15073655029170796	6.55961390692017e-05
5.2481240620310174	0.13593106271344468	6.543849855922268e-05
5.261130565282642	0.12299291875306673	6.528143213702098e-05
5.274137068534266	0.11498901903025904	6.512493699173394e-05
5.287143571785894	0.11333469021264542	6.496901032826408e-05
5.300150075037518	0.11808759389855805	6.481364936672396e-05
5.313156578289146	0.1277283045165144	6.465885134254723e-05
5.32616308154077	0.13770691849233196	6.450461351581449e-05
5.339169584792398	0.14049202984416576	6.435093315826368e-05
5.352176088044022	0.13145628202611304	6.419780755906324e-05
5.36518259129565	0.11424770485406788	6.404523402292472e-05
5.378189094547274	0.09586465117327225	6.389320987376657e-05
5.391195597798898	0.08036145960952745	6.374173244672043e-05
5.404202101050526	0.06859718060768338	6.359079910223109e-05
5.41720860430215	0.06011105313519294	6.34404072062944e-05
5.430215107553778	0.05421307462776026	6.32905541495532e-05
5.443221610805402	0.05031831598512704	6.314123733330845e-05
5.45622811405703	0.04802708091639707	6.299245417706878e-05
5.469234617308654	0.04713716046672212	6.284420211499775e-05
5.482241120560282	0.04760259609211481	6.269647859469263e-05
5.495247623811906	0.04949764611544305	6.25492810837347e-05
5.50825412706353	0.05302074033346327	6.240260706580347e-05
5.521260630315158	0.05843651453337695	6.225645402913038e-05
5.534267133566782	0.06578138741428152	6.211081949014652e-05
5.54727363681841	0.07413549921278884	6.196570097471987e-05
5.560280140070034	0.0809165339554001	6.18210960234844e-05
5.573286643321662	0.08319349540749998	6.167700218995265e-05
5.586293146573286	0.08108019151316004	6.153341704351334e-05
5.599299649824914	0.07784360854882721	6.139033817309514e-05
5.612306153076538	0.07658491795083189	6.12477631746211e-05
5.625312656328163	0.07889410303308897	6.110568966211094e-05
5.63831915957979	0.0855579002785326	6.096411526312906e-05
5.651325662831415	0.09728425496792847	6.082303762300345e-05
5.664332166083042	0.11479777477827569	6.068245439383446e-05
5.677338669334667	0.1379976531279824	6.054236324404272e-05
5.690345172586294	0.16373738565371343	6.0402761863143084e-05
5.703351675837919	0.18377356060704042	6.0263647944092114e-05
5.716358179089546	0.18905902648663897	6.012501920005242e-05
5.729364682341171	0.17981344753294315	5.998687335351249e-05
5.742371185592798	0.16455040164200307	5.984920814394723e-05
5.755377688844423	0.14943976316594765	5.971202132470932e-05
5.768384192096047	0.13603870225280912	5.957531065448052e-05
5.781390695347675	0.12563947904532347	5.943907391547931e-05
5.794397198599299	0.12013127782099475	5.930330889925006e-05
5.807403701850927	0.11991485234982369	5.916801340821731e-05
5.820410205102551	0.12277820758177238	5.903318526034873e-05
5.833416708354179	0.12476288069120867	5.8898822281938656e-05
5.846423211605803	0.1238710787351972	5.87649223190434e-05
5.859429714857431	0.12225028225033252	5.863148322193812e-05
5.872436218109055	0.1225780780256277	5.8498502864212654e-05
5.885442721360679	0.12471066884239534	5.8365979117458444e-05
5.898449224612307	0.12686197836327973	5.823390988268784e-05
5.911455727863931	0.12753848519603106	5.8102293054362875e-05
5.924462231115559	0.12488768835852015	5.7971126559808184e-05
5.937468734367183	0.11713756982685386	5.7840408318798886e-05
5.950475237618811	0.10456144330620842	5.771013627575705e-05
5.963481740870435	0.08977852304743361	5.758030838387551e-05
5.976488244122063	0.07599545786576478	5.745092260522888e-05
5.989494747373687	0.06500499970671592	5.73219769184341e-05
6.002501250625311	0.05708892953969413	5.719346930621594e-05
6.015507753876939	0.05188914378772558	5.706539777472486e-05
6.028514257128563	0.04899884849621572	5.693776033188769e-05
6.041520760380191	0.04817873893852076	5.681055499540122e-05
6.054527263631815	0.04940950068814309	5.668377980594386e-05
6.067533766883443	0.0528957330239217	5.65574328046381e-05
6.080540270135067	0.05902522579410374	5.643151204770547e-05
6.093546773386695	0.06816580973162878	5.630601560291382e-05
6.106553276638319	0.0799986203045846	5.618094154935527e-05
6.1195597798899435	0.09212921424828535	5.605628797433759e-05
6.132566283141571	0.09926710638825176	5.593205297882431e-05
6.1455727863931955	0.09666165950393124	5.5808234673548895e-05
6.158579289644823	0.08568462112223973	5.568483117901479e-05
6.1715857928964475	0.07201712917289882	5.556184063060243e-05
6.184592296148075	0.059838141695832125	5.5439261166134735e-05
6.1975987993996995	0.050454343191453144	5.53170909467493e-05
6.210605302651327	0.043694460664549184	5.5195328127921606e-05
6.2236118059029515	0.039017889343317624	5.507397088644339e-05
6.236618309154579	0.03594680679512907	5.4953017408099214e-05
6.2496248124062035	0.034161395745445744	5.483246588988688e-05
6.262631315657828	0.03348459128189152	5.4712314530136474e-05
6.2756378189094555	0.03385875880779399	5.459256154771719e-05
6.28864432216108	0.0353356901528068	5.447320516793752e-05
6.3016508254127075	0.038066859113261575	5.435424362643104e-05
6.314657328664332	0.04225634466104389	5.4235675163938346e-05
6.3276638319159595	0.04797942701744151	5.411749803929666e-05
6.340670335167584	0.05471295038157298	5.399971051534003e-05
6.3536768384192115	0.06073817201154308	5.38823108660047e-05
6.366683341670836	0.06371458513436612	5.376529737455282e-05
6.37968984492246	0.06317217497858796	5.364866833668103e-05
6.392696348174088	0.06134125645389876	5.353242205119457e-05
6.405702851425712	0.06080591971155036	5.341655683466229e-05
6.41870935467734	0.06305463845932568	5.3301071004319134e-05
6.431715857928964	0.06886379902199968	5.3185962891943994e-05
6.444722361180592	0.078885008827001	5.3071230840529005e-05
6.457728864432216	0.09370271621977888	5.295687319595288e-05
6.470735367683844	0.11305463966110729	5.284288831708395e-05
6.483741870935468	0.1339235982114343	5.272927457677934e-05
6.496748374187092	0.14912369696338146	5.2616030344232456e-05
6.50975487743872	0.15161659957889118	5.250315400773253e-05
6.522761380690344	0.14258170237048207	5.239064396311832e-05
6.535767883941972	0.12930114698216555	5.227849861177969e-05
6.548774387193596	0.11658685407478053	5.216671636143477e-05
6.561780890445224	0.10569550193258948	5.205529564100697e-05
6.574787393696848	0.09770049393974056	5.1944234873757544e-05
6.587793896948476	0.0939362983789439	5.1833532499934165e-05
6.6008004002001	0.09456681649018128	5.172318696577971e-05
6.613806903451724	0.09779617216804581	5.161319672486453e-05
6.626813406703352	0.10025042044497579	5.1503560240528934e-05
6.639819909954976	0.0995376646501458	5.139427598566115e-05
6.652826413206604	0.09640504343761447	5.128534243714622e-05
6.665832916458228	0.0931434527544569	5.117675808974376e-05
6.678839419709856	0.0913867056007942	5.106852143310636e-05
6.69184592296148	0.09097831979827564	5.0960630971541576e-05
6.704852426213108	0.08950086948742686	5.0853085224011885e-05
6.717858929464732	0.08432730621622853	5.074588270492786e-05
6.73086543271636	0.07577686032556141	5.063902194601955e-05
6.743871935967984	0.06645034372920156	5.053250148145949e-05
6.756878439219609	0.058486315241930265	5.042631985874291e-05
6.769884942471236	0.05267309515093743	5.032047562802955e-05
6.782891445722861	0.04897529378115206	5.0214967350581396e-05
6.795897948974488	0.047254859372777513	5.010979359310053e-05
6.808904452226113	0.04758125073334174	5.000495293205898e-05
6.82191095547774	0.05017540800882225	4.99004439504791e-05
6.834917458729365	0.05530841705831302	4.979626523704539e-05
6.847923961980992	0.06312252805223062	4.969241539265479e-05
6.860930465232617	0.07316094277393337	4.9588893021423885e-05
6.873936968484241	0.08342325291290675	4.9485696737572304e-05
6.886943471735869	0.0896190640082869	4.93828251609818e-05
6.899949974987493	0.0876085474676419	4.928027691797343e-05
6.912956478239121	0.07823328846289279	4.9178050646525584e-05
6.925962981490745	0.06634457319543108	4.907614498872448e-05
6.938969484742373	0.05575868464222755	4.8974558593872786e-05
6.951975987993997	0.04776614058157069	4.8873290116713264e-05
6.964982491245625	0.0422636857231653	4.877233822186966e-05
6.977988994497249	0.03871998710967528	4.8671701582403415e-05
6.990995497748873	0.03656761051058488	4.8571378876038906e-05
7.004002001000501	0.035397743097735024	4.847136878483038e-05
7.017008504252125	0.0350275140522579	4.8371670002267386e-05
7.030015007503753	0.03541041604842665	4.827228122705751e-05
7.043021510755377	0.03658489112162955	4.817320116456969e-05
7.056028014007005	0.03851781427868195	4.8074428531497126e-05
7.069034517258629	0.040823416728109296	4.7975962039426e-05
7.082041020510257	0.04293849026534413	4.787780041892731e-05
7.095047523761881	0.044919665613984305	4.777994240190431e-05
7.108054027013505	0.04767921920045193	4.768238672658853e-05
7.121060530265133	0.052312135804291504	4.75851321380949e-05
7.134067033516757	0.059720716412596464	4.748817739441691e-05
7.147073536768385	0.07066407592993396	4.739152124710877e-05
7.160080040020009	0.085538284166781	4.7295162462268614e-05
7.173086543271637	0.1033047303513146	4.719909981654169e-05
7.186093046523261	0.1196831999519874	4.7103332082687466e-05
7.199099549774889	0.12754308458149577	4.7007858048564444e-05
7.212106053026513	0.123141802680648	4.6912676505805884e-05
7.2251125562781375	0.11096218263473545	4.6817786245823e-05
7.238119059529765	0.0984859524662074	4.672318607579218e-05
7.2511255627813895	0.09006021185319968	4.6628874806664555e-05
7.264132066033017	0.08641573017979765	4.65348512505015e-05
7.2771385692846415	0.08592166726924944	4.6441114230022507e-05
7.290145072536269	0.08554269057088648	4.634766257527456e-05
7.3031515757878935	0.08266568194549273	4.625449511697077e-05
7.316158079039521	0.07721977329193375	4.616161069359581e-05
7.3291645822911455	0.0712781138787889	4.60690081558468e-05
7.342171085542773	0.0667810693025741	4.597668635020202e-05
7.3551775887943975	0.06423834862007849	4.588464413912696e-05
7.368184092046022	0.06306083846499311	4.5792880382977685e-05
7.3811905952976495	0.06284069679051874	4.570139395088102e-05
7.394197098549274	0.06388445101256202	4.561018371818104e-05
7.4072036018009015	0.06627866748557587	4.5519248564551695e-05
7.420210105052526	0.0694848185432887	4.542858738221245e-05
7.4332166083041535	0.07335089440975273	4.5338199052169514e-05
7.446223111555778	0.07831742258785301	4.524808248251855e-05
7.4592296148074055	0.08381519439066343	4.5158236570808086e-05
7.47223611805903	0.08754326868565032	4.506866022591094e-05
7.485242621310654	0.08719469199790242	4.497935236535966e-05
7.498249124562282	0.0830189762489657	4.4890311905687597e-05
7.511255627813906	0.07794454101435877	4.480153777608464e-05
7.524262131065534	0.07478931173474457	4.471302890651785e-05
7.537268634317158	0.07429250876010451	4.4624784230618e-05
7.550275137568786	0.07512547340191134	4.453680269156379e-05
7.56328164082041	0.07512246470290629	4.444908323231189e-05
7.576288144072038	0.07343256930792186	4.436162481280537e-05
7.589294647323662	0.0708233126318033	4.42744263841055e-05
7.602301150575286	0.06754995464481672	4.4187486911706486e-05
7.615307653826914	0.063189291367447	4.410080536443317e-05
7.628314157078538	0.05837421822429789	4.401438071133246e-05
7.641320660330166	0.05460163466453949	4.392821193288654e-05
7.65432716358179	0.052943271307131834	4.3842298012242154e-05
7.667333666833418	0.05386920511286719	4.3756637941094745e-05
7.680340170085042	0.05766606062865165	4.367123070658785e-05
7.69334667333667	0.06467236648265495	4.35860753122963e-05
7.706353176588294	0.07513530657306067	4.3501170759241425e-05
7.719359679839918	0.08856812409743953	4.341651605543895e-05
7.732366183091546	0.10275632462479711	4.333211021634309e-05
7.74537268634317	0.11341371543594958	4.324795225874034e-05
7.758379189594798	0.11563236892422823	4.316404120408013e-05
7.771385692846422	0.10767433538239057	4.3080376083914906e-05
7.78439219609805	0.09355754379879966	4.2996955928020775e-05
7.7973986993496744	0.07908398558276075	4.291377977716504e-05
7.810405202601302	0.0673787976994803	4.2830846669561495e-05
7.8234117058529264	0.058939781356525	4.27481556561915e-05
7.836418209104554	0.053250739617953013	4.2665705784816765e-05
7.8494247123561784	0.04978934681916203	4.258349611518941e-05
7.862431215607803	0.04830606784627389	4.2501525705396226e-05
7.8754377188594304	0.048760169953986576	4.241979362462622e-05
7.888444222111055	0.051258578385068865	4.233829894106922e-05
7.9014507253626824	0.056072982397665894	4.2257040727022854e-05
7.914457228614307	0.06364141647470789	4.217601806555393e-05
7.9274637318659344	0.07441474519531033	4.209523004061744e-05
7.940470235117559	0.08829336926762599	4.201467573794471e-05
7.9534767383691864	0.10347587366430844	4.193435425059455e-05
7.966483241620811	0.11593229555338092	4.1854264677398945e-05
7.979489744872435	0.12249362932622287	4.177440611929928e-05
7.992496248124063	0.12502894325092084	4.169477768267704e-05
8.005502751375687	0.1277004812617012	4.161537847713337e-05
8.018509254627315	0.13107186118019898	4.153620761804255e-05
8.031515757878939	0.13169656430222887	4.145726422266627e-05
8.044522261130567	0.12748818392358596	4.13785474148165e-05
8.057528764382191	0.12084999551346798	4.130005632352329e-05
8.070535267633819	0.11487142053430044	4.122179007848281e-05
8.083541770885443	0.11043901574489001	4.114374781760688e-05
8.096548274137067	0.10746671706461641	4.106592867980652e-05
8.109554777388695	0.1058212243419514	4.0988331808988754e-05
8.12256128064032	0.10533757420617151	4.091095635183617e-05
8.135567783891947	0.10646533433136085	4.083380146602256e-05
8.148574287143571	0.11055183505549548	4.075686630455877e-05
8.161580790395199	0.11869693336891607	4.06801500241194e-05
8.174587293646823	0.129616671343753	4.0603651797255225e-05
8.187593796898451	0.13860869574856416	4.05273707874132e-05
8.200600300150075	0.1402946670025842	4.0451306168476364e-05
8.2136068034017	0.13432538155460194	4.037545711788049e-05
8.226613306653327	0.12620191290798743	4.029982281139599e-05
8.239619809904951	0.12170757497377016	4.0224402441224605e-05
8.25262631315658	0.12313421064248209	4.014919519013116e-05
8.265632816408203	0.12873233473286871	4.0074200252426806e-05
8.278639319659831	0.13291550513429773	3.999941682419905e-05
8.291645822911455	0.12945232891162584	3.9924844102978696e-05
8.304652326163083	0.11765394019258968	3.985048129517832e-05
8.317658829414707	0.10257162908571926	3.977632760610028e-05
8.330665332666335	0.08903813173671848	3.970238224915157e-05
8.34367183591796	0.07862153460947774	3.962864443718406e-05
8.356678339169584	0.07059842573012887	3.9555113388933805e-05
8.369684842421211	0.06413513641821511	3.9481788329243095e-05
8.382691345672836	0.05944123938302914	3.940866848051172e-05
8.395697848924463	0.05716119852867252	3.933575307479842e-05
8.408704352176088	0.05764203818790947	3.9263041345383165e-05
8.421710855427715	0.060703372227031704	3.9190532528654565e-05
8.43471735867934	0.06526468806538133	3.911822586322167e-05
8.447723861930967	0.06908847291757769	3.9046120598462686e-05
8.460730365182592	0.07023319664105199	3.897421597576223e-05
8.473736868434216	0.06943708607540111	3.890251125182598e-05
8.486743371685844	0.06925258954769564	3.8831005675921126e-05
8.499749874937468	0.07108480226178482	3.8759698509860385e-05
8.512756378189096	0.07390381548814284	3.86885890161226e-05
8.52576288144072	0.0748241437666568	3.861767645507719e-05
8.538769384692348	0.07122857257196769	3.8546960100638294e-05
8.551775887943972	0.06324900107986642	3.847643922250121e-05
8.5647823911956	0.05354205440645343	3.840611309469111e-05
8.577788894447224	0.044632679467410785	3.8335980999115726e-05
8.590795397698848	0.03761010387945274	3.8266042212797835e-05
8.603801900950476	0.032568703843756985	3.819629602708208e-05
8.6168084042021	0.029262643907380537	3.812674172765096e-05
8.629814907453728	0.0274375219991545	3.805737860551606e-05
8.642821410705352	0.026914012071993954	3.798820595612984e-05
8.65582791395698	0.027531207527881074	3.7919223080717934e-05
8.668834417208604	0.02895605270129864	3.78504292791737e-05
8.681840920460232	0.03040295840088525	3.778182385938411e-05
8.694847423711856	0.03071293004723541	3.771340612490626e-05
8.70785392696348	0.02914962174472513	3.7645175387956975e-05
8.720860430215108	0.02603681682826564	3.757713096752546e-05
8.733866933466732	0.02238940917340726	3.750927217460731e-05
8.74687343671836	0.019063742890996216	3.74415983390719e-05
8.759879939969984	0.0163796813036039	3.73741087772439e-05
8.772886443221612	0.014281802977001434	3.7306802819325746e-05
8.785892946473236	0.012590345481125809	3.723967979285536e-05
8.798899449724864	0.01116560050026505	3.717273903691698e-05
8.811905952976488	0.009954708351219366	3.710597988393349e-05
8.824912456228116	0.008945685589663577	3.703940167321118e-05
8.83791895947974	0.00811930875101785	3.697300374849721e-05
8.850925462731364	0.007442208258789829	3.6906785453871827e-05
8.863931965982992	0.006878079235656198	3.684074614018762e-05
8.876938469234616	0.006398997543777374	3.6774885152413006e-05
8.889944972486244	0.005989604441660079	3.670920185161464e-05
8.902951475737868	0.005641044050186728	3.664369559486236e-05
8.915957978989496	0.005344151226767457	3.657836573700557e-05
8.92896448224112	0.005087368101253986	3.651321164688248e-05
8.941970985492748	0.00485878345851154	3.64482326883353e-05
8.954977488744372	0.00464921525818307	3.6383428226538506e-05
8.967983991995997	0.004450762641527106	3.6318797639101064e-05
8.980990495247624	0.004257396408584024	3.62543402994131e-05
8.993996998499249	0.004069153160801253	3.619005558075372e-05
9.007003501750876	0.0038891340995762524	3.612594286706017e-05
9.0200100050025	0.003719307413629136	3.606200154304684e-05
9.033016508254128	0.003560909714439453	3.599823098832111e-05
9.046023011505753	0.00341515195665687	3.593463059670121e-05
9.05902951475738	0.0032824167722045328	3.587119975523301e-05
9.072036018009005	0.003161754666820671	3.580793786228664e-05
9.085042521260629	0.0030513891584317276	3.5744844311680346e-05
9.098049024512257	0.002949375223306183	3.5681918505447996e-05
9.111055527763881	0.002854210152606451	3.5619159841959736e-05
9.124062031015509	0.0027651086528569513	3.555656773068794e-05
9.137068534267133	0.002681636150795974	3.549414157200115e-05
9.15007503751876	0.0026033398906458727	3.5431880783476366e-05
9.163081540770385	0.0025297201360687804	3.536978477780561e-05
9.176088044022013	0.002460301726137426	3.530785296257388e-05
9.189094547273637	0.0023946685736413453	3.5246084763462804e-05
9.202101050525261	0.0023324657067753662	3.518447959760529e-05
9.215107553776889	0.002273390391911989	3.5123036889572745e-05
9.228114057028513	0.0022171821782734913	3.5061756064824756e-05
9.241120560280141	0.0021636145813557217	3.500063654893193e-05
9.254127063531765	0.0021124886561414424	3.4939677777678924e-05
9.267133566783393	0.0020636281086057195	3.487887917974497e-05
9.280140070035017	0.0020168755514480274	3.481824019235802e-05
9.293146573286645	0.0019720895923858173	3.475776025585464e-05
9.30615307653827	0.001929142530318062	3.469743880890608e-05
9.319159579789897	0.0018879185014191169	3.463727529551264e-05
9.332166083041521	0.0018483119641742318	3.457726916267223e-05
9.345172586293145	0.001810226444399432	3.4517419852386766e-05
9.358179089544773	0.0017735734831476613	3.445772682697523e-05
9.371185592796397	0.0017382717455801666	3.439818952744034e-05
9.384192096048025	0.0017042462593351848	3.4338807415879025e-05
9.39719859929965	0.001671427758461519	3.4279579951279615e-05
9.410205102551277	0.0016397521143974858	3.4220506585636024e-05
9.423211605802901	0.0016091598394382123	3.416158679236947e-05
9.43621810905453	0.0015795956511513998	3.410282002891396e-05
9.449224612306153	0.001551008088400807	3.4044205763805735e-05
9.462231115557778	0.00152334917138508	3.398574346902272e-05
9.475237618809405	0.001496574099529635	3.3927432614211384e-05
9.48824412206103	0.0014706409819987831	3.386927267634565e-05
9.501250625312657	0.001445510596543964	3.381126312673732e-05
9.514257128564282	0.0014211461730955222	3.3753403448910646e-05
9.52726363181591	0.0013975131989587553	3.369569312250409e-05
9.540270135067534	0.001374579243074936	3.3638131632152124e-05
9.553276638319161	0.0013523137970337107	3.358071845993571e-05
9.566283141570786	0.0013306881309875784	3.352345309715066e-05
9.57928964482241	0.0013096751627317271	3.3466335030207794e-05
9.592296148074038	0.0012892493385588955	3.340936375406667e-05
9.605302651325662	0.0012693865245904101	3.33525387625766e-05
9.61830915457729	0.0012500639075165854	3.3295859553916785e-05
9.631315657828914	0.0012312599037662686	3.323932562548926e-05
9.644322161080542	0.001212954076237227	3.3182936477027525e-05
9.657328664332166	0.0011951270578769435	3.312669161437132e-05
9.670335167583794	0.0011777604814358078	3.307059053736516e-05
9.683341670835418	0.001160836914763319	3.301463275939831e-05
9.696348174087042	0.0011443398012039863	3.295881778775378e-05
9.70935467733867	0.0011282534045581327	3.290314513559878e-05
9.722361180590294	0.001112562758225577	3.2847614312325746e-05
9.735367683841922	0.0010972536181456105	3.279222483876243e-05
9.748374187093546	0.0010823124192067546	3.273697622707683e-05
9.761380690345174	0.0010677262348244287	3.268186800320372e-05
9.774387193596798	0.0010534827394154123	3.2626899685639366e-05
9.787393696848426	0.0010395701735250729	3.2572070798986275e-05
9.80040020010005	0.001025977311377213	3.251738087128864e-05
9.813406703351678	0.0010126934306836644	3.246282942703793e-05
9.826413206603302	0.0009997082844801497	3.240841599905231e-05
9.839419709854926	0.0009870120748736166	3.2354140117485386e-05
9.852426213106554	0.0009745954285105274	3.230000131748678e-05
9.865432716358178	0.000962449373673735	3.224599913587145e-05
9.878439219609806	0.0009505653188478513	3.219213310956537e-05
9.89144572286143	0.0009389350326625134	3.213840277971336e-05
9.904452226113058	0.0009275506250937537	3.2084807689236605e-05
9.917458729364682	0.0009164045298707402	3.203134737606028e-05
9.93046523261631	0.000905489487923572	3.1978021392542466e-05
9.943471735867934	0.0008947985318810137	3.192482928549012e-05
9.956478239119559	0.0008843249715012602	3.187177060048896e-05
9.969484742371186	0.0008740623799494696	3.181884489344977e-05
9.98249124562281	0.0008640045809155117	3.1766051716175525e-05
9.995497748874438	0.0008541456364763444	3.1713390624910076e-05
10.008504252126063	0.0008444798356608274	3.166086117345479e-05
10.02151075537769	0.0008350016836592422	3.1608462925714065e-05
10.034517258629315	0.0008257058916816273	3.1556195439819135e-05
10.047523761880942	0.0008165873673403601	3.1504058281006664e-05
10.060530265132567	0.0008076412055976201	3.145205100851811e-05
10.07353676838419	0.0007988626802292176	3.14001731933633e-05
10.086543271635819	0.0007902472356766665	3.1348424403554453e-05
10.099549774887443	0.0007817904794535924	3.129680420799197e-05
10.11255627813907	0.000773488174858783	3.12453121783518e-05
10.125562781390695	0.0007653362341307757	3.1193947888308315e-05
10.138569284642323	0.0007573307119592698	3.114271091531062e-05
10.151575787893947	0.0007494677993030718	3.109160083270002e-05
10.164582291145575	0.0007417438175653102	3.10406172258082e-05
10.177588794397199	0.0007341552130413209	3.0989759667421346e-05
10.190595297648823	0.0007266985516585223	3.0939027745979786e-05
10.20360180090045	0.0007193705139872941	3.0888421044705794e-05
10.216608304152075	0.0007121678904845608	3.08379391465996e-05
10.229614807403703	0.0007050875769806231	3.078758163921336e-05
10.242621310655327	0.000698126570389701	3.073734811809281e-05
10.255627813906955	0.0006912819646305302	3.068723816679331e-05
10.268634317158579	0.0006845509467374722	3.063725138230389e-05
10.281640820410207	0.0006779307931601419	3.0587387358282925e-05
10.294647323661831	0.0006714188662280129	3.053764569160844e-05
10.307653826913459	0.0006650126108161958	3.048802597815925e-05
10.320660330165083	0.0006587095511239038	3.0438527817477912e-05
10.333666833416707	0.0006525072876178983	3.0389150813103782e-05
10.346673336668335	0.0006464034941339181	3.0339894565911685e-05
10.35967983991996	0.0006403959150860228	3.029075867866382e-05
10.372686343171587	0.0006344823628147145	3.0241742762004975e-05
10.385692846423211	0.0006286607150466361	3.0192846418364283e-05
10.398699349674839	0.0006229289124810578	3.01440692617172e-05
10.411705852926463	0.0006172849564596294	3.009541089893375e-05
10.424712356178091	0.0006117269067731357	3.0046870944100412e-05
10.437718859429715	0.0006062528795175437	2.999844901452331e-05
10.45072536268134	0.0006008610450928265	2.9950144718293714e-05
10.463731865932967	0.0005955496262487481	2.9901957678268865e-05
10.476738369184591	0.0005903168962351213	2.9853887512754085e-05
10.48974487243622	0.0005851611770231191	2.980593383916652e-05
10.502751375687843	0.0005800808376059674	2.9758096283583058e-05
10.515757878939471	0.0005750742923575913	2.9710374465530265e-05
10.528764382191095	0.000570139999488517	2.9662768010974006e-05
10.541770885442723	0.0005652764595260873	2.9615276547101388e-05
10.554777388694347	0.000560482213897262	2.9567899701765654e-05
10.567783891945972	0.0005557558435450582	2.952063710492947e-05
10.5807903951976	0.0005510959676149341	2.947348838788777e-05
10.593796898449224	0.000546501242191022	2.9426453177938683e-05
10.606803401700851	0.00054197035908643	2.9379531115480972e-05
10.619809904952476	0.0005375020447081491	2.9332721837138642e-05
10.632816408204103	0.0005330950589529371	2.928602497154209e-05
10.645822911455728	0.0005287481941759209	2.9239440163308927e-05
10.658829414707355	0.0005244602742414672	2.9192967052726893e-05
10.67183591795898	0.0005202301536262333	2.9146605276197945e-05
10.684842421210604	0.000516056716639901	2.9100354479782986e-05
10.697848924462232	0.0005119388767205191	2.9054214310209048e-05
10.710855427713856	0.0005078755757510489	2.900818440720876e-05
10.723861930965484	0.0005038657830963578	2.8962264423282313e-05
10.736868434217108	0.0004999084932835185	2.8916454002381187e-05
10.749874937468736	0.0004960027199693018	2.8870752795673305e-05
10.76288144072036	0.0004921474842195517	2.882516046054384e-05
10.775887943971988	0.0004883418077672452	2.8779676637613605e-05
10.788894447223612	0.00048458474030455	2.8734300993260575e-05
10.801900950475236	0.0004808754022513906	2.8689033174211787e-05
10.814907453726864	0.00047721296831571003	2.8643872839295703e-05
10.827913956978488	0.0004735966214036713	2.8598819652003726e-05
10.840920460230116	0.000470025542074759	2.8553873264725027e-05
10.85392696348174	0.0004664989190648061	2.8509033341839185e-05
10.866933466733368	0.00046301595724806965	2.8464299543728977e-05
10.879939969984992	0.00045957588029266194	2.8419671536883406e-05
10.89294647323662	0.00045617793078789326	2.837514898645921e-05
10.905952976488244	0.0004528213696343153	2.8330731552950184e-05
10.918959479739872	0.00044950547531796836	2.8286418911949163e-05
10.931965982991496	0.0004462295432273722	2.8242210726725503e-05
10.94497248624312	0.00044299288504834333	2.8198106668320122e-05
10.957978989494748	0.0004397948282197639	2.815410641032745e-05
10.970985492746372	0.00043663471544952426	2.8110209625675786e-05
10.983991995998	0.0004335119042646607	2.8066415986183202e-05
10.996998499249624	0.00043042576661112	2.8022725168108664e-05
11.010005002501252	0.00042737568846762386	2.7979136849043407e-05
11.023011505752876	0.00042436106952170594	2.793565070646764e-05
11.036018009004504	0.00042138132287938834	2.7892266418305667e-05
11.049024512256128	0.00041843587482226496	2.7848983667921878e-05
11.062031015507753	0.00041552416464030184	2.7805802135238977e-05
11.07503751875938	0.00041264564447140994	2.7762721503621357e-05
11.088044022011005	0.00040979977898858433	2.7719741456655456e-05
11.101050525262632	0.00040698604424005413	2.7676861680037135e-05
11.114057028514257	0.00040420392401363525	2.763408186301497e-05
11.127063531765884	0.00040145290166127	2.7591401688842332e-05
11.140070035017509	0.00039873245257016077	2.7548820851430733e-05
11.153076538269136	0.00039604205925447555	2.7506339038252392e-05
11.16608304152076	0.00039338124808796504	2.746395594366291e-05
11.179089544772385	0.00039074958816809335	2.7421671255023483e-05
11.192096048024013	0.0003881466539497058	2.737948467179674e-05
11.205102551275637	0.00038557201067324076	2.7337395885673743e-05
11.218109054527265	0.0003830252216122654	2.729540459733837e-05
11.231115557778889	0.0003805058556272112	2.7253510500480083e-05
11.244122061030517	0.00037801349014221497	2.7211713298114226e-05
11.25712856428214	0.0003755477117437511	2.717001268404129e-05
11.270135067533769	0.00037310811594570836	2.712840836405217e-05
11.283141570785393	0.0003706943068041424	2.7086900038386652e-05
11.296148074037017	0.0003683058965563424	2.7045487410393143e-05
11.309154577288645	0.0003659425053093024	2.7004170186861742e-05
11.322161080540269	0.0003636037607547271	2.6962948070918813e-05
11.335167583791897	0.00036128929794931874	2.69218207705757e-05
11.348174087043521	0.0003589987590825183	2.688078799450988e-05
11.361180590295149	0.00035673179330486526	2.683984945128781e-05
11.374187093546773	0.00035448805652904536	2.6799004848698793e-05
11.3871935967984	0.0003522672112610259	2.6758253904080043e-05
11.400200100050025	0.00035006892645395027	2.6717596323666548e-05
11.413206603301653	0.0003478928773248402	2.6677031822242014e-05
11.426213106553277	0.0003457387452276972	2.6636560119253083e-05
11.439219609804901	0.00034360621749673914	2.65961809237103e-05
11.452226113056529	0.00034149498731195216	2.6555893956836663e-05
11.465232616308153	0.0003394047535636435	2.6515698937745746e-05
11.478239119559781	0.0003373352207169944	2.647559558133228e-05
11.491245622811405	0.00033528609869559745	2.6435583607820057e-05
11.504252126063033	0.000333257102753004	2.6395662744094217e-05
11.517258629314657	0.000331247953357483	2.635583270571562e-05
11.530265132566285	0.00032925837607866715	2.6316093219791448e-05
11.54327163581791	0.00032728810148707765	2.627644401198559e-05
11.556278139069533	0.00032533686504132575	2.623688480285491e-05
11.569284642321161	0.000323404407005623	2.619741532194908e-05
11.582291145572785	0.00032149047235718875	2.615803529493199e-05
11.595297648824413	0.0003195948107101998	2.611874445446194e-05
11.608304152076037	0.00031771717626560836	2.607954252653588e-05
11.621310655327665	0.0003158573277565191	2.604042924414518e-05
11.63431715857929	0.000314015028462733	2.600140433650644e-05
11.647323661830917	0.00031219004621829693	2.5962467535611822e-05
11.660330165082541	0.00031038215354395327	2.5923618580891983e-05
11.673336668334166	0.0003085911278247755	2.5884857199010014e-05
11.686343171585793	0.0003068167516483422	2.5846183128730438e-05
11.699349674837418	0.00030505881324138784	2.5807596112148445e-05
11.712356178089045	0.0003033171068099749	2.5769095879590864e-05
11.72536268134067	0.00030159143193908555	2.573068217337493e-05
11.738369184592298	0.0002998815893306972	2.5692354733153344e-05
11.751375687843922	0.00029818736741604734	2.5654113297912673e-05
11.76438219109555	0.0002965085186886762	2.5615957610192197e-05
11.777388694347174	0.0002948447585018332	2.557788741219813e-05
11.790395197598798	0.0002931958386075406	2.553990244924531e-05
11.803401700850426	0.0002915616105959584	2.5502002463650975e-05
11.81640820410205	0.0002899419563198169	2.5464187203394495e-05
11.829414707353678	0.00028833671693917484	2.5426456414567866e-05
11.842421210605302	0.0002867457199844381	2.5388809839488324e-05
11.85542771385693	0.0002851688079245074	2.5351247232907603e-05
11.868434217108554	0.00028360582259567835	2.5313768341250764e-05
11.881440720360182	0.00028205659488522716	2.5276372915050693e-05
11.894447223611806	0.0002805209506162587	2.52390607039521e-05
11.907453726863434	0.0002789987169831143	2.520183146592636e-05
11.920460230115058	0.00027748972507446457	2.5164684947953653e-05
11.933466733366682	0.000275993810314179	2.512762090389753e-05
11.94647323661831	0.00027451081228524465	2.509063909161835e-05
11.959479739869934	0.00027304057450716623	2.505373926797727e-05
11.972486243121562	0.000271582944399662	2.501692118406229e-05
11.985492746373186	0.0002701377734057875	2.498018460217466e-05
11.998499249624814	0.00026870491728681056	2.4943529281507004e-05
12.011505752876438	0.00026728423642741195	2.4906954979475593e-05
12.024512256128066	0.0002658755953796055	2.487046145371874e-05
12.03751875937969	0.0002644788594698966	2.4834048470423475e-05
12.050525262631314	0.00026309388358569663	2.479771578989265e-05
12.063531765882942	0.0002617204914180382	2.476146317142991e-05
12.076538269134566	0.00026035847171834714	2.472529038710647e-05
12.089544772386194	0.00025900764220732064	2.468919719300633e-05
12.102551275637818	0.00025766791725312377	2.4653183359202302e-05
12.115557778889446	0.00025633925337331664	2.461724865199244e-05
12.12856428214107	0.0002550215581473836	2.458139283589844e-05
12.141570785392698	0.00025371466320034397	2.4545615681437205e-05
12.154577288644322	0.0002524183606622543	2.45099169614571e-05
12.167583791895947	0.00025113249569175267	2.4474296435483822e-05
12.180590295147574	0.00024985700313462367	2.4438753882471964e-05
12.193596798399199	0.0002485918336215809	2.440328907360456e-05
12.206603301650826	0.00024733690145395393	2.4367901777955225e-05
12.21960980490245	0.00024609209344861327	2.4332591773146284e-05
12.232616308154078	0.0002448572880863198	2.4297358826808058e-05
12.245622811405703	0.00024363236477309425	2.426220272011559e-05
12.25862931465733	0.00024241720642181885	2.422712322558418e-05
12.271635817908955	0.00024121169950930277	2.4192120121169225e-05
12.284642321160579	0.0002400157336512887	2.4157193181273406e-05
12.297648824412207	0.00023882920108631023	2.412234218818199e-05
12.31065532766383	0.00023765199633341005	2.4087566917407877e-05
12.323661830915459	0.00023648401591502832	2.405286715101429e-05
12.336668334167083	0.00023532515816548916	2.4018242669066048e-05
12.34967483741871	0.00023417532311598155	2.398369325262717e-05
12.362681340670335	0.00023303441238642364	2.3949218683760876e-05
12.375687843921963	0.00023190232911152187	2.391481874564061e-05
12.388694347173587	0.00023077897789192114	2.388049322277208e-05
12.401700850425215	0.00022966426473525203	2.384624189999407e-05
12.414707353676839	0.00022855809702970742	2.381206455970286e-05
12.427713856928463	0.00022746038350485165	2.3777960990623015e-05
12.44072036018009	0.00022637103419076432	2.3743930978259442e-05
12.453726863431715	0.0002252899604131553	2.3709974311558746e-05
12.466733366683343	0.00022421707474373775	2.367609077857935e-05
12.479739869934967	0.00022315229099967304	2.3642280167490703e-05
12.492746373186595	0.00022209552420282552	2.3608542271014166e-05
12.505752876438219	0.00022104669057176896	2.357487687854043e-05
12.518759379689847	0.00022000570749725057	2.3541283779904276e-05
12.531765882941471	0.0002189724935209858	2.3507762768271157e-05
12.544772386193095	0.00021794696832810878	2.3474313636140387e-05
12.557778889444723	0.00021692905271275542	2.344093617923093e-05
12.570785392696347	0.0002159186685845027	2.3407630189153927e-05
12.583791895947975	0.00021491573893195337	2.3374395463515718e-05
12.5967983991996	0.00021392018782628863	2.3341231796925044e-05
12.609804902451227	0.00021293194040383767	2.3308138985544957e-05
12.622811405702851	0.00021195092283810002	2.3275116832532916e-05
12.635817908954479	0.00021097706235428948	2.3242165125059167e-05
12.648824412206103	0.00021001028721057136	2.3209283673053527e-05
12.661830915457728	0.00020905052668362956	2.317647226734998e-05
12.674837418709355	0.00020809771106844455	2.3143730715546873e-05
12.68784392196098	0.00020715177168040277	2.3111058812141927e-05
12.700850425212607	0.00020621264085229907	2.3078456362513045e-05
12.713856928464232	0.00020528025192778632	2.3045923171927107e-05
12.72686343171586	0.000204354539288909	2.3013459034437744e-05
12.739869934967484	0.0002034354383564363	2.2981063763749532e-05
12.752876438219111	0.00020252288560573817	2.2948737158579036e-05
12.765882941470736	0.0002016168186071976	2.2916479026968695e-05
12.77888944472236	0.00020071717606395811	2.28842891707437e-05
12.791895947973988	0.00019982389786010746	2.2852167403164536e-05
12.804902451225612	0.00019893692514660888	2.2820113525057195e-05
12.81790895447724	0.00019805620044566208	2.2788127346795584e-05
12.830915457728864	0.0001971816677756033	2.2756208678531564e-05
12.843921960980492	0.00019631327285896116	2.272435732852962e-05
12.856928464232116	0.00019545096338580148	2.269257310805184e-05
12.869934967483744	0.00019459468937632618	2.26608558223651e-05
12.882941470735368	0.00019374440369712698	2.2629205290614074e-05
12.895947973986996	0.00019290006280869854	2.2597621318731775e-05
12.90895447723862	0.0001920616277979459	2.2566103723087316e-05
12.921960980490244	0.0001912290659481508	2.253465231716323e-05
12.934967483741872	0.00019040235299550012	2.250326691088933e-05
12.947973986993496	0.0001895814765421333	2.247194732185598e-05
12.960980490245124	0.00018876644114129704	2.2440693366543307e-05
12.973986993496748	0.00018795727588982736	2.240950485898896e-05
12.986993496748376	0.00018715404534752622	2.237838161411876e-05
13.0	0.00018635686372781013	2.2347323453630885e-05
NEXT_SITE