PARAMETERS	16	12.0	6.0	16	0	-99.617286095422
#OMEGA	VALUE
-13.0	2.2346524228500364e-05	0.00018643786123329065
-12.986993496748374	2.2377579614873966e-05	0.00018723943526111064
-12.973986993496748	2.2408700072973353e-05	0.0001880463175680802
-12.960980490245122	2.2439885784542035e-05	0.00018885806322010978
-12.947973986993496	2.2471136937429748e-05	0.00018967449630058475
-12.934967483741872	2.2502453709161152e-05	0.0001904960577184811
-12.921960980490246	2.2533836288030074e-05	0.00019132334982929766
-12.90895447723862	2.256528486144216e-05	0.00019215671511862986
-12.895947973986994	2.2596799612140117e-05	0.00019299627138236186
-12.882941470735368	2.2628380725975283e-05	0.00019384204865335875
-12.869934967483742	2.266002839490522e-05	0.00019469403412231134
-12.856928464232116	2.2691742800229342e-05	0.00019555212192001736
-12.84392196098049	2.2723524135348505e-05	0.00019641605320508404
-12.830915457728864	2.2755372587779377e-05	0.00019728556453757484
-12.817908954477238	2.2787288348924406e-05	0.0001981607177582445
-12.804902451225614	2.2819271606855374e-05	0.00019904186863384243
-12.791895947973988	2.285132255541722e-05	0.00019992932862344936
-12.778889444722362	2.2883441385235237e-05	0.00020082324526726758
-12.765882941470736	2.2915628289488232e-05	0.00020172367251758416
-12.75287643821911	2.2947883460577856e-05	0.00020263063879522036
-12.739869934967484	2.2980207095013583e-05	0.00020354417457058016
-12.726863431715858	2.301259938364275e-05	0.0002044643187949502
-12.713856928464232	2.304506052552835e-05	0.00020539111849060543
-12.700850425212606	2.307759071218385e-05	0.0002063246269858876
-12.687843921960981	2.311019014955562e-05	0.00020726490229450167
-12.674837418709355	2.3142859025715445e-05	0.00020821200595899647
-12.66183091545773	2.3175597541280624e-05	0.00020916600224640813
-12.648824412206103	2.3208405897645612e-05	0.00021012695764532907
-12.635817908954477	2.3241284293762376e-05	0.00021109494052728994
-12.622811405702851	2.327423292791675e-05	0.00021207002094925098
-12.609804902451225	2.3307252002502388e-05	0.00021305227055423703
-12.5967983991996	2.3340341721134195e-05	0.0002140417625581259
-12.583791895947973	2.3373502285650716e-05	0.00021503857179094865
-12.570785392696347	2.340673389278347e-05	0.00021604277484710277
-12.557778889444723	2.3440036756250393e-05	0.0002170544502845262
-12.544772386193097	2.3473411078334117e-05	0.00021807367881221396
-12.531765882941471	2.350685705854172e-05	0.00021910054315732452
-12.518759379689845	2.3540374910591133e-05	0.0002201351264126128
-12.505752876438219	2.3573964837764194e-05	0.00022117750646732937
-12.492746373186593	2.360762704822772e-05	0.00022222774465963102
-12.479739869934967	2.3641361749038303e-05	0.0002232858806029414
-12.466733366683341	2.3675169152470588e-05	0.00022435196266645807
-12.453726863431715	2.37090494662473e-05	0.0002254260909329009
-12.44072036018009	2.3743002902087973e-05	0.00022650839793325606
-12.427713856928465	2.3777029670157823e-05	0.00022759900320101778
-12.414707353676839	2.3811129986506252e-05	0.00022869800489722092
-12.401700850425213	2.384530405807883e-05	0.00022980549139284268
-12.388694347173587	2.3879552105365853e-05	0.00023092154967108147
-12.37568784392196	2.391387433819947e-05	0.00023204626844552934
-12.362681340670335	2.3948270971962948e-05	0.00023317973879155574
-12.349674837418709	2.3982742225481246e-05	0.0002343220540502733
-12.336668334167083	2.4017288316802166e-05	0.00023547330962692126
-12.323661830915459	2.4051909460420795e-05	0.00023663360281245271
-12.310655327663833	2.4086605872053468e-05	0.00023780303266141
-12.297648824412207	2.4121377780295106e-05	0.00023898169992631058
-12.28464232116058	2.4156225398641595e-05	0.00024016970704321405
-12.271635817908955	2.4191148946250962e-05	0.0002413671581223964
-12.258629314657329	2.4226148651274038e-05	0.00024257415897865897
-12.245622811405703	2.4261224732424758e-05	0.00024379081718162166
-12.232616308154077	2.4296377413635106e-05	0.00024501724214121
-12.21960980490245	2.4331606918615023e-05	0.0002462535452019132
-12.206603301650825	2.436691347218467e-05	0.0002474998398208639
-12.1935967983992	2.4402297304271237e-05	0.0002487562417975431
-12.180590295147574	2.4437758635809104e-05	0.0002500228695988538
-12.167583791895948	2.447329769861284e-05	0.0002512998448241932
-12.154577288644322	2.4508914717613628e-05	0.000252587292723927
-12.141570785392696	2.4544609924181948e-05	0.00025388534250636585
-12.12856428214107	2.4580383548578055e-05	0.0002551941261197399
-12.115557778889444	2.4616235822949584e-05	0.00025651377223601113
-12.102551275637818	2.4652166974448164e-05	0.00025784438985065883
-12.089544772386192	2.4688177239329256e-05	0.00025918604686925306
-12.076538269134566	2.472426685040663e-05	0.0002605387896922329
-12.063531765882942	2.476043604204836e-05	0.0002619027322858791
-12.050525262631316	2.47966850479564e-05	0.000263278087661023
-12.03751875937969	2.48330141058295e-05	0.0002646650821550578
-12.024512256128064	2.4869423455586848e-05	0.0002660638946897498
-12.011505752876438	2.4905913331374485e-05	0.00026747465232224155
-11.998499249624812	2.4942483970225027e-05	0.00026889742942204364
-11.985492746373186	2.4979135615166292e-05	0.00027033227357797784
-11.97248624312156	2.5015868506561567e-05	0.0002717792958029097
-11.959479739869934	2.505268288399698e-05	0.0002732387088192345
-11.94647323661831	2.5089578989834216e-05	0.00027471074450358124
-11.933466733366684	2.5126557071319944e-05	0.0002761955943005878
-11.920460230115058	2.516361736704109e-05	0.00027769341859940067
-11.907453726863432	2.5200760125798638e-05	0.00027920436844375285
-11.894447223611806	2.5237985592063694e-05	0.00028072859628558433
-11.88144072036018	2.5275294011084526e-05	0.00028226625906790925
-11.868434217108554	2.5312685635103804e-05	0.00028381751852857295
-11.855427713856928	2.535016071048002e-05	0.0002853825407956867
-11.842421210605302	2.538771948557006e-05	0.0002869614959525313
-11.829414707353678	2.5425362214392955e-05	0.00028855455775034233
-11.816408204102052	2.5463089143307194e-05	0.0002901619033919278
-11.803401700850426	2.5500900529218384e-05	0.00029178371342930554
-11.7903951975988	2.5538796626145555e-05	0.00029342017171096746
-11.777388694347174	2.557677768322275e-05	0.0002950714653691122
-11.764382191095548	2.561484396201852e-05	0.000296737784824308
-11.751375687843922	2.5652995718550287e-05	0.0002984193238261268
-11.738369184592296	2.569123320428357e-05	0.00030011627949100284
-11.72536268134067	2.5729556679343624e-05	0.0003018288523521928
-11.712356178089045	2.576796640718637e-05	0.0003035572464161751
-11.699349674837418	2.5806462647937067e-05	0.00030530166924314095
-11.686343171585793	2.5845045655947807e-05	0.00030706233199262467
-11.673336668334167	2.588371570177994e-05	0.000308839449510101
-11.660330165082541	2.5922473042672145e-05	0.0003106332404004819
-11.647323661830915	2.5961317944078743e-05	0.0003124439271056101
-11.63431715857929	2.600025067378553e-05	0.00031427173597942115
-11.621310655327663	2.6039271496580696e-05	0.00031611689738697546
-11.608304152076037	2.6078380678917767e-05	0.00031797964576174564
-11.595297648824411	2.6117578490469917e-05	0.00031986021973817724
-11.582291145572785	2.6156865199356005e-05	0.00032175886220520145
-11.569284642321161	2.6196241076359428e-05	0.0003236758204158141
-11.556278139069535	2.623570639326278e-05	0.0003256113460873289
-11.54327163581791	2.6275261422514795e-05	0.00032756569549596826
-11.530265132566283	2.631490643745238e-05	0.00032953912957722764
-11.517258629314657	2.635464171141244e-05	0.00033153191404278193
-11.504252126063031	2.6394467519397224e-05	0.0003335443194713017
-11.491245622811405	2.6434384141516e-05	0.000335576621436795
-11.47823911955978	2.647439185299305e-05	0.00033762910061252427
-11.465232616308153	2.651449093393765e-05	0.00033970204289290873
-11.452226113056529	2.6554681663015778e-05	0.0003417957395190907
-11.439219609804903	2.6594964317783187e-05	0.00034391048719195627
-11.426213106553277	2.6635339185898665e-05	0.00034604658820747147
-11.413206603301651	2.6675806549136816e-05	0.00034820435059534915
-11.400200100050025	2.6716366690382465e-05	0.00035038408823639955
-11.387193596798399	2.6757019894629863e-05	0.000352586121015519
-11.374187093546773	2.6797766449093707e-05	0.0003548107749665741
-11.361180590295147	2.6838606640988694e-05	0.00035705838241195664
-11.348174087043521	2.6879540757973608e-05	0.0003593292821151284
-11.335167583791897	2.6920569090926882e-05	0.00036162381943949384
-11.32216108054027	2.696169192928366e-05	0.0003639423465126024
-11.309154577288645	2.7002909568474287e-05	0.00036628522238058014
-11.296148074037019	2.7044222294825282e-05	0.00036865281319131693
-11.283141570785393	2.7085630412093664e-05	0.0003710454923574469
-11.270135067533767	2.712713420605084e-05	0.00037346364074974936
-11.25712856428214	2.7168733978899517e-05	0.00037590764687289724
-11.244122061030515	2.721043002740231e-05	0.0003783779070559712
-11.231115557778889	2.725222265054228e-05	0.0003808748256612926
-11.218109054527265	2.729411214563715e-05	0.00038339881527771347
-11.205102551275637	2.7336098815555765e-05	0.00038595029692845007
-11.192096048024013	2.737818296494332e-05	0.0003885297003010102
-11.179089544772387	2.7420364893226967e-05	0.00039113746394625615
-11.16608304152076	2.7462644908604616e-05	0.0003937740355361985
-11.153076538269135	2.7505023312612842e-05	0.00039643987207538256
-11.140070035017509	2.7547500417224313e-05	0.0003991354401592373
-11.127063531765883	2.7590076527861385e-05	0.0004018612162204338
-11.114057028514257	2.763275195516446e-05	0.00040461768679256327
-11.10105052526263	2.767552701088416e-05	0.0004074053487730378
-11.088044022011005	2.771840200277431e-05	0.0004102247097022005
-11.07503751875938	2.7761377251023234e-05	0.0004130762880470984
-11.062031015507754	2.7804453061386347e-05	0.0004159606134982452
-11.049024512256128	2.784762975682753e-05	0.0004188782272754876
-11.036018009004502	2.789090764832025e-05	0.00042182968243287267
-11.023011505752876	2.7934287059050433e-05	0.00042481554419482315
-11.01000500250125	2.7977768306319817e-05	0.0004278363902806559
-10.996998499249624	2.802135171076081e-05	0.00043089281125641143
-10.983991995997998	2.8065037593560938e-05	0.0004339854108955654
-10.970985492746372	2.8108826281236787e-05	0.0004371148065386299
-10.957978989494748	2.8152718092311346e-05	0.00044028162948628324
-10.944972486243122	2.819671336018459e-05	0.00044348652539316635
-10.931965982991496	2.82408124033795e-05	0.00044673015466079047
-10.91895947973987	2.8285015557294457e-05	0.00045001319287663044
-10.905952976488244	2.8329323147779917e-05	0.0004533363312596572
-10.892946473236618	2.837373550668154e-05	0.00045670027708488714
-10.879939969984992	2.841825296717726e-05	0.0004601057541722131
-10.866933466733366	2.8462875863444204e-05	0.00046355350336702017
-10.85392696348174	2.850760452854928e-05	0.00046704428303678824
-10.840920460230116	2.8552439300000287e-05	0.00047057886960333306
-10.827913956978488	2.859738051452787e-05	0.00047415805806050315
-10.814907453726864	2.864242851019494e-05	0.0004777826625533832
-10.801900950475238	2.8687583630948588e-05	0.0004814535169450629
-10.788894447223612	2.873284621407457e-05	0.00048517147540816374
-10.775887943971986	2.8778216608071894e-05	0.000488937413066548
-10.76288144072036	2.8823695152335738e-05	0.0004927522266174877
-10.749874937468734	2.886928219347773e-05	0.0004966168350123423
-10.736868434217108	2.8914978082106302e-05	0.0005005321801424545
-10.723861930965484	2.896078316283468e-05	0.0005044992275627935
-10.710855427713856	2.900669778838072e-05	0.0005085189672371371
-10.697848924462232	2.9052722308131607e-05	0.000512592414299573
-10.684842421210606	2.9098857077580753e-05	0.0005167206098802835
-10.67183591795898	2.9145102448668858e-05	0.0005209046219194491
-10.658829414707354	2.9191458780220003e-05	0.0005251455460492105
-10.645822911455728	2.923792642439693e-05	0.0005294445064821796
-10.632816408204102	2.928450574213315e-05	0.0005338026569576826
-10.619809904952476	2.933119709580545e-05	0.0005382211817089866
-10.606803401700851	2.9378000845570185e-05	0.0005427012964739353
-10.593796898449224	2.94249173505845e-05	0.000547244249554768
-10.5807903951976	2.9471946981440844e-05	0.0005518513229112454
-10.567783891945973	2.9519090099405787e-05	0.0005565238332888578
-10.554777388694347	2.956634707584893e-05	0.0005612631334179774
-10.541770885442721	2.9613718276255696e-05	0.000566070613248093
-10.528764382191095	2.966120407177364e-05	0.0005709477012230124
-10.51575787893947	2.9708804837436098e-05	0.000575895865634779
-10.502751375687843	2.975652094250325e-05	0.0005809166160096746
-10.489744872436217	2.9804352763340702e-05	0.0005860115045639436
-10.476738369184591	2.9852300676092014e-05	0.0005911821277370111
-10.463731865932967	2.990036505989835e-05	0.0005964301277475714
-10.450725362681341	2.9948546294789047e-05	0.0006017571942654731
-10.437718859429715	2.9996844761570607e-05	0.0006071650661296779
-10.42471235617809	3.0045260841493615e-05	0.0006126555331459338
-10.411705852926463	3.0093794919361372e-05	0.0006182304379691583
-10.398699349674837	3.0142447381642512e-05	0.000623891678057209
-10.385692846423211	3.0191218617026117e-05	0.0006296412077289038
-10.372686343171585	3.0240109012313887e-05	0.0006354810403144118
-10.35967983991996	3.0289118958748418e-05	0.000641413250382139
-10.346673336668335	3.0338248849570704e-05	0.000647439976092179
-10.333666833416707	3.0387499075468227e-05	0.0006535634216454644
-10.320660330165083	3.043687003811968e-05	0.0006597858598678119
-10.307653826913457	3.048636212665823e-05	0.000666109634866241
-10.294647323661831	3.0535975748424704e-05	0.0006725371648825806
-10.281640820410205	3.058571129743726e-05	0.0006790709452206833
-10.268634317158579	3.063556917792809e-05	0.0006857135513518298
-10.255627813906953	3.0685549795905764e-05	0.0006924676421568021
-10.242621310655327	3.07356535527159e-05	0.0006993359633321594
-10.229614807403703	3.078588085714262e-05	0.0007063213509553856
-10.216608304152075	3.0836232118192086e-05	0.0007134267352533197
-10.20360180090045	3.08867077480901e-05	0.0007206551445209097
-10.190595297648825	3.093730815573181e-05	0.000728009709277111
-10.177588794397199	3.098803375511938e-05	0.0007354936666190692
-10.164582291145573	3.103888496713836e-05	0.000743110364786248
-10.151575787893947	3.108986220479171e-05	0.000750863267992119
-10.13856928464232	3.1140965886966576e-05	0.0007587559614816719
-10.125562781390695	3.119219643565874e-05	0.0007667921568889069
-10.11255627813907	3.1243554273974183e-05	0.0007749756978441269
-10.099549774887443	3.129503982490789e-05	0.0007833105659135198
-10.086543271635819	3.134665351745003e-05	0.0007918008868620374
-10.073536768384193	3.1398395776816024e-05	0.000800450937240349
-10.060530265132567	3.1450267035215695e-05	0.0008092651513669225
-10.04752376188094	3.150226772008491e-05	0.0008182481286717058
-10.034517258629315	3.155439826951767e-05	0.0008274046414921132
-10.021510755377689	3.160665911627891e-05	0.0008367396432928942
-10.008504252126063	3.1659050698129576e-05	0.0008462582773626215
-9.995497748874437	3.1711573454606956e-05	0.0008559658860258779
-9.98249124562281	3.1764227826025504e-05	0.000865868020415439
-9.969484742371186	3.1817014254365006e-05	0.0008759704507949051
-9.95647823911956	3.186993318449183e-05	0.0008862791775368084
-9.943471735867934	3.192298506338176e-05	0.0008968004427558629
-9.930465232616308	3.197617033745548e-05	0.0009075407426647475
-9.917458729364682	3.2029489459795e-05	0.0009185068407009389
-9.904452226113056	3.208294288159497e-05	0.0009297057814855458
-9.89144572286143	3.2136531054716144e-05	0.0009411449056788701
-9.878439219609804	3.219025443856882e-05	0.000952831865771997
-9.865432716358178	3.2244113488122395e-05	0.0009647746429499726
-9.852426213106554	3.229810866511862e-05	0.0009769815650425562
-9.839419709854928	3.2352240429522894e-05	0.0009894613256843376
-9.826413206603302	3.2406509244964354e-05	0.0010022230047792569
-9.813406703351676	3.2460915582288585e-05	0.0010152760903633373
-9.80040020010005	3.251545990212712e-05	0.0010286305020060782
-9.787393696848424	3.2570142677434966e-05	0.0010422966158198932
-9.774387193596798	3.262496438194429e-05	0.0010562852913162946
-9.761380690345172	3.267992548727783e-05	0.0010706079001409075
-9.748374187093546	3.2735026469388195e-05	0.0010852763569660917
-9.735367683841922	3.279026780611538e-05	0.0011003031526425344
-9.722361180590294	3.2845649980184355e-05	0.0011157013898840384
-9.70935467733867	3.290117346754773e-05	0.0011314848216530393
-9.696348174087044	3.295683875548239e-05	0.0011476678925392836
-9.683341670835418	3.301264633148726e-05	0.0011642657834058934
-9.670335167583792	3.306859668561479e-05	0.0011812944595923636
-9.657328664332166	3.312469029903564e-05	0.0011987707230328715
-9.64432216108054	3.318092767579106e-05	0.001216712268703679
-9.631315657828914	3.3237309303491e-05	0.0012351377457686663
-9.61830915457729	3.3293835680070494e-05	0.001254066823978106
-9.605302651325662	3.335050730346456e-05	0.0012735202658042954
-9.592296148074038	3.340732467727037e-05	0.0012935200049789541
-9.579289644822412	3.3464288304085876e-05	0.0013140892320653297
-9.566283141570786	3.352139868895154e-05	0.00133525248789379
-9.55327663831916	3.357865633846213e-05	0.001357035765735981
-9.540270135067534	3.363606176609579e-05	0.0013794666231815578
-9.527263631815908	3.369361547744809e-05	0.0014025743049492778
-9.514257128564282	3.375131799254749e-05	0.001426389877846268
-9.501250625312656	3.380916982531623e-05	0.0014509463794809552
-9.48824412206103	3.38671714958938e-05	0.001476278982403323
-9.475237618809405	3.3925323524530704e-05	0.0015024251757288498
-9.46223111555778	3.398362643325381e-05	0.001529424966552284
-9.449224612306153	3.40420807486419e-05	0.0015573211039406898
-9.436218109054527	3.410068700004931e-05	0.001586159328672676
-9.423211605802901	3.4159445715498116e-05	0.0016159886525607403
-9.410205102551275	3.4218357429449675e-05	0.0016468616718282592
-9.39719859929965	3.427742267791967e-05	0.0016788349200119734
-9.384192096048023	3.4336641992926964e-05	0.0017119692667927344
-9.371185592796397	3.439601591803676e-05	0.0017463303707565547
-9.358179089544773	3.4455544995593e-05	0.0017819891957135958
-9.345172586293147	3.45152297672735e-05	0.0018190226025732725
-9.332166083041521	3.457507078152844e-05	0.0018575140317613759
-9.319159579789895	3.463506859058274e-05	0.0018975542951589208
-9.30615307653827	3.4695223741110226e-05	0.0019392425018606163
-9.293146573286643	3.475553678922161e-05	0.0019826871493766607
-9.280140070035017	3.481600829213782e-05	0.002028007421938982
-9.267133566783391	3.487663880830105e-05	0.0020753347519095744
-9.254127063531765	3.4937428899484146e-05	0.002124814720510404
-9.241120560280141	3.499837912734893e-05	0.0021766094037738437
-9.228114057028513	3.505949006266107e-05	0.0022309003131223415
-9.215107553776889	3.5120762269968964e-05	0.0022878921443616473
-9.202101050525263	3.518219632292485e-05	0.002347817643797878
-9.189094547273637	3.5243792794403817e-05	0.002410944034943907
-9.176088044022011	3.530555226616272e-05	0.002477581621164515
-9.163081540770385	3.53674753108546e-05	0.002548095324251709
-9.150075037518759	3.542956251434415e-05	0.0026229197480553967
-9.137068534267133	3.549181445772209e-05	0.002702576889613173
-9.124062031015509	3.555423173140504e-05	0.0027876902579363483
-9.111055527763881	3.561681492580959e-05	0.0028789764993757405
-9.098049024512257	3.567956462824373e-05	0.0029771894341563687
-9.08504252126063	3.574248143489722e-05	0.00308307882364689
-9.072036018009005	3.580556594739992e-05	0.003197638309867523
-9.059029514757379	3.586881876538328e-05	0.0033225884694855212
-9.046023011505753	3.593224048803467e-05	0.0034601110690444248
-9.033016508254127	3.599583172531062e-05	0.0036115372100183896
-9.0200100050025	3.605959308328188e-05	0.0037760871182717093
-9.007003501750876	3.612352517334827e-05	0.003951183859130736
-8.993996998499249	3.618762860868596e-05	0.00413411743097547
-8.980990495247624	3.6251904009132474e-05	0.0043222788456991346
-8.967983991995997	3.631635199174976e-05	0.004514249313369967
-8.954977488744372	3.6380973181815435e-05	0.004713559845582416
-8.941970985492746	3.6445768200055184e-05	0.00492730599480129
-8.92896448224112	3.6510737676853644e-05	0.005163318264094219
-8.915957978989494	3.6575882245371005e-05	0.005430643270824986
-8.902951475737868	3.664120253732417e-05	0.005738800742416839
-8.889944972486244	3.670669918642844e-05	0.006099139869936043
-8.876938469234616	3.6772372838500544e-05	0.006526708371199286
-8.863931965982992	3.683822413247384e-05	0.007040055165880688
-8.850925462731364	3.69042537123887e-05	0.007661336814554942
-8.83791895947974	3.697046223039013e-05	0.008415008235681531
-8.824912456228114	3.7036850334071225e-05	0.009320860625629535
-8.811905952976488	3.710341867879663e-05	0.010384712865040946
-8.798899449724862	3.7170167926148245e-05	0.011612617344064158
-8.785892946473236	3.723709872982539e-05	0.013066340374496166
-8.772886443221612	3.7304211757627215e-05	0.014894120786744569
-8.759879939969984	3.737150767413322e-05	0.0172687845125582
-8.74687343671836	3.743898715180549e-05	0.020259754309835176
-8.733866933466732	3.75066508595534e-05	0.023644337826161266
-8.720860430215108	3.757449947572322e-05	0.02675485415132406
-8.707853926963482	3.7642533676662815e-05	0.028740566435915826
-8.694847423711856	3.771075414660263e-05	0.029179373811478726
-8.68184092046023	3.7779161570772324e-05	0.0283798363432467
-8.668834417208604	3.784775663429052e-05	0.027232504353081888
-8.655827913956978	3.791654003204581e-05	0.026622018089493382
-8.642821410705352	3.798551245781656e-05	0.027035919896611582
-8.629814907453728	3.805467460959999e-05	0.028702877046304365
-8.6168084042021	3.812402718750274e-05	0.03182494065664332
-8.603801900950476	3.819357089762665e-05	0.036674649271646986
-8.59079539769885	3.826330644485232e-05	0.04354288861243971
-8.577788894447224	3.833323454283111e-05	0.052427460826024896
-8.564782391195598	3.84033559053254e-05	0.062294759305652314
-8.551775887943972	3.8473671249095176e-05	0.0703604961548514
-8.538769384692346	3.854418129745074e-05	0.07333521199451609
-8.52576288144072	3.861488677292524e-05	0.0709753026876837
-8.512756378189096	3.868578840227066e-05	0.06666284078980633
-8.499749874937468	3.875688691878931e-05	0.06383570282134365
-8.486743371685844	3.882818305878111e-05	0.06379745614991683
-8.473736868434216	3.8899677555215284e-05	0.06569958772085738
-8.460730365182592	3.897137115338456e-05	0.06705655034608038
-8.447723861930966	3.9043264596916316e-05	0.06563059260152937
-8.43471735867934	3.911535863676541e-05	0.06190600113031086
-8.421710855427714	3.918765401911273e-05	0.05829815651576831
-8.408704352176088	3.926015150546025e-05	0.0566791659125403
-8.395697848924463	3.933285185464541e-05	0.05775602653790146
-8.382691345672836	3.940575582628281e-05	0.06150410617300894
-8.369684842421211	3.9478864189423923e-05	0.06742438690053454
-8.356678339169584	3.9552177711343894e-05	0.07491884510430002
-8.34367183591796	3.9625697169642926e-05	0.08411707386838096
-8.330665332666333	3.9699423339034645e-05	0.09576432926262934
-8.317658829414707	3.977335700011686e-05	0.10959720892635971
-8.304652326163081	3.984749893892747e-05	0.12290891450043628
-8.291645822911455	3.992184994427994e-05	0.1308259685766856
-8.278639319659831	3.999641080765226e-05	0.13041055683102287
-8.265632816408203	4.007118232640661e-05	0.1250161052683617
-8.25262631315658	4.0146165296461866e-05	0.12107593820909379
-8.239619809904951	4.022136052739267e-05	0.12258654971047855
-8.226613306653327	4.029676882055799e-05	0.12954663968947489
-8.213606803401701	4.0372390993081986e-05	0.1378817231308891
-8.200600300150075	4.044822785675972e-05	0.14097498543550546
-8.18759379689845	4.0524280232490106e-05	0.1356033928933894
-8.174587293646823	4.0600548942726356e-05	0.12562934024021988
-8.161580790395197	4.0677034815694846e-05	0.1167541523714618
-8.148574287143571	4.0753738679177864e-05	0.11111024754759535
-8.135567783891947	4.0830661370394594e-05	0.10754877849111666
-8.12256128064032	4.0907803731782266e-05	0.10495841468952749
-8.109554777388695	4.0985166599671885e-05	0.10416655697712596
-8.096548274137069	4.106275082460531e-05	0.1062644037136703
-8.083541770885443	4.1140557261232225e-05	0.11099350134587449
-8.070535267633817	4.121858675909529e-05	0.11756464684467538
-8.057528764382191	4.129684018283619e-05	0.12503632891372074
-8.044522261130565	4.137531839321085e-05	0.1306536095118015
-8.031515757878939	4.1454022258302636e-05	0.13109107628046412
-8.018509254627315	4.153295265274526e-05	0.12722908134562483
-8.005502751375687	4.161211045095037e-05	0.12343256948711268
-7.992496248124062	4.16914965332138e-05	0.12162028938223746
-7.979489744872436	4.177111178993442e-05	0.11878196242805583
-7.966483241620811	4.1850957100186825e-05	0.11052741237984998
-7.953476738369185	4.193103336769255e-05	0.09694086128630885
-7.940470235117559	4.2011341483516595e-05	0.08216827266532878
-7.927463731865933	4.209188235260175e-05	0.06957361966525655
-7.914457228614307	4.217265688322147e-05	0.06020807358596891
-7.901450725362682	4.225366598886726e-05	0.053881546317440576
-7.888444222111056	4.2334910576591334e-05	0.05011761421461447
-7.87543771885943	4.241639157731569e-05	0.048515779814117255
-7.862431215607804	4.249810990808456e-05	0.04881219913269863
-7.8494247123561784	4.258006650204038e-05	0.05088948377610769
-7.8364182091045524	4.2662262291881525e-05	0.05488058928123929
-7.8234117058529264	4.274469821674565e-05	0.06127557318211263
-7.8104052026013004	4.282737521954516e-05	0.07076626981996326
-7.7973986993496744	4.291029424852155e-05	0.08365535760229414
-7.784392196098049	4.2993456257134355e-05	0.09864182251971476
-7.771385692846423	4.307686220028639e-05	0.11144299305400762
-7.758379189594797	4.316051304209534e-05	0.11621050808430178
-7.745372686343171	4.324440975000954e-05	0.1108594538642036
-7.732366183091545	4.332855329314267e-05	0.09879136214007767
-7.71935967983992	4.3412944650489393e-05	0.0850585152904022
-7.706353176588294	4.349758480093335e-05	0.07332217204125158
-7.693346673336668	4.358247473512655e-05	0.06514296118692031
-7.680340170085042	4.366761543939113e-05	0.06072578952245944
-7.667333666833416	4.375300791248371e-05	0.059806408441235526
-7.654327163581791	4.383865315438218e-05	0.061930522710384905
-7.641320660330165	4.3924552173391085e-05	0.06610801848892223
-7.628314157078539	4.401070597748191e-05	0.07029726993274343
-7.615307653826913	4.409711558661655e-05	0.07191297020335463
-7.602301150575288	4.4183782018092366e-05	0.06971981897814095
-7.589294647323662	4.427070630086405e-05	0.06499778761438146
-7.576288144072036	4.435788946755004e-05	0.06035140971385544
-7.56328164082041	4.444533255409944e-05	0.05773674913211091
-7.550275137568784	4.453303660134633e-05	0.05796963561992041
-7.537268634317159	4.4621002656231035e-05	0.061205963677919306
-7.524262131065533	4.470923177646302e-05	0.0671490706833473
-7.511255627813907	4.4797725014866785e-05	0.07460062142777413
-7.498249124562281	4.4886483437478475e-05	0.08093439681671821
-7.485242621310655	4.497550811177753e-05	0.08317708935154122
-7.47223611805903	4.506480010990632e-05	0.08096667059151885
-7.459229614807404	4.515436051766297e-05	0.07722441385712342
-7.446223111555778	4.524419041607164e-05	0.0749445641050619
-7.433216608304152	4.533429089492724e-05	0.0748838097338056
-7.420210105052526	4.542466305212933e-05	0.0759135401000055
-7.407203601800901	4.5515307991239595e-05	0.07661809104884798
-7.394197098549275	4.560622681692994e-05	0.07643826681722143
-7.381190595297649	4.5697420642532016e-05	0.07564214785799916
-7.368184092046023	4.578889058659552e-05	0.07484074425487053
-7.3551775887943975	4.5880637777551136e-05	0.07487788922112482
-7.3421710855427715	4.597266333983274e-05	0.07669997386736394
-7.3291645822911455	4.606496841486063e-05	0.08033601788823408
-7.3161580790395195	4.6157554144277135e-05	0.08418940704890365
-7.3031515757878935	4.62504216727222e-05	0.08579145935442034
-7.290145072536268	4.634357215482776e-05	0.0842673132713303
-7.277138569284642	4.64370067533304e-05	0.081778607837384
-7.264132066033016	4.6530726630300556e-05	0.08153312469592289
-7.25112556278139	4.6624732958799875e-05	0.08557833876869891
-7.238119059529764	4.671902691888441e-05	0.09430740263456361
-7.225112556278139	4.6813609690721236e-05	0.10587226702584396
-7.212106053026513	4.690848246768908e-05	0.11506046088357469
-7.199099549774887	4.700364644349975e-05	0.11523588870940382
-7.186093046523261	4.70991028211909e-05	0.10501753780945544
-7.173086543271635	4.719485281134972e-05	0.08987529032445252
-7.16008004002001	4.7290897629670425e-05	0.07565910591300795
-7.147073536768384	4.738723849451176e-05	0.06495044197490629
-7.134067033516758	4.748387663422449e-05	0.05805490936461999
-7.121060530265132	4.75808132843758e-05	0.05441366135922132
-7.108054027013507	4.767804968508482e-05	0.053008062162915204
-7.095047523761881	4.777558708268792e-05	0.052206637350728946
-7.082041020510255	4.787342673207018e-05	0.05020540399793605
-7.069034517258629	4.7971569894444954e-05	0.04649801303297574
-7.056028014007003	4.807001783324605e-05	0.0422018954682164
-7.043021510755378	4.816877182634016e-05	0.038582103615372954
-7.030015007503752	4.826783315070582e-05	0.03618472835642361
-7.017008504252126	4.836720309475684e-05	0.035050947562658696
-7.0040020010005	4.8466882951347934e-05	0.035100160126315894
-6.990995497748874	4.856687402543525e-05	0.03634731357551191
-6.977988994497249	4.8667177616312784e-05	0.03897801283451241
-6.964982491245623	4.876779504880968e-05	0.043320802910713496
-6.951975987993997	4.8868727635320575e-05	0.04975461731245878
-6.938969484742371	4.896997670555958e-05	0.05851302595839747
-6.925962981490746	4.907154360145327e-05	0.06923770815777497
-6.91295647823912	4.91734296613755e-05	0.08012582540556623
-6.899949974987494	4.9275636231360664e-05	0.08722072805611081
-6.886943471735868	4.937816467776024e-05	0.08652314820076212
-6.873936968484242	4.9481016354158136e-05	0.07862908152648573
-6.860930465232617	4.958419264178282e-05	0.06819058714200099
-6.847923961980991	4.968769491187075e-05	0.059059336855799005
-6.834917458729365	4.979152455397706e-05	0.052648300055207264
-6.821910955477739	4.989568296454028e-05	0.04898539164297577
-6.808904452226113	5.0000171538444604e-05	0.0476740322181175
-6.7958979489744875	5.010499168789373e-05	0.048284921943644865
-6.7828914457228615	5.0210144830198367e-05	0.05058726408243441
-6.7698849424712355	5.031563238766523e-05	0.054746584606993
-6.7568784392196095	5.0421455792815095e-05	0.06117481201152841
-6.7438719359679835	5.0527616483941884e-05	0.06987684222556201
-6.730865432716358	5.063411590811029e-05	0.07951528446138512
-6.717858929464732	5.074095551782509e-05	0.08718967564762292
-6.704852426213106	5.084813678590816e-05	0.09080545296023368
-6.69184592296148	5.095566117108152e-05	0.09176975906997953
-6.678839419709855	5.106353015549292e-05	0.09291404031104267
-6.665832916458229	5.117174522872858e-05	0.09519078378933721
-6.652826413206603	5.128030788448257e-05	0.09783875830726663
-6.639819909954977	5.1389219625663785e-05	0.09947807349433624
-6.626813406703351	5.149848196173146e-05	0.09854640884312516
-6.613806903451726	5.160809641469033e-05	0.09538484981566853
-6.6008004002001	5.1718064511319106e-05	0.09291171385245545
-6.587793896948474	5.182838778650112e-05	0.0939343430868439
-6.574787393696848	5.1939067786110904e-05	0.09940451755840785
-6.561780890445222	5.2050106063239454e-05	0.10855549914678597
-6.548774387193597	5.2161504177083984e-05	0.12004409901934343
-6.535767883941971	5.227326370049745e-05	0.13314152035554938
-6.522761380690345	5.238538621032962e-05	0.14583136951757247
-6.509754877438719	5.249787329575373e-05	0.1518255871330041
-6.496748374187093	5.261072655271537e-05	0.14481920624832467
-6.483741870935468	5.2723947582933306e-05	0.12685024170000392
-6.470735367683842	5.2837538004668616e-05	0.10596768171250981
-6.457728864432216	5.295149943851385e-05	0.08804859220401806
-6.44472236118059	5.3065833518495253e-05	0.07493387572718613
-6.431715857928965	5.3180541880970544e-05	0.06645149393638483
-6.418709354677339	5.3295626179505895e-05	0.06195932232065915
-6.405702851425713	5.341108807110917e-05	0.06079375378380458
-6.392696348174087	5.352692922766522e-05	0.06199098641769718
-6.379689844922461	5.3643151321280946e-05	0.06363384196093791
-6.366683341670836	5.375975604382521e-05	0.0629786697440039
-6.35367683841921	5.38767450897204e-05	0.05864232480273246
-6.340670335167584	5.39941201673777e-05	0.05209163935549499
-6.327663831915958	5.411188298742875e-05	0.045640322950240675
-6.314657328664332	5.423003527982306e-05	0.040510000194549756
-6.301650825412707	5.434857877406607e-05	0.036912293814334585
-6.288644322161081	5.4467515219869256e-05	0.03467239770354047
-6.275637818909455	5.458684637027478e-05	0.03358511369677453
-6.262631315657829	5.4706573989316e-05	0.03353936985872996
-6.249624812406203	5.482669985001909e-05	0.03453669369275336
-6.2366183091545775	5.494722573506916e-05	0.036689098608949755
-6.2236118059029515	5.506815344535898e-05	0.04023314600363015
-6.2106053026513255	5.5189484776341224e-05	0.04555072122885895
-6.1975987993996995	5.531122155011392e-05	0.05315505665344589
-6.184592296148074	5.543336558855305e-05	0.06352029562746375
-6.171585792896448	5.555591872641319e-05	0.07646339738980912
-6.158579289644822	5.567888281143851e-05	0.08979854901638262
-6.145572786393196	5.580225969814556e-05	0.09841509038732843
-6.13256628314157	5.59260512535964e-05	0.0974349641985427
-6.119559779889945	5.605025935673247e-05	0.08791377251731436
-6.106553276638319	5.6174885895377e-05	0.07549094514030963
-6.093546773386693	5.629993276767831e-05	0.06453197876356331
-6.080540270135067	5.642540188199874e-05	0.05652138111579197
-6.067533766883441	5.655129516146662e-05	0.05142044216282615
-6.054527263631816	5.667761453975739e-05	0.04881633860726331
-6.04152076038019	5.680436195620864e-05	0.048381113924106045
-6.028514257128564	5.69315393669223e-05	0.04999464925890029
-6.015507753876938	5.7059148735882914e-05	0.05376362150745462
-6.002501250625312	5.718719204073075e-05	0.06000353440457873
-5.989494747373687	5.731567127298387e-05	0.06913808308482827
-5.976488244122061	5.7444588426047716e-05	0.08135080250674487
-5.963481740870435	5.757394551519912e-05	0.09581483612285491
-5.950475237618809	5.770374456193217e-05	0.11000121820560826
-5.937468734367184	5.7833987603839176e-05	0.12061779220887558
-5.924462231115558	5.796467668284233e-05	0.1259266910137511
-5.911455727863932	5.8095813859959655e-05	0.12678077852504743
-5.898449224612306	5.822740120475789e-05	0.1253103746627966
-5.88544272136068	5.835944079923827e-05	0.12306534941119862
-5.872436218109055	5.849193474127823e-05	0.12164391338714364
-5.859429714857429	5.862488513252995e-05	0.12245041909843257
-5.846423211605803	5.8758294098848474e-05	0.12434018712471384
-5.833416708354177	5.889216376442352e-05	0.12418842800202168
-5.820410205102551	5.9026496277647666e-05	0.12135472402670422
-5.807403701850926	5.9161293793241754e-05	0.11918082281144149
-5.7943971985993	5.9296558484023265e-05	0.12124098119950866
-5.781390695347674	5.943229252936e-05	0.1286686855566771
-5.768384192096048	5.956849812505105e-05	0.14024427200989986
-5.755377688844422	5.970517747944104e-05	0.1541570695078236
-5.742371185592797	5.9842332814308286e-05	0.16958426015895278
-5.729364682341171	5.997996635909164e-05	0.18383619554320796
-5.716358179089545	6.011808036665567e-05	0.18896025861497667
-5.703351675837919	6.025667709563809e-05	0.1780637829913707
-5.6903451725862935	6.039575882188508e-05	0.15487019716145645
-5.6773386693346675	6.0535327830013586e-05	0.12927810381106486
-5.6643321660830415	6.067538642440251e-05	0.10783840905305508
-5.6513256628314155	6.081593691864562e-05	0.09236774607416098
-5.6383191595797895	6.0956981642545927e-05	0.08251598263134385
-5.625312656328164	6.10985229391181e-05	0.07750706723626721
-5.612306153076538	6.12405631627011e-05	0.07662158149139109
-5.599299649824912	6.13831046852864e-05	0.07886686474699112
-5.586293146573286	6.152614989307637e-05	0.08211794912847747
-5.57328664332166	6.166970118748338e-05	0.08288764282789851
-5.560280140070035	6.181376097669222e-05	0.07875377901794889
-5.547273636818409	6.195833169475584e-05	0.07103479799770962
-5.534267133566783	6.210341578294365e-05	0.06286718070585384
-5.521260630315157	6.224901569773511e-05	0.05619317306044147
-5.508254127063532	6.239513391548268e-05	0.05148513603025506
-5.495247623811906	6.254177292053242e-05	0.048587242274622966
-5.48224112056028	6.268893521677033e-05	0.04724455933309757
-5.469234617308654	6.283662332329243e-05	0.04728663822932688
-5.456228114057028	6.298483976840963e-05	0.04866181345438769
-5.443221610805403	6.31335871097427e-05	0.051461724202084835
-5.430215107553777	6.328286790291404e-05	0.05596281929932567
-5.417208604302151	6.34326847333e-05	0.06263047920090026
-5.404202101050525	6.358304019427052e-05	0.07209610879073902
-5.391195597798899	6.373393689795837e-05	0.08504572423080825
-5.378189094547274	6.388537747092915e-05	0.10169315662702128
-5.365182591295648	6.403736455784514e-05	0.12032333741237378
-5.352176088044022	6.41899008186897e-05	0.13559229995805655
-5.339169584792396	6.434298892787904e-05	0.14067418521988528
-5.32616308154077	6.449663158092367e-05	0.13467334538556597
-5.313156578289145	6.465083148488038e-05	0.12416686915214048
-5.300150075037519	6.480559136745612e-05	0.11604408463509264
-5.287143571785893	6.496091397001358e-05	0.11364891448042258
-5.274137068534267	6.51168020505688e-05	0.1178122079842786
-5.261130565282642	6.52732583914517e-05	0.12797831316416441
-5.248124062031016	6.543028578143151e-05	0.142039880267272
-5.23511755877939	6.558788703558971e-05	0.15653051160217435
-5.222111055527764	6.57460649808872e-05	0.16865726977770845
-5.209104552276138	6.590482246326967e-05	0.17642254774254373
-5.1960980490245126	6.606416234922197e-05	0.17650355634916648
-5.1830915457728866	6.6224087520661e-05	0.1677225144582999
-5.1700850425212606	6.638460087504683e-05	0.15498064195367145
-5.1570785392696346	6.654570533481952e-05	0.14508055828155042
-5.1440720360180086	6.67074038337434e-05	0.14198929866800947
-5.131065532766383	6.686969932989673e-05	0.14657086488331716
-5.118059029514757	6.703259479268198e-05	0.15708568861165784
-5.105052526263131	6.719609321803599e-05	0.1687659418403329
-5.092046023011505	6.736019761399703e-05	0.17536281378426366
-5.079039519759879	6.752491101624791e-05	0.17366881559498604
-5.066033016508254	6.769023646602257e-05	0.1650065745386714
-5.053026513256628	6.785617704163638e-05	0.1536114003011787
-5.040020010005002	6.802273582495744e-05	0.1447390984729745
-5.027013506753376	6.818991592549839e-05	0.14217743882617107
-5.014007003501751	6.835772046742683e-05	0.14774643336031956
-5.001000500250125	6.852615260488637e-05	0.16215219747303022
-4.987993996998499	6.869521549746072e-05	0.18477687154242772
-4.974987493746873	6.886491234081582e-05	0.21142413799417514
-4.961980990495247	6.903524633672387e-05	0.23203458735650995
-4.948974487243621	6.920622071782123e-05	0.23578673564332597
-4.935967983991995	6.937783873084413e-05	0.22320144953476106
-4.922961480740369	6.955010364428915e-05	0.20555457961894708
-4.909954977488745	6.9723018752188e-05	0.19200296921010818
-4.896948474237119	6.989658736633597e-05	0.18385010911079402
-4.883941970985493	7.007081281895644e-05	0.1771623709092882
-4.870935467733867	7.024569846325601e-05	0.16896793034774982
-4.857928964482241	7.042124768164015e-05	0.16137751847875292
-4.844922461230615	7.059746386961496e-05	0.1586844141006314
-4.831915957978989	7.077435044355873e-05	0.16348961933223694
-4.818909454727363	7.095191085182417e-05	0.17581493369632806
-4.805902951475737	7.113014855730793e-05	0.1926798114606436
-4.792896448224113	7.130906704644335e-05	0.20819737025831186
-4.779889944972487	7.148866983075486e-05	0.21712383466773244
-4.766883441720861	7.166896044552562e-05	0.21956590572047285
-4.753876938469235	7.184994244180398e-05	0.22052154534687074
-4.740870435217609	7.203161940061431e-05	0.22405399671738113
-4.727863931965983	7.221399492829406e-05	0.2298775483986759
-4.714857428714357	7.239707264639073e-05	0.23746057718217972
-4.701850925462731	7.258085620975852e-05	0.24939402100749664
-4.688844422211105	7.276534928735146e-05	0.26643427884027826
-4.6758379189594805	7.295055558143027e-05	0.28202475920894665
-4.6628314157078545	7.313647881312946e-05	0.2853626137998674
-4.6498249124562285	7.332312273211627e-05	0.2722071197252546
-4.6368184092046025	7.351049110593255e-05	0.2504083848658353
-4.6238119059529765	7.369858773664806e-05	0.23110667808252505
-4.6108054027013505	7.388741644409613e-05	0.2184687743251319
-4.5977988994497245	7.407698107420035e-05	0.20870861969931498
-4.5847923961980985	7.426728550352646e-05	0.19641106389082363
-4.5717858929464725	7.445833362917931e-05	0.1819526815043787
-4.5587793896948465	7.465012937557525e-05	0.17041993396230115
-4.545772886443222	7.484267669310984e-05	0.1656398413610446
-4.532766383191596	7.503597956304286e-05	0.16783030709544244
-4.51975987993997	7.523004198550787e-05	0.1735109664882134
-4.506753376688344	7.542486799116954e-05	0.1770079901503271
-4.493746873436718	7.562046164233394e-05	0.1758572184101871
-4.480740370185092	7.581682702162418e-05	0.17419396441680757
-4.467733866933466	7.601396824064022e-05	0.17819513202664217
-4.45472736368184	7.621188944051394e-05	0.1912094049060551
-4.441720860430214	7.641059479124301e-05	0.2120287547885703
-4.42871435717859	7.661008848880435e-05	0.23301850054298112
-4.415707853926964	7.681037475715247e-05	0.24127756117901156
-4.402701350675338	7.701145785032892e-05	0.22982490206043316
-4.389694847423712	7.721334205301744e-05	0.20630251065304783
-4.376688344172086	7.741603167388256e-05	0.18356826619164957
-4.36368184092046	7.761953105378527e-05	0.16929329625065925
-4.350675337668834	7.782384456656022e-05	0.1658862941831558
-4.337668834417208	7.802897660891261e-05	0.1730952167362234
-4.324662331165582	7.823493161274175e-05	0.18802266377009258
-4.311655827913956	7.844171403903477e-05	0.2027398817728826
-4.298649324662332	7.864932837986505e-05	0.20493096795484966
-4.285642821410706	7.885777915617176e-05	0.18806440762591925
-4.27263631815908	7.9067070923311e-05	0.1589081510644711
-4.259629814907454	7.92772082647275e-05	0.12851648229436352
-4.246623311655828	7.948819579595146e-05	0.10285418660077217
-4.233616808404202	7.970003816559768e-05	0.08298771176003528
-4.220610305152576	7.991274005481053e-05	0.06802058202660555
-4.20760380190095	8.01263061787072e-05	0.056739349034023445
-4.194597298649324	8.034074127571955e-05	0.04813070264936836
-4.1815907953977	8.055605012891043e-05	0.04145078489610221
-4.168584292146074	8.077223755087459e-05	0.03617540450425638
-4.155577788894448	8.098930838695839e-05	0.031937969763218055
-4.142571285642822	8.120726751292828e-05	0.028480399734628792
-4.129564782391196	8.14261198437416e-05	0.025618658284772278
-4.11655827913957	8.164587032710724e-05	0.02321948849978439
-4.103551775887944	8.186652394626126e-05	0.021184854045489643
-4.090545272636318	8.208808571719128e-05	0.01944149369491499
-4.077538769384692	8.231056069218923e-05	0.01793383721538011
-4.064532266133066	8.253395395896312e-05	0.01661913810105442
-4.051525762881441	8.275827063997099e-05	0.01546408183799397
-4.038519259629815	8.298351589952624e-05	0.014442388208906642
-4.025512756378189	8.320969493269548e-05	0.013533092246617917
-4.012506253126563	8.343681297007244e-05	0.012719294903260625
-3.9994997498749374	8.366487528510547e-05	0.011987243271563197
-3.9864932466233114	8.389388718310631e-05	0.011325645091809222
-3.9734867433716854	8.412385401379563e-05	0.010725151942059252
-3.9604802401200594	8.435478115498274e-05	0.01017796535454818
-3.9474737368684334	8.458667403243858e-05	0.009677533546259665
-3.934467233616809	8.481953810901555e-05	0.009218315673410804
-3.921460730365183	8.505337888242703e-05	0.008795596921948645
-3.908454227113557	8.52882018910206e-05	0.008405342242520208
-3.895447723861931	8.552401271433308e-05	0.008044079731682308
-3.882441220610305	8.576081697253546e-05	0.007708806953381053
-3.869434717358679	8.599862032698802e-05	0.00739691515673091
-3.856428214107053	8.623742847768678e-05	0.007106127563120679
-3.843421710855427	8.647724716470684e-05	0.006834448794762582
-3.830415207603801	8.671808217119992e-05	0.006580123187279852
-3.817408704352175	8.695993932494872e-05	0.0063416002325416
-3.804402201100551	8.720282449059535e-05	0.00611750577986836
-3.791395697848925	8.744674357863413e-05	0.005906617914984702
-3.778389194597299	8.769170254341319e-05	0.005707846660237048
-3.765382691345673	8.793770738280138e-05	0.00552021681300674
-3.752376188094047	8.818476413452458e-05	0.005342853374419421
-3.739369684842421	8.843287888538054e-05	0.005174969126430451
-3.726363181590795	8.868205776046967e-05	0.005015853998934783
-3.713356678339169	8.893230693796106e-05	0.004864865934971818
-3.700350175087543	8.918363263710205e-05	0.004721423014816262
-3.6873436718359187	8.943604111888437e-05	0.004584996642326367
-3.6743371685842927	8.968953869770147e-05	0.00445510563100715
-3.6613306653326667	8.994413173468718e-05	0.004331311054894371
-3.6483241620810407	9.019982662639148e-05	0.004213211751977086
-3.6353176588294147	9.045662983242497e-05	0.0041004403861036876
-3.6223111555777887	9.071454785170019e-05	0.0039926599885719005
-3.6093046523261627	9.097358722975901e-05	0.0038895609128806186
-3.5962981490745367	9.123375456865368e-05	0.0037908581464766167
-3.5832916458229107	9.149505650829504e-05	0.0036962889318548076
-3.5702851425712847	9.17574997492121e-05	0.0036056106564323898
-3.5572786393196605	9.20210910347885e-05	0.0035185989766078896
-3.5442721360680345	9.228583716447414e-05	0.003435046146362142
-3.5312656328164085	9.255174498568053e-05	0.003354759524946793
-3.5182591295647825	9.281882139156039e-05	0.003277560241808919
-3.5052526263131565	9.308707334043653e-05	0.0032032819997891426
-3.4922461230615305	9.33565078301557e-05	0.00313177000028364
-3.4792396198099045	9.362713192218042e-05	0.003062879976135413
-3.4662331165582785	9.389895272027271e-05	0.0029964773199619987
-3.4532266133066525	9.417197738914584e-05	0.0029324362971140383
-3.4402201100550283	9.444621314780299e-05	0.002870639333898195
-3.4272136068034023	9.472166726698372e-05	0.0028109763728227932
-3.4142071035517763	9.499834707538124e-05	0.0027533442876575
-3.4012006003001503	9.527625995342515e-05	0.0026976463519253757
-3.3881940970485243	9.555541334715922e-05	0.002643791755309599
-3.3751875937968983	9.583581474870151e-05	0.00259169516295088
-3.3621810905452723	9.61174717136748e-05	0.0025412763133333405
-3.3491745872936463	9.640039185165872e-05	0.0024924596508798524
-3.3361680840420203	9.668458283473846e-05	0.002445173989807592
-3.3231615807903943	9.697005239539536e-05	0.002399352206226557
-3.31015507753877	9.725680831684791e-05	0.0023549309557164833
-3.297148574287144	9.754485845359095e-05	0.002311850414031036
-3.284142071035518	9.78342107137431e-05	0.002270054038691627
-3.271135567783892	9.812487306659623e-05	0.0022294883495916906
-3.258129064532266	9.841685354927687e-05	0.0021901027268380613
-3.24512256128064	9.871016025331247e-05	0.002151849224316882
-3.232116058029014	9.900480133739897e-05	0.0021146823975173312
-3.219109554777388	9.930078502695672e-05	0.0020785591444498763
-3.206103051525762	9.959811960802423e-05	0.0020434385584269243
-3.193096548274138	9.98968134252598e-05	0.0020092817917590766
-3.180090045022512	0.0001001968749028137	0.001976051929405309
-3.167083541770886	0.00010049831251879304	0.0019437138717399716
-3.15407703851926	0.00010080113482502373	0.0019122342257101854
-3.141070535267634	0.00010110535043705848	0.0018815812036547808
-3.128064032016008	0.00010141096804128225	0.0018517245292030138
-3.115057528764382	0.00010171799638536427	0.0018226353496604286
-3.102051025512756	0.0001020264442980201	0.0017942861543712718
-3.08904452226113	0.0001023363206673622	0.0017666506986102615
-3.076038019009504	0.00010264763445955172	0.001739703932534531
-3.0630315157578796	0.00010296039470858442	0.0017134219348506896
-3.0500250125062536	0.00010327461051862219	0.0016877818508076459
-3.0370185092546276	0.00010359029107065432	0.0016627618342062167
-3.0240120060030016	0.00010390744561716847	0.0016383409931289838
-3.0110055027513756	0.00010422608348115148	0.001614499339101405
-2.9979989994997496	0.00010454621407018916	0.0015912177394383775
-2.9849924962481236	0.00010486784685515005	0.0015684778725750803
-2.9719859929964976	0.00010519099139350008	0.0015462621861129788
-2.9589794897448716	0.00010551565731176105	0.0015245538574532036
-2.9459729864932473	0.00010584185432171989	0.0015033367567810485
-2.9329664832416213	0.00010616959220732802	0.0014825954122758
-2.9199599799899953	0.00010649888083702486	0.0014623149773701494
-2.9069534767383693	0.00010682973015574415	0.0014424811999342868
-2.8939469734867433	0.00010716215018646835	0.0014230803932568925
-2.8809404702351173	0.00010749615104188592	0.0014040994086748082
-2.8679339669834913	0.00010783174291362219	0.0013855256097872193
-2.8549274637318653	0.00010816893607734634	0.001367346848109352
-2.8419209604802393	0.00010850774088722037	0.001349551440095742
-2.8289144572286133	0.00010884816778788942	0.001332128145450695
-2.815907953976989	0.00010919022731159522	0.0013150661465999303
-2.802901450725363	0.0001095339300715148	0.0012983550293201862
-2.789894947473737	0.00010987928677552716	0.0012819847643887883
-2.776888444222111	0.00011022630821233559	0.0012659456902281985
-2.763881940970485	0.00011057500526145958	0.0012502284964629462
-2.750875437718859	0.00011092538890189463	0.0012348242083596306
-2.737868934467233	0.00011127747018879752	0.0012197241720732777
-2.724862431215607	0.00011163126028124193	0.0012049200406392124
-2.711855927963981	0.00011198677042589811	0.0011904037607151086
-2.698849424712357	0.0001123440119649155	0.001176167559984509
-2.685842921460731	0.00011270299633836522	0.0011622039351852909
-2.672836418209105	0.00011306373507191658	0.001148505640769848
-2.659829914957479	0.00011342623980170607	0.0011350656780919621
-2.646823411705853	0.00011379052225080066	0.0011218772851622205
-2.633816908454227	0.00011415659424707236	0.0011089339268798293
-2.620810405202601	0.00011452446771742508	0.001096229285750816
-2.607803901950975	0.00011489415468723951	0.0010837572530566497
-2.594797398699349	0.00011526566728337073	0.0010715119204316448
-2.581790895447723	0.00011563901774236385	0.0010594875718564767
-2.5687843921960987	0.0001160142183950219	0.0010476786760286183
-2.5557778889444727	0.00011639128168405843	0.0010360798790638448
-2.5427713856928467	0.00011677022015865735	0.0010246859975759914
-2.5297648824412207	0.00011715104646914387	0.0010134920120518087
-2.5167583791895947	0.0001175337733800852	0.0010024930605261329
-2.5037518759379687	0.0001179184137646283	0.0009916844325607022
-2.4907453726863427	0.0001183049806029457	0.0009810615634808784
-2.4777388694347167	0.0001186934869908951	0.000970620028881708
-2.4647323661830907	0.00011908394613702189	0.0009603555393595808
-2.4517258629314664	0.00011947637136278111	0.0009502639355055686
-2.4387193596798404	0.00011987077610320362	0.0009403411830899433
-2.4257128564282144	0.00012026717391466768	0.0009305833684785103
-2.4127063531765884	0.0001206655784674604	0.0009209866942263556
-2.3996998499249624	0.00012106600355188402	0.0009115474748825347
-2.3866933466733364	0.00012146846307858894	0.0009022621329559666
-2.3736868434217104	0.00012187297108312567	0.0008931271950582964
-2.3606803401700844	0.00012227954171628586	0.0008841392882226184
-2.3476738369184584	0.00012268818925997849	0.0008752951363503181
-2.3346673336668324	0.00012309892811923628	0.00086659155682689
-2.321660830415208	0.00012351177282876602	0.0008580254572652102
-2.308654327163582	0.00012392673804351162	0.0008495938323902497
-2.295647823911956	0.0001243438385597484	0.000841293761047579
-2.28264132066033	0.0001247630892928786	0.0008331224033327755
-2.269634817408704	0.0001251845052973044	0.0008250769978338512
-2.256628314157078	0.0001256081017624311	0.000817154858988256
-2.243621810905452	0.00012603389400955844	0.0008093533745439085
-2.230615307653826	0.0001264618974946563	0.0008016700031154844
-2.2176088044022	0.0001268921278234636	0.0007941022718511714
-2.204602301150576	0.00012732460072528706	0.0007866477741670375
-2.19159579789895	0.00012775933208264423	0.0007793041675916434
-2.178589294647324	0.00012819633791494311	0.0007720691716766037
-2.165582791395698	0.00012863563438647585	0.0007649405659994057
-2.152576288144072	0.00012907723781396818	0.0007579161882400598
-2.139569784892446	0.00012952116465292374	0.0007509939323210313
-2.12656328164082	0.0001299674315129451	0.000744171746631439
-2.113556778389194	0.00013041605515207166	0.0007374476323027679
-2.100550275137568	0.00013086705248310793	0.0007308196415606316
-2.087543771885942	0.00013132044057051484	0.0007242858761352666
-2.0745372686343178	0.0001317762366402908	0.0007178444857198762
-2.0615307653826918	0.00013223445806520573	0.0007114936664995852
-2.0485242621310658	0.00013269512239177939	0.0007052316597297992
-2.0355177588794398	0.00013315824731385817	0.000699056750359528
-2.0225112556278138	0.00013362385069803917	0.0006929672657056685
-2.0095047523761878	0.00013409195057167977	0.0006869615741841306
-1.9964982491245618	0.00013456256512633935	0.0006810380840788222
-1.9834917458729358	0.00013503571272666104	0.0006751952423469376
-1.9704852426213098	0.0001355114119085954	0.0006694315334789813
-1.9574787393696855	0.00013598968137529255	0.0006637454783957608
-1.9444722361180595	0.00013647054000920367	0.0006581356333756894
-1.9314657328664335	0.00013695400686442039	0.0006526005890299391
-1.9184592296148075	0.00013744010117477945	0.0006471389693021301
-1.9054527263631815	0.00013792884235797054	0.0006417494305129834
-1.8924462231115555	0.0001384202500083198	0.0006364306604285108
-1.8794397198599295	0.00013891434391044566	0.0006311813773601793
-1.8664332166083035	0.00013941114403359656	0.0006260003293119265
-1.8534267133566775	0.00013991067053065187	0.0006208862931237347
-1.8404202101050515	0.0001404129437557744	0.0006158380736768221
-1.8274137068534273	0.00014091798424076263	0.0006108545030985013
-1.8144072036018013	0.0001414258127307999	0.000605934440019662
-1.8014007003501753	0.00014193645015569967	0.0006010767688240382
-1.7883941970985493	0.0001424499176501115	0.0005962803989607579
-1.7753876938469233	0.00014296623655096763	0.0005915442642412394
-1.7623811905952973	0.00014348542839603962	0.0005868673221800513
-1.7493746873436713	0.00014400751493615083	0.0005822485533598654
-1.7363681840920453	0.00014453251812851509	0.0005776869608005164
-1.7233616808404193	0.0001450604601358485	0.0005731815693639231
-1.710355177588795	0.00014559136334835188	0.0005687314251693332
-1.697348674337169	0.0001461252503621724	0.0005643355950258888
-1.684342171085543	0.00014666214399383648	0.0005599931658868407
-1.671335667833917	0.0001472020672923513	0.0005557032443253007
-1.658329164582291	0.0001477450435193317	0.0005514649560149909
-1.645322661330665	0.0001482910961660977	0.00054727744523142
-1.632316158079039	0.00014884024895711612	0.0005431398743707128
-1.619309654827413	0.00014939252584866836	0.0005390514234934196
-1.606303151575787	0.00014994795103062675	0.0005350112898494519
-1.593296648324161	0.00015050654893400406	0.0005310186874585288
-1.5802901450725368	0.00015106834422773385	0.000527072846671639
-1.5672836418209108	0.00015163336183077192	0.0005231730137658097
-1.5542771385692848	0.00015220162690199324	0.0005193184505315473
-1.5412706353176588	0.0001527731648521824	0.0005155084339009131
-1.5282641320660328	0.00015334800134869653	0.0005117422555487305
-1.5152576288144068	0.00015392616231091338	0.0005080192215426438
-1.5022511255627808	0.0001545076739180029	0.0005043386519811843
-1.4892446223111548	0.00015509256261747595	0.0005006998806484919
-1.4762381190595288	0.00015568085511230567	0.0004971022546738091
-1.4632316158079046	0.0001562725783820218	0.0004935451342150676
-1.4502251125562786	0.00015686775967638233	0.0004900278921389223
-1.4372186093046526	0.00015746642651537357	0.0004865499137057805
-1.4242121060530266	0.00015806860670652956	0.00048311059628503017
-1.4112056028014006	0.00015867432833804873	0.0004797093490511717
-1.3981990995497746	0.0001592836197772396	0.0004763455927122573
-1.3851925962981486	0.00015989650968628588	0.00047301875922778347
-1.3721860930465226	0.00016051302701758363	0.00046972829155444984
-1.3591795897948966	0.00016113320102617568	0.00046647364337171204
-1.3461730865432706	0.00016175706125587386	0.00046325427883686654
-1.3331665832916464	0.0001623846375685689	0.0004600696723461306
-1.3201600800400204	0.000163015960121915	0.000456919308288839
-1.3071535767883944	0.00016365105939264435	0.0004538026808172946
-1.2941470735367684	0.000164289966170017	0.0004507192936255011
-1.2811405702851424	0.0001649327115643695	0.00044766865972512004
-1.2681340670335164	0.00016557932700955735	0.0004446503012350833
-1.2551275637818904	0.00016622984426395426	0.00044166374917742335
-1.2421210605302644	0.0001668842954232197	0.0004387085432674409
-1.2291145572786384	0.00016754271291630207	0.0004357842317230798
-1.2161080540270142	0.0001682051295136544	0.00043289037107052675
-1.2031015507753882	0.00016887157832889965	0.0004300265259661318
-1.1900950475237622	0.00016954209282493693	0.00042719226900167495
-1.1770885442721362	0.00017021670682160206	0.0004243871805368338
-1.1640820410205102	0.00017089545449178178	0.00042161084853076236
-1.1510755377688842	0.00017157837038006551	0.0004188628683667872
-1.1380690345172582	0.0001722654893890896	0.00041614284268831625
-1.1250625312656322	0.00017295684679485834	0.0004134503812508461
-1.1120560280140062	0.00017365247826128805	0.00041078510075398533
-1.099049524762382	0.0001743524198184465	0.0004081466247041199
-1.086043021510756	0.00017505670790107786	0.0004055345832564283
-1.07303651825913	0.00017576537931751623	0.00040294861307543783
-1.060030015007504	0.000176478471290209	0.0004003883572014644
-1.047023511755878	0.00017719602143573265	0.00039785346490150975
-1.034017008504252	0.00017791806777645025	0.0003953435915498016
-1.021010505252626	0.00017864464875394503	0.00039285839849223514
-1.008004002001	0.00017937580322580082	0.0003903975529251369
-0.9949974987493739	0.00018011157047426174	0.00038796072775570956
-0.9819909954977479	0.0001808519902111172	0.00038554760151099376
-0.9689844922461237	0.0001815971025896923	0.0003831578581965367
-0.9559779889944977	0.00018234694819185826	0.000380791187191476
-0.9429714857428717	0.00018310156806156108	0.0003784472831414032
-0.9299649824912457	0.00018386100368494862	0.00037612584583934794
-0.9169584792396197	0.00018462529701368524	0.0003738265801273011
-0.9039519759879937	0.00018539449046695022	0.00037154919579740486
-0.8909454727363677	0.00018616862692943936	0.00036929340747793304
-0.8779389694847417	0.00018694774977301432	0.0003670589345459163
-0.8649324662331157	0.00018773190284637753	0.0003648455010216711
-0.8519259629814915	0.000188521130493724	0.00036265283549141714
-0.8389194597298655	0.0001893154775577388	0.0003604806709971431
-0.8259129564782395	0.00019011498939192073	0.00035832874495511646
-0.8129064532266135	0.00019091971184903578	0.00035619679907383794
-0.7998999499749875	0.0001917296913120925	0.0003540845792605607
-0.7868934467233615	0.0001925449746821295	0.00035199183554224245
-0.7738869434717355	0.00019336560940896863	0.0003499183219797253
-0.7608804402201095	0.00019419164346567985	0.00034786379659879074
-0.7478739369684835	0.00019502312538199895	0.0003458280213006759
-0.7348674337168575	0.00019586010424887945	0.0003438107617939057
-0.7218609304652333	0.00019670262971271946	0.0003418117875189086
-0.7088544272136073	0.00019755075199523464	0.0003398308715691911
-0.6958479239619813	0.00019840452190256208	0.0003378677906349381
-0.6828414207103553	0.00019926399082370594	0.0003359223249159715
-0.6698349174587293	0.0002001292107451924	0.00033399425807101313
-0.6568284142071033	0.00020100023426050662	0.00033208337714152325
-0.6438219109554773	0.00020187711457908541	0.0003301894724908605
-0.6308154077038512	0.00020275990552121037	0.0003283123377370023
-0.6178089044522252	0.00020364866155531125	0.00032645176969781087
-0.604802401200601	0.000204543437777982	0.0003246075683286387
-0.591795897948975	0.00020544428994018205	0.00032277953665682535
-0.578789394697349	0.00020635127444834644	0.0003209674807380658
-0.565782891445723	0.0002072644483804842	0.00031917120958091516
-0.552776388194097	0.00020818386949605916	0.0003173905351093742
-0.539769884942471	0.00020910959623354763	0.0003156252721007169
-0.526763381690845	0.00021004168773497423	0.00031387523812898
-0.513756878439219	0.00021098020385112992	0.00031214025352988006
-0.500750375187593	0.00021192520514601298	0.0003104201413295371
-0.487743871935967	0.0002128767529210318	0.00030871472720250814
-0.4747373686843428	0.00021383490920900972	0.0003070238394292657
-0.4617308654327168	0.00021479973679761066	0.0003053473088530101
-0.4487243621810908	0.00021577129923733285	0.00030368496881039153
-0.4357178589294648	0.0002167496608475039	0.00030203665510930566
-0.4227113556778388	0.00021773488673260122	0.00030040220598004375
-0.4097048524262128	0.00021872704280001543	0.000298781462022113
-0.3966983491745868	0.00021972619575449936	0.00029717426617614784
-0.3836918459229608	0.0002207324131272559	0.0002955804636631809
-0.3706853426713348	0.0002217457632840425	0.0002939999019627715
-0.35767883941971057	0.00022276631543038938	0.0002924324307691517
-0.34467233616808457	0.0002237941396313614	0.00029087790193904617
-0.33166583291645857	0.0002248293068225493	0.00028933616947024454
-0.31865932966483257	0.00022587188882672304	0.00028780708945552735
-0.30565282641320657	0.00022692195835571916	0.0002862905200490262
-0.29264632316158057	0.00022797958904519078	0.0002847863214251456
-0.27963981990995457	0.00022904485544239517	0.0002832943557539158
-0.26663331665832857	0.0002301178330429421	0.0002818144871502559
-0.25362681340670257	0.00023119859829556777	0.0002803465816584305
-0.24062031015507657	0.00023228722860935136	0.00027889050720919517
-0.22761380690345234	0.00023338380239024126	0.0002774461335882661
-0.21460730365182634	0.00023448839902395768	0.000276013332400904
-0.20160080040020034	0.00023560109893350223	0.0002745919770505978
-0.18859429714857434	0.00023672198355717544	0.0002731819427022053
-0.17558779389694834	0.00023785113537422298	0.00027178310625519675
-0.16258129064532234	0.00023898863794435954	0.0002703953463017994
-0.14957478739369634	0.00024013457589378007	0.0002690185431259984
-0.13656828414207034	0.00024128903494224918	0.0002676525786415862
-0.12356178089044434	0.00024245210193729605	0.00026629733638805497
-0.11055527763882012	0.00024362386485021759	0.0002649527015048392
-0.09754877438719411	0.00024480441279450815	0.0002636185606839092
-0.08454227113556811	0.0002459938360613867	0.00026229480216355405
-0.07153576788394211	0.00024719222612579195	0.00026098131569562977
-0.058529264632316114	0.0002483996756665885	0.00025967799252224477
-0.04552276138069011	0.0002496162785906586	0.0002583847253455618
-0.03251625812906411	0.0002508421300482233	0.00025710140831602946
-0.019509754877438112	0.0002520773264492737	0.0002558279369900829
-0.006503251625812112	0.0002533219655015406	0.0002545642083365829
0.006503251625813888	0.0002545761462053875	0.00025331012067519865
0.019509754877438112	0.0002558399688988855	0.00025206557368917526
0.03251625812906411	0.00025711353526269853	0.0002508304683829232
0.04552276138069011	0.00025839694835727567	0.0002496047070694729
0.058529264632316114	0.00025969031262895736	0.00024838819334804807
0.07153576788394211	0.00026099373395149783	0.0002471808320786417
0.08454227113556811	0.00026230731962828546	0.00024598252937102494
0.09754877438719411	0.0002636311784323109	0.00024479319255588106
0.11055527763882012	0.00026496542063125794	0.00024361273017214913
0.12356178089044612	0.0002663101580039351	0.00024244105194137777
0.13656828414207034	0.00026766550386381205	0.0002412780687539584
0.14957478739369634	0.0002690315730986548	0.00024012369265558053
0.16258129064532234	0.0002704084821766317	0.0002389778368127038
0.17558779389694834	0.0002717963492011588	0.00023784041551255797
0.18859429714857434	0.0002731952939104554	0.0002367113441348323
0.20160080040020034	0.00027460543772561685	0.00023559053914401495
0.21460730365182634	0.0002760269037612728	0.00023447791805886187
0.22761380690345234	0.0002774598168739928	0.0002333733994520637
0.24062031015507834	0.000278904303676053	0.000232276902921158
0.25362681340670434	0.00028036049258206575	0.00023118834907809305
0.26663331665832857	0.0002818285138211918	0.00023010765953679346
0.27963981990995457	0.00028330849948643433	0.00022903475689051156
0.29264632316158057	0.00028480058354896087	0.00022796956470283458
0.30565282641320657	0.00028630490191405844	0.00022691200749014317
0.31865932966483257	0.0002878215924295713	0.00022586201070617928
0.33166583291645857	0.00028935079494196714	0.000224819500736273
0.34467233616808457	0.0002908926513190968	0.00022378440486714446
0.35767883941971057	0.0002924473054883858	0.00022275665129023459
0.37068534267133657	0.0002940149034730277	0.0002217361690782793
0.3836918459229608	0.0002955955934346166	0.0002207228881728751
0.3966983491745868	0.00029718952570501056	0.00021971673937670744
0.4097048524262128	0.00029879685282629964	0.00021871765433489898
0.4227113556778388	0.0003004177295978794	0.00021772556552446254
0.4357178589294648	0.0003020523131042063	0.0002167404062413114
0.4487243621810908	0.0003037007627652022	0.00021576211059604056
0.4617308654327168	0.0003053632403824391	0.0002147906134890576
0.4747373686843428	0.0003070399101665622	0.00021382585060536474
0.4877438719359688	0.00030873093880323665	0.00021286775840279049
0.5007503751875948	0.00031043649547923824	0.00021191627410543923
0.513756878439219	0.0003121567519449586	0.00021097133568059867
0.526763381690845	0.00031389188254171696	0.000210032881844735
0.539769884942471	0.0003156420642704827	0.0002091008520285209
0.552776388194097	0.00031740747682973414	0.0002081751863985959
0.565782891445723	0.0003191883026701925	0.00020725582581548885
0.578789394697349	0.00032098472704078507	0.00020634271184449826
0.591795897948975	0.00032279693805215004	0.00020543578673770657
0.604802401200601	0.0003246251267166045	0.00020453499342298898
0.617808904452227	0.0003264694870150908	0.00020364027549923946
0.6308154077038512	0.00032833021594458334	0.0002027515772238253
0.6438219109554773	0.0003302075135878102	0.00020186884350015255
0.6568284142071033	0.0003321015831563301	0.00020099201987666682
0.6698349174587293	0.000334012631063918	0.00020012105252931178
0.6828414207103553	0.0003359408669761921	0.00019925588826075202
0.6958479239619813	0.00033788650389010577	0.00019839647448227637
0.7088544272136073	0.0003398497581793558	0.00019754275921290976
0.7218609304652333	0.00034183084967742694	0.0001966946910680889
0.7348674337168593	0.0003438300017351015	0.00019585221924967033
0.7478739369684853	0.00034584744129240175	0.00019501529353971314
0.7608804402201095	0.00034788339893965237	0.00019418386429848056
0.7738869434717355	0.0003499381090169562	0.00019335788244045915
0.7868934467233615	0.0003520118096509428	0.00019253729944379572
0.7998999499749875	0.00035410474286545757	0.00019172206733275576
0.8129064532266135	0.0003562171546328541	0.0001909121386732826
0.8259129564782395	0.0003583492949663647	0.0001901074665616731
0.8389194597298655	0.0003605014180056987	0.00018930800462646502
0.8519259629814915	0.00036267378208065804	0.00018851370701600256
0.8649324662331175	0.0003648666498213826	0.00018772452837922948
0.8779389694847417	0.00036708028822263206	0.00018694042388323062
0.8909454727363677	0.00036931496875858283	0.00018616134918991722
0.9039519759879937	0.0003715709674387835	0.00018538726044670106
0.9169584792396197	0.000373848564944379	0.0001846181142967085
0.9299649824912457	0.0003761480466856204	0.00018385386785191304
0.9429714857428717	0.00037846970292776394	0.00018309447870201723
0.9559779889944977	0.00038081382887766857	0.0001823399049029062
0.9689844922461237	0.0003831807247891561	0.00018159010496576755
0.9819909954977497	0.00038557069607336736	0.00018084503785675832
0.9949974987493757	0.00038798405340312314	0.00018010466299234196
1.008004002001	0.0003904211128248347	0.00017936894023062866
1.021010505252626	0.0003928821958768536	0.000178637829859718
1.034017008504252	0.00039536762969538675	0.00017791129260036342
1.047023511755878	0.00039787774714805657	0.0001771892896051952
1.060030015007504	0.0004004128869492529	0.00017647178243218598
1.07303651825913	0.00040297339378736474	0.0001757587330658561
1.086043021510756	0.0004055596184509014	0.00017505010388507714
1.099049524762382	0.0004081719179738208	0.00017434585768527633
1.112056028014008	0.0004108106557443314	0.0001736459576470173
1.1250625312656322	0.00041347620167853094	0.00017295036735265334
1.1380690345172582	0.0004161689323378681	0.0001722590507672317
1.1510755377688842	0.00041888923109489884	0.00017157197223371945
1.1640820410205102	0.0004216374882604068	0.00017088909648099726
1.1770885442721362	0.0004244141012661462	0.00017021038860687288
1.1900950475237622	0.0004272194747965141	0.0001695358140703096
1.2031015507753882	0.00043005402097739953	0.00016886533870674736
1.2161080540270142	0.0004329181595221776	0.00016819892869690545
1.2291145572786402	0.00043581231791622876	0.00016753655058077133
1.2421210605302662	0.0004387369315881351	0.00016687817124638737
1.2551275637818904	0.0004416924440916459	0.00016622375793162725
1.2681340670335164	0.00044467930729263916	0.0001655732782078756
1.2811405702851424	0.00044769798156629736	0.00016492669998124931
1.2941470735367684	0.000450748935974854	0.0001642839914993699
1.3071535767883944	0.0004538326484950783	0.00016364512133215658
1.3201600800400204	0.0004569496062034606	0.00016301005836738547
1.3331665832916464	0.0004601003055063613	0.0001623787718251224
1.3461730865432724	0.0004632852523448472	0.00016175123122830204
1.3591795897948984	0.00046650496243094697	0.00016112740642004741
1.3721860930465226	0.0004697599614718051	0.00016050726754934797
1.3851925962981486	0.00047305078541026724	0.00015989078506628562
1.3981990995497746	0.00047637798067534654	0.00015927792972614263
1.4112056028014006	0.0004797421044244743	0.00015866867257507966
1.4242121060530266	0.0004831437248070669	0.00015806298495413262
1.4372186093046526	0.0004865834212328668	0.00015746083849976777
1.4502251125562786	0.0004900617846430588	0.00015686220512278748
1.4632316158079046	0.0004935794177892694	0.00015626705702675991
1.4762381190595306	0.0004971369355315503	0.000155675366687702
1.4892446223111566	0.0005007349651375836	0.00015508710686296112
1.5022511255627808	0.0005043741465772245	0.00015450225057012101
1.5152576288144068	0.0005080551328520144	0.0001539207711116486
1.5282641320660328	0.000511778590313039	0.00015334264204325265
1.5412706353176588	0.0005155451990118687	0.0001527678371889829
1.5542771385692848	0.000519355653017195	0.00015219633063023874
1.5672836418209108	0.000523210660797524	0.00015162809670477007
1.5802901450725368	0.000527110945582665	0.00015106310999901673
1.5932966483241628	0.0005310572457314366	0.00015050134536098714
1.6063031515757888	0.0005350503151265729	0.00014994277787205856
1.619309654827413	0.0005390909235797325	0.00014938738286829345
1.632316158079039	0.0005431798572447244	0.00014883513591645858
1.645322661330665	0.0005473179190359501	0.0001482860128344532
1.658329164582291	0.0005515059290791546	0.000147739989666551
1.671335667833917	0.0005557447251515191	0.00014719704268872924
1.684342171085543	0.0005600351631666056	0.00014665714841188837
1.697348674337169	0.0005643781176424278	0.00014612028357485762
1.710355177588795	0.0005687744822019392	0.00014558642513762265
1.723361680840421	0.0005732251700969471	0.0001450555502805484
1.736368184092047	0.0005777311147213693	0.00014452763640926403
1.7493746873436713	0.0005822932701725625	0.00014400266114067417
1.7623811905952973	0.0005869126118067669	0.00014348060231073045
1.7753876938469233	0.0005915901368283016	0.0001429614379599986
1.7883941970985493	0.0005963268648895292	0.00014244514634753624
1.8014007003501753	0.0006011238387080287	0.00014193170593268523
1.8144072036018013	0.0006059821247192954	0.00014142109538295422
1.8274137068534273	0.0006109028137314398	0.00014091329356136217
1.8404202101050533	0.0006158870216121937	0.00014040827954275859
1.8534267133566793	0.0006209358900031159	0.00013990603259117496
1.8664332166083035	0.0006260505870446798	0.0001394065321638216
1.8794397198599295	0.0006312323081409943	0.00013890975791674975
1.8924462231115555	0.0006364822767382927	0.0001384156896957478
1.9054527263631815	0.0006418017451380598	0.00013792430753301055
1.9184592296148075	0.0006471919953313643	0.0001374355916493597
1.9314657328664335	0.0006526543398698292	0.0001369495224454731
1.9444722361180595	0.000658190122758473	0.00013646608051354203
1.9574787393696855	0.0006638007203872975	0.00013598524661850853
1.9704852426213115	0.0006694875424930746	0.00013550700170616992
1.9834917458729358	0.0006752520331526624	0.00013503132689651753
1.9964982491245618	0.0006810956718121819	0.0001345582034871784
2.0095047523761878	0.0006870199743593819	0.0001340876129439783
2.0225112556278138	0.0006930264942250908	0.00013361953691182205
2.0355177588794398	0.000699116823529411	0.00013315395719037948
2.0485242621310658	0.0007052925942713228	0.000132690855756179
2.0615307653826918	0.0007115554795584789	0.0001322302147493959
2.0745372686343178	0.0007179071948827387	0.0001317720164685232
2.0875437718859438	0.000724349499447996	0.00013131624338036385
2.1005502751375698	0.000730884197531978	0.00013086287810271102
2.113556778389194	0.0007375131399283141	0.00013041190341633868
2.12656328164082	0.0007442382254049251	0.00012996330226022756
2.139569784892446	0.0007510614022552264	0.00012951705771835353
2.152576288144072	0.0007579846698767545	0.0001290731530372291
2.165582791395698	0.0007650100804319493	0.000128631571608806
2.178589294647324	0.0007721397405672237	0.00012819229697713652
2.19159579789895	0.0007793758131898754	0.0001277553128254949
2.204602301150576	0.000786720519330153	0.00012732060299658343
2.217608804402202	0.0007941761400603875	0.00012688815146777443
2.230615307653826	0.0008017450185009434	0.00012645794236298968
2.243621810905452	0.0008094295619057723	0.000126029959945817
2.256628314157078	0.0008172322438226853	0.00012560418861973233
2.269634817408704	0.0008251556063539889	0.0001251806129277666
2.28264132066033	0.0008332022624926161	0.00012475921754739883
2.295647823911956	0.0008413748985650615	0.00012433998729288742
2.308654327163582	0.0008496762767841171	0.00012392290711149556
2.321660830415208	0.0008581092378778798	0.00012350796208870918
2.334667333666834	0.0008666767038484346	0.00012309513742836398
2.34767383691846	0.0008753816808562132	0.00012268441847551603
2.3606803401700844	0.0008842272622022751	0.00012227579070134276
2.3736868434217104	0.0008932166314492562	0.00012186923969803587
2.3866933466733364	0.000902353065680428	0.0001214647511872391
2.3996998499249624	0.0009116399388795493	0.00012106231101782772
2.4127063531765884	0.0009210807254905751	0.00012066190515791497
2.4257128564282144	0.0009306790041012647	0.00012026351969351978
2.4387193596798404	0.0009404384613003192	0.00011986714084233352
2.4517258629314664	0.000950362895714485	0.00011947275492618648
2.4647323661830924	0.0009604562221957602	0.00011908034839791526
2.4777388694347167	0.0009707224762551814	0.00011868990781660482
2.4907453726863427	0.0009811658186194006	0.00011830141986879372
2.5037518759379687	0.0009917905400640414	0.00011791487134127365
2.5167583791895947	0.0010026010664183627	0.00011753024914662458
2.5297648824412207	0.0010136019638419258	0.00011714754029623631
2.5427713856928467	0.001024797944318756	0.00011676673192506648
2.5557778889444727	0.0010361938714132934	0.00011638781126777076
2.5687843921960987	0.001047794766309118	0.0001160107656720255
2.5817908954477247	0.0010596058141284503	0.0001156355825965294
2.5947973986993507	0.0010716323705577402	0.00011526224959390596
2.607803901950975	0.0010838799687935552	0.00011489075433335216
2.620810405202601	0.0010963543268082132	0.00011452108458631649
2.633816908454227	0.0011090613550065465	0.00011415322822094787
2.646823411705853	0.0011220071642469298	0.00011378717321375298
2.659829914957479	0.0011351980742343448	0.0001134229076387161
2.672836418209105	0.0011486406223916168	0.00011306041966918645
2.685842921460731	0.0011623415731225606	0.00011269969758498366
2.698849424712357	0.0011763079275926014	0.00011234072975252474
2.711855927963983	0.0011905469339841268	0.0001119835046398121
2.724862431215607	0.0012050660983062844	0.00011162801081188167
2.737868934467233	0.0012198731957504538	0.00011127423692836036
2.750875437718859	0.0012349762826625588	0.00011092217174202279
2.763881940970485	0.001250383709136993	0.00011057180409945744
2.776888444222111	0.0012661041323138722	0.00011022312293640368
2.789894947473737	0.001282146530359296	0.00010987611728574542
2.802901450725363	0.001298520217237198	0.00010953077626152385
2.815907953976989	0.0013152348582968765	0.00010918708907636798
2.828914457228615	0.001332300486701521	0.00010884504502739478
2.841920960480241	0.0013497275208136372	0.00010850463349842965
2.8549274637318653	0.0013675267825342674	0.00010816584396011741
2.8679339669834913	0.0013857095167089106	0.00010782866596825702
2.8809404702351173	0.0014042874116518833	0.00010749308916957467
2.8939469734867433	0.0014232726208536217	0.00010715910328729095
2.9069534767383693	0.0014426777859727347	0.00010682669813111279
2.9199599799899953	0.0014625160611975163	0.00010649586359401386
2.9329664832416213	0.0014828011390487505	0.00010616658964790471
2.9459729864932473	0.001503547277768802	0.00010583886635218143
2.9589794897448733	0.001524769330340514	0.0001055126838358511
2.9719859929964976	0.0015464827753609578	0.00010518803231807095
2.9849924962481236	0.001568703749767697	0.00010486490208905241
2.9979989994997496	0.0015914490836735906	0.00010454328351849895
3.0110055027513773	0.001614736337385403	0.00010422316705616108
3.0240120060030016	0.0016385838408286002	0.00010390454322628528
3.037018509254626	0.0016630107355002366	0.00010358740262383925
3.0500250125062536	0.0016880370191829641	0.00010327173592616923
3.063031515757878	0.0017136835936366612	0.00010295753388189777
3.0760380190095056	0.0017399723154590818	0.00010264478731525362
3.08904452226113	0.0017669260503978546	0.00010233348711496948
3.1020510255127576	0.0017945687313991598	0.00010202362425082434
3.115057528764382	0.00182292542063478	0.00010171518975821137
3.1280640320160096	0.00185202237591231	0.00010140817474879604
3.141070535267634	0.001881887121744974	0.00010110257039885884
3.1540770385192616	0.001912548525543567	0.00010079836795262587
3.167083541770886	0.0019440368792978946	0.00010049555873037352
3.18009004502251	0.0019763839872763977	0.00010019413411588296
3.193096548274138	0.0020096232601880537	9.989408556054791e-05
3.206103051525762	0.002043789816445374	9.959540457915583e-05
3.21910955477739	0.0020789205911020403	9.929808276021301e-05
3.232116058029014	0.0021150544531705062	9.900211175128959e-05
3.245122561280642	0.0021522323320823933	9.870748326590295e-05
3.258129064532266	0.0021904973541105877	9.841418908351773e-05
3.271135567783894	0.002229894989695058	9.812222104432777e-05
3.284142071035518	0.0022704732126951344	9.78315710596922e-05
3.2971485742871423	0.002312282672671695	9.75422310884877e-05
3.31015507753877	0.0023553768815219867	9.72541931670845e-05
3.3231615807903943	0.002399812415796787	9.696744938147983e-05
3.336168084042022	0.002445649136311512	9.668199188717086e-05
3.3491745872936463	0.0024929504267479086	9.639781289039195e-05
3.362181090545274	0.0025417834532222017	9.611490466931993e-05
3.3751875937968983	0.002592219446946764	9.583325954720667e-05
3.388194097048526	0.0026443340124516768	9.555286991669298e-05
3.4012006003001503	0.002698207464031821	9.527372822049074e-05
3.4142071035517745	0.002753925193535789	9.499582696725906e-05
3.4272136068034023	0.0028115780728759088	9.471915871428482e-05
3.4402201100550265	0.002871262895170923	9.444371608013924e-05
3.4532266133066543	0.0029330828588636226	9.416949173834954e-05
3.4662331165582785	0.00299714809976237	9.389647841406834e-05
3.4792396198099063	0.0030635762766269004	9.362466889517584e-05
3.4922461230615305	0.0031324932166145736	9.33540560125179e-05
3.5052526263131583	0.0032040336278449377	9.308463266333167e-05
3.5182591295647825	0.0032783418873311154	9.281639179103962e-05
3.5312656328164067	0.0033555729136552914	9.254932638669278e-05
3.5442721360680345	0.0034358931351902156	9.228342950962087e-05
3.5572786393196587	0.0035194815662246137	9.201869425512488e-05
3.5702851425712865	0.0036065310052012522	9.175511377823575e-05
3.5832916458229107	0.0036972493714504395	9.149268128283428e-05
3.5962981490745385	0.0037918611993633666	9.123139002176206e-05
3.6093046523261627	0.0038906093119174257	9.097123330381596e-05
3.6223111555777905	0.003993756699080753	9.071220447842698e-05
3.6353176588294147	0.00410158863073351	9.045429695275775e-05
3.648324162081039	0.004214415038795716	9.019750417449401e-05
3.6613306653326667	0.004332573209204105	8.994181964661063e-05
3.674337168584291	0.004456430831449754	8.96872369180457e-05
3.6873436718359187	0.004586389462008289	8.9433749581036e-05
3.700350175087543	0.00472288846821145	8.918135128310745e-05
3.7133566783391707	0.004866409531635529	8.893003570697999e-05
3.726363181590795	0.005017481805139501	8.867979659510361e-05
3.7393696848424227	0.005176687836137561	8.843062772290189e-05
3.752376188094047	0.005344670391266293	8.818252292075446e-05
3.7653826913456747	0.005522140345306958	8.793547605678853e-05
3.778389194597299	0.005709885831490125	8.768948104720398e-05
3.791395697848923	0.005908782892840803	8.744453185671741e-05
3.804402201100551	0.0061198079272417605	8.720062248179783e-05
3.817408704352175	0.0063440522853885906	8.695774697575764e-05
3.830415207603803	0.006582739464613074	8.671589942632618e-05
3.843421710855427	0.006837245447843476	8.647507396652987e-05
3.856428214107055	0.007109122872525853	8.623526477258281e-05
3.869434717358679	0.007400129888221585	8.599646605833566e-05
3.882441220610307	0.0077122647864008576	8.575867208759913e-05
3.895447723861931	0.008047807778158833	8.552187715404891e-05
3.9084542271135554	0.008409371678548716	8.528607560398527e-05
3.921460730365183	0.008799963761670249	8.505126181634903e-05
3.9344672336168074	0.009223061723144244	8.481743021138133e-05
3.947473736868435	0.00968270758895029	8.45845752497354e-05
3.9604802401200594	0.01018362463072875	8.435269143558521e-05
3.973486743371687	0.010731364015851619	8.41217733026367e-05
3.9864932466233114	0.011332490221278135	8.389181543333457e-05
3.999499749874939	0.011994817445901584	8.366281244254203e-05
4.012506253126563	0.012727713770586013	8.343475898675567e-05
4.025512756378188	0.013542496243511115	8.320764975489059e-05
4.038519259629815	0.014452949329928466	8.298147947927159e-05
4.05152576288144	0.015476012669379924	8.275624292719552e-05
4.064532266133067	0.016632704019262312	8.253193490082023e-05
4.077538769384692	0.01794937306681088	8.230855024449202e-05
4.090545272636319	0.019459426905999555	8.208608382898053e-05
4.103551775887944	0.02120573708699225	8.186453057157372e-05
4.116558279139571	0.023244045144543035	8.164388541842538e-05
4.129564782391196	0.02564785046853213	8.142414334832981e-05
4.14257128564282	0.028515525532584074	8.12052993846013e-05
4.155577788894448	0.03198080869107811	8.09873485818624e-05
4.168584292146072	0.036228434713341584	8.077028602215819e-05
4.1815907953977	0.04151750759432593	8.0554106828723e-05
4.194597298649324	0.04821611734078535	8.033880615754274e-05
4.207603801900952	0.05685060646362916	8.012437919746596e-05
4.220610305152576	0.06816771826405676	7.991082116831638e-05
4.233616808404204	0.08318387512299596	7.969812732555592e-05
4.246623311655828	0.10311321271901042	7.948629295739806e-05
4.259629814907456	0.1288419960213707	7.927531338325355e-05
4.27263631815908	0.1592654690197789	7.906518395739415e-05
4.285642821410704	0.18834832754989494	7.885590006084797e-05
4.298649324662332	0.2050125764569818	7.864745711150256e-05
4.311655827913956	0.2026153915809611	7.843985055266955e-05
4.324662331165584	0.18782568538087263	7.823307586740658e-05
4.337668834417208	0.1729498748432966	7.802712856086469e-05
4.350675337668836	0.1658481908912175	7.782200417350005e-05
4.36368184092046	0.1693763427051297	7.761769827552278e-05
4.376688344172088	0.18376333070313156	7.741420646611985e-05
4.389694847423712	0.2065610656048502	7.721152437689671e-05
4.402701350675336	0.23003010080971487	7.70096476656601e-05
4.415707853926964	0.24129334978377992	7.680857202019276e-05
4.428714357178588	0.23283733029231612	7.660829316002982e-05
4.441720860430216	0.2117780425426401	7.640880682990847e-05
4.45472736368184	0.19100353170560214	7.621010880554113e-05
4.467733866933468	0.1780755833471368	7.601219489328237e-05
4.480740370185092	0.17414975360364993	7.581506092224632e-05
4.49374687343672	0.17584318889788364	7.561870275307747e-05
4.506753376688344	0.17697109988121507	7.542311627184439e-05
4.5197598799399685	0.17344301164948583	7.522829739636805e-05
4.532766383191596	0.16777424362844995	7.503424206767306e-05
4.5457728864432205	0.16563774361019168	7.484094625331839e-05
4.558779389694848	0.170485575126488	7.464840595117206e-05
4.5717858929464725	0.18207004162109264	7.445661718441521e-05
4.5847923961981	0.1965390602573851	7.426557600087591e-05
4.5977988994497245	0.2088162700505427	7.407527847846929e-05
4.610805402701352	0.21857782483290844	7.38857207137622e-05
4.6238119059529765	0.23125971395897515	7.369689883907071e-05
4.636818409204601	0.2506010720252103	7.350880900303114e-05
4.6498249124562285	0.2723608132903822	7.332144738669832e-05
4.662831415707853	0.28537931477976153	7.313481019255441e-05
4.6758379189594805	0.28189870887355706	7.294889364561907e-05
4.688844422211105	0.2662562514015566	7.276369400355254e-05
4.7018509254627325	0.24925011920709417	7.25792075427778e-05
4.714857428714357	0.2373727277276395	7.239543056247744e-05
4.7278639319659845	0.22982216568621672	7.221235938970061e-05
4.740870435217609	0.22401395541528624	7.20299903744781e-05
4.7538769384692365	0.2204988499474959	7.184831989215379e-05
4.766883441720861	0.21954907799481072	7.166734433994293e-05
4.779889944972485	0.21708192196115528	7.148706013826445e-05
4.792896448224113	0.20811249894861417	7.130746372829844e-05
4.805902951475737	0.19257025787340154	7.112855158097897e-05
4.818909454727365	0.17571975067987056	7.095032018467062e-05
4.831915957978989	0.16343715355398625	7.077276605438332e-05
4.844922461230617	0.15868320727254714	7.059588572155828e-05
4.857928964482241	0.16142057132690169	7.041967574772379e-05
4.870935467733869	0.1690347158181249	7.024413270906305e-05
4.883941970985493	0.17723192991508185	7.006925320907076e-05
4.896948474237117	0.18392948423598365	6.989503387277995e-05
4.909954977488745	0.1921229402488529	6.972147134121087e-05
4.922961480740369	0.20572443404015872	6.954856228558182e-05
4.935967983991997	0.223370145017177	6.937630339254319e-05
4.948974487243621	0.23584892139408786	6.920469136917351e-05
4.961980990495249	0.23192628244917246	6.90337229495297e-05
4.974987493746873	0.21120401219624474	6.886339487910398e-05
4.987993996998501	0.18454564777442695	6.869370393502994e-05
5.001000500250125	0.16196384198213765	6.852464690554338e-05
5.014007003501749	0.14761145673843667	6.835622060796798e-05
5.027013506753377	0.1420896931934179	6.818842186950835e-05
5.040020010005001	0.14468899601731	6.802124754912153e-05
5.053026513256629	0.1535880862173924	6.785469451509041e-05
5.066033016508253	0.1649973093400322	6.768875965956767e-05
5.079039519759881	0.17366138538172504	6.752343989591125e-05
5.092046023011505	0.17534745224245818	6.735873215646393e-05
5.105052526263133	0.16873905296794	6.719463338855647e-05
5.118059029514757	0.15705607881925077	6.703114056727522e-05
5.131065532766382	0.14655168957726816	6.686825068091817e-05
5.144072036018009	0.14198868770727935	6.67059607305509e-05
5.157078539269634	0.1451005022402263	6.654426775054567e-05
5.170085042521261	0.15501520862418472	6.638316878215811e-05
5.183091545772886	0.16775497195523859	6.622266088740503e-05
5.196098049024513	0.17651352513928342	6.606274115228405e-05
5.209104552276138	0.1764040694420086	6.590340667522732e-05
5.2221110555277654	0.16862124944033208	6.574465457276357e-05
5.23511755877939	0.1564897250934043	6.558648198118355e-05
5.2481240620310174	0.1420033446380965	6.542888605431951e-05
5.261130565282642	0.1279528007156049	6.52718639638783e-05
5.274137068534266	0.11780181549123159	6.511541289810907e-05
5.287143571785894	0.11365551910661142	6.495953006280253e-05
5.300150075037518	0.11606800218251523	6.480421268317826e-05
5.313156578289146	0.12420415188574374	6.464945799544708e-05
5.32616308154077	0.1347080655536731	6.449526326024468e-05
5.339169584792398	0.1406754312004581	6.434162575252866e-05
5.352176088044022	0.13553852596564775	6.418854275880292e-05
5.36518259129565	0.12022738600682015	6.403601159266081e-05
5.378189094547274	0.10158211356345237	6.388402957269168e-05
5.391195597798898	0.0849388007558518	6.373259404113263e-05
5.404202101050526	0.07200246960981305	6.358170235598593e-05
5.41720860430215	0.06254861286559577	6.343135188824345e-05
5.430215107553778	0.055887751373179695	6.328154002599451e-05
5.443221610805402	0.05139795862327112	6.31322641746479e-05
5.45622811405703	0.04862302061855539	6.298352175515554e-05
5.469234617308654	0.04727688256736762	6.28353102032353e-05
5.482241120560282	0.04724938392493094	6.26876269682608e-05
5.495247623811906	0.048594380946057614	6.254046952147707e-05
5.50825412706353	0.05149932365926946	6.239383533879206e-05
5.521260630315158	0.05623311841405032	6.224772192520156e-05
5.534267133566782	0.062948356339391	6.210212678281479e-05
5.54727363681841	0.07114748222814948	6.195704745060038e-05
5.560280140070034	0.0788630166023283	6.181248146197582e-05
5.573286643321662	0.08296181320399798	6.16684263785583e-05
5.586293146573286	0.08215488062144893	6.152487976873733e-05
5.599299649824914	0.07888562693547374	6.138183922310692e-05
5.612306153076538	0.07663955174845427	6.123930233992159e-05
5.625312656328163	0.07753350812095372	6.109726673164673e-05
5.63831915957979	0.08255598730479663	6.095573003150889e-05
5.651325662831415	0.09242548138053264	6.0814689880728245e-05
5.664332166083042	0.10791696967992614	6.067414393762238e-05
5.677338669334667	0.12937432945724336	6.05340898719442e-05
5.690345172586294	0.15496249751372826	6.039452536987788e-05
5.703351675837919	0.17810424212125853	6.02554481283768e-05
5.716358179089546	0.18890781101629384	6.011685586304605e-05
5.729364682341171	0.18371213674591536	5.997874629881661e-05
5.742371185592798	0.16944685756809563	5.984111717161067e-05
5.755377688844423	0.15403903668558716	5.970396623811158e-05
5.768384192096047	0.14014598160389724	5.9567291262108135e-05
5.781390695347675	0.12857537347708858	5.94310900242645e-05
5.794397198599299	0.12114316090864719	5.929536031534788e-05
5.807403701850927	0.11910102533769418	5.916009994189064e-05
5.820410205102551	0.12137122322644345	5.9025306721194326e-05
5.833416708354179	0.12440215840482005	5.889097848243985e-05
5.846423211605803	0.12473849343537513	5.8757113072904765e-05
5.859429714857431	0.12286248209178718	5.862370834353037e-05
5.872436218109055	0.1218960496262188	5.849076216624116e-05
5.885442721360679	0.12307477478801776	5.835827241995606e-05
5.898449224612307	0.12506267284127026	5.8226236999692205e-05
5.911455727863931	0.12631387952119988	5.8094653812568176e-05
5.924462231115559	0.1253506900612028	5.796352076958833e-05
5.937468734367183	0.12010096764655276	5.7832835807181127e-05
5.950475237618811	0.10967432250979225	5.770259686621593e-05
5.963481740870435	0.09570104202409757	5.757280189433445e-05
5.976488244122063	0.08140335989308833	5.744344886626784e-05
5.989494747373687	0.06928686404622364	5.731453575208434e-05
6.002501250625311	0.06017880045563062	5.718606054283537e-05
6.015507753876939	0.05392200995429597	5.705802124000847e-05
6.028514257128563	0.05012375626411747	5.693041585541625e-05
6.041520760380191	0.04848528740501179	5.680324240808776e-05
6.054527263631815	0.048904871415376694	5.6676498937813236e-05
6.067533766883443	0.05150287932927933	5.655018348882379e-05
6.080540270135067	0.05660630597327965	5.6424294121115715e-05
6.093546773386695	0.06462576025414324	5.6298828898126985e-05
6.106553276638319	0.07559325999618005	5.6173785899060746e-05
6.1195597798899435	0.0880081104269097	5.6049163217664066e-05
6.132566283141571	0.09748500667670601	5.5924958954123305e-05
6.1455727863931955	0.09839367410308864	5.5801171217395584e-05
6.158579289644823	0.08972373288509561	5.567779813286933e-05
6.1715857928964475	0.07637541915942603	5.5554837833149406e-05
6.184592296148075	0.06344365015438969	5.543228846405235e-05
6.1975987993996995	0.05309561361982951	5.531014817705682e-05
6.210605302651327	0.04550620164528929	5.518841513862949e-05
6.2236118059029515	0.040199570776986326	5.506708752078815e-05
6.236618309154579	0.036663017731903946	5.494616351386927e-05
6.2496248124062035	0.03451585895118592	5.482564130776524e-05
6.262631315657828	0.03352335937399209	5.4705519114905954e-05
6.2756378189094555	0.03357598201234335	5.458579514350248e-05
6.28864432216108	0.034673248059582495	5.4466467628633275e-05
6.3016508254127075	0.03692316275171681	5.43475347959399e-05
6.314657328664332	0.040527413569392046	5.422899490115096e-05
6.3276638319159595	0.04566089548296859	5.4110846192223505e-05
6.340670335167584	0.052112435770557464	5.399308693798677e-05
6.3536768384192115	0.05865855136513698	5.3875715413487235e-05
6.366683341670836	0.06298509855709589	5.3758729900432733e-05
6.37968984492246	0.06363164951556	5.364212869884977e-05
6.392696348174088	0.06198826709782246	5.352591010521213e-05
6.405702851425712	0.06079825121517357	5.3410072436754774e-05
6.41870935467734	0.06197570096135541	5.3294614016707875e-05
6.431715857928964	0.06648315147544936	5.3179533172631466e-05
6.444722361180592	0.07498439619599762	5.306482825029324e-05
6.457728864432216	0.08812077694928255	5.295049759757031e-05
6.470735367683844	0.10605797030460606	5.2836539571665675e-05
6.483741870935468	0.126936651877103	5.272295254443726e-05
6.496748374187092	0.14485494856658454	5.260973489062959e-05
6.50975487743872	0.15177174757907197	5.2496884999309046e-05
6.522761380690344	0.1457030601409438	5.238440126364985e-05
6.535767883941972	0.13298159999811643	5.227228208726231e-05
6.548774387193596	0.11987340235633959	5.216052588152831e-05
6.561780890445224	0.10837089469436412	5.204913107115239e-05
6.574787393696848	0.09919515086715902	5.1938096084391816e-05
6.587793896948476	0.09368549282542515	5.1827419360162e-05
6.6008004002001	0.0926054388190285	5.171709934492785e-05
6.613806903451724	0.09501016900327275	5.160713449448018e-05
6.626813406703352	0.09812348208444355	5.1497523275600976e-05
6.639819909954976	0.09910630925315378	5.138826415551634e-05
6.652826413206604	0.09775588163754356	5.127935561832775e-05
6.665832916458228	0.09566214886211666	5.117079614980202e-05
6.678839419709856	0.09387505787682715	5.106258425269239e-05
6.69184592296148	0.0928587821661403	5.095471842542221e-05
6.704852426213108	0.0918586230517765	5.084719718717601e-05
6.717858929464732	0.08828256228500475	5.074001905780445e-05
6.73086543271636	0.08053639890543107	5.063318256448568e-05
6.743871935967984	0.07047500295620435	5.052668624483392e-05
6.756878439219609	0.0610986673586047	5.0420528646677454e-05
6.769884942471236	0.054016340644892025	5.031470832062013e-05
6.782891445722861	0.04950856046260543	5.020922382736881e-05
6.795897948974488	0.04733806358288506	5.010407373762238e-05
6.808904452226113	0.047214718943691225	4.9999256627408784e-05
6.82191095547774	0.04902066710822095	4.989477107641971e-05
6.834917458729365	0.0529207891347625	4.979061568133325e-05
6.847923961980992	0.05926478535715041	4.968678903660706e-05
6.860930465232617	0.06812489434124469	4.9583289751575776e-05
6.873936968484241	0.07820835328400311	4.9480116437350397e-05
6.886943471735869	0.08573544423971435	4.9377267721362195e-05
6.899949974987493	0.08609306862521726	4.9274742224825197e-05
6.912956478239121	0.07880088767017923	4.917253858738313e-05
6.925962981490745	0.0681038571106456	4.9070655449678924e-05
6.938969484742373	0.058038889462287746	4.896909146656636e-05
6.951975987993997	0.05006643829224566	4.886784528956856e-05
6.964982491245625	0.04408580536051587	4.876691558541868e-05
6.977988994497249	0.03975215236150953	4.866630102939862e-05
6.990995497748873	0.036902362220715856	4.856600029556901e-05
7.004002001000501	0.03544113497385637	4.846601207075807e-05
7.017008504252125	0.035270760933809764	4.83663350477892e-05
7.030015007503753	0.03632569373581174	4.826696792759044e-05
7.043021510755377	0.038585362277118285	4.816790941419846e-05
7.056028014007005	0.04199291069313604	4.8069158220087616e-05
7.069034517258629	0.04619526424878029	4.7970713067058135e-05
7.082041020510257	0.0501983379664509	4.7872572680907055e-05
7.095047523761881	0.05279583938328836	4.777473579475888e-05
7.108054027013505	0.054003138229571035	4.767720114728924e-05
7.121060530265133	0.055382192258474294	4.7579967488164954e-05
7.134067033516757	0.058722617871306615	4.7483033567496946e-05
7.147073536768385	0.06523915186469653	4.738639814250156e-05
7.160080040020009	0.07560237234148004	4.7290059982274535e-05
7.173086543271637	0.08962525813444988	4.719401785857613e-05
7.186093046523261	0.10493307887386938	4.709827055138227e-05
7.199099549774889	0.11579167121782452	4.700281684411056e-05
7.212106053026513	0.11631456396261719	4.690765552672893e-05
7.2251125562781375	0.10721685896545052	4.681278539930833e-05
7.238119059529765	0.0950494195327738	4.671820526569448e-05
7.2511255627813895	0.08535308214124782	4.662391393273069e-05
7.264132066033017	0.08025688230133221	4.65299102193617e-05
7.2771385692846415	0.07962809975329421	4.6436192946974764e-05
7.290145072536269	0.08182015270392862	4.63427609433964e-05
7.3031515757878935	0.08391539017006666	4.62496130432255e-05
7.316158079039521	0.08332123559031335	4.615674808627901e-05
7.3291645822911455	0.08009857889229866	4.606416491870213e-05
7.342171085542773	0.07648213192010922	4.597186239507778e-05
7.3551775887943975	0.07435836537653229	4.587983936943374e-05
7.368184092046022	0.0741989665310443	4.578809470801026e-05
7.3811905952976495	0.07543537134699185	4.56966272810444e-05
7.394197098549274	0.07717841725803665	4.5605435962881025e-05
7.4072036018009015	0.07870099093860661	4.551451963719089e-05
7.420210105052526	0.07908098654389706	4.542387718609042e-05
7.4332166083041535	0.0778112353589191	4.533350750568488e-05
7.446223111555778	0.07618983351829689	4.5243409493189723e-05
7.4592296148074055	0.07618277909623028	4.515358204959519e-05
7.47223611805903	0.0781215820852893	4.5064024092322796e-05
7.485242621310654	0.07998892480500452	4.4974734527469806e-05
7.498249124562282	0.07911283101202071	4.488571228078442e-05
7.511255627813906	0.0751153886729754	4.479695627368496e-05
7.524262131065534	0.069920650951529	4.4708465442133694e-05
7.537268634317158	0.06533474813964824	4.462023871953935e-05
7.550275137568786	0.062009523435985425	4.4532275048858594e-05
7.56328164082041	0.060003033448690735	4.444457337993146e-05
7.576288144072038	0.05956409270443663	4.435713265926733e-05
7.589294647323662	0.060963641188106044	4.4269951849806866e-05
7.602301150575286	0.06363314225714467	4.4183029915489946e-05
7.615307653826914	0.06602421353735843	4.409636582092258e-05
7.628314157078538	0.06690207525800751	4.400995854036971e-05
7.641320660330166	0.06630114098114648	4.3923807056200914e-05
7.65432716358179	0.06481678292593118	4.383791034789919e-05
7.667333666833418	0.0634818986943817	4.375226740538363e-05
7.680340170085042	0.0638490603943288	4.366687722290319e-05
7.69334667333667	0.06724545966420847	4.3581738800479997e-05
7.706353176588294	0.07437986028855537	4.349685114102275e-05
7.719359679839918	0.08517475536085006	4.3412213253102294e-05
7.732366183091546	0.0981401115622218	4.332782414961933e-05
7.74537268634317	0.10979675376862619	4.3243682852245335e-05
7.758379189594798	0.11531184937021333	4.315978837998724e-05
7.771385692846422	0.11112152836362832	4.307613976572977e-05
7.78439219609805	0.09876857731769084	4.299273603802778e-05
7.7973986993496744	0.08386115768099489	4.290957623942493e-05
7.810405202601302	0.07083080027808608	4.282665940946728e-05
7.8234117058529264	0.061185898908974634	4.274398459769291e-05
7.836418209104554	0.054784117039161084	4.266155085586032e-05
7.8494247123561784	0.05100381235029883	4.257935723850359e-05
7.862431215607803	0.04925392163857745	4.249740280970471e-05
7.8754377188594304	0.04918605969394674	4.2415686634766914e-05
7.888444222111055	0.05078185362884824	4.2334207783656375e-05
7.9014507253626824	0.054343748771798706	4.225296533078016e-05
7.914457228614307	0.06037975930496997	4.217195835953813e-05
7.9274637318659344	0.0694349545523808	4.209118595066563e-05
7.940470235117559	0.08173527501450562	4.2010647193446715e-05
7.9534767383691864	0.0962798977010878	4.193034118105121e-05
7.966483241620811	0.10975745512680246	4.1850267012422115e-05
7.979489744872435	0.11794570764145662	4.177042378550322e-05
7.992496248124063	0.12056916422369135	4.169081061200508e-05
8.005502751375687	0.12206651413912972	4.161142660197292e-05
8.018509254627315	0.12590924711309737	4.1532270868560595e-05
8.031515757878939	0.13072572769751778	4.145334253047306e-05
8.044522261130567	0.131895675563526	4.137464071174435e-05
8.057528764382191	0.12737427448955596	4.129616453896201e-05
8.070535267633819	0.12000055786013974	4.121791314815049e-05
8.083541770885443	0.11296584106499208	4.1139885672669685e-05
8.096548274137067	0.10750510386759626	4.1062081253318006e-05
8.109554777388695	0.10450350967489852	4.0984499033447364e-05
8.12256128064032	0.10455648829949493	4.0907138162737944e-05
8.135567783891947	0.10687483052338564	4.0829997796199e-05
8.148574287143571	0.11032668784345478	4.075307708861775e-05
8.161580790395199	0.11548194304959447	4.067637519944434e-05
8.174587293646823	0.12364296161551636	4.059989129634456e-05
8.187593796898451	0.133475769273943	4.052362454820546e-05
8.200600300150075	0.13979260417375983	4.04475741244692e-05
8.2136068034017	0.13806275753366237	4.037173920523607e-05
8.226613306653327	0.13043054671546828	4.029611896982921e-05
8.239619809904951	0.12331759893775851	4.0220712607341724e-05
8.25262631315658	0.12119139659728173	4.01455193003164e-05
8.265632816408203	0.12441278344263529	4.007053824073292e-05
8.278639319659831	0.12924849037005204	3.999576863078502e-05
8.291645822911455	0.1295382524737544	3.9921209668780655e-05
8.304652326163083	0.12215584046060424	3.984686055802378e-05
8.317658829414707	0.10998957401317622	3.9772720504038794e-05
8.330665332666335	0.09743191088841219	3.9698788719899625e-05
8.34367183591796	0.08653607413145536	3.962506442167779e-05
8.356678339169584	0.07733676406546852	3.955154682988571e-05
8.369684842421211	0.06938337385981497	3.947823516148308e-05
8.382691345672836	0.06287804092740423	3.9405128648639653e-05
8.395697848924463	0.058571805456287374	3.933222651764101e-05
8.408704352176088	0.05699942483372167	3.9259528006097e-05
8.421710855427715	0.05818648040593688	3.9187032348175777e-05
8.43471735867934	0.061448860772320146	3.911473878326355e-05
8.447723861930967	0.06496411961231696	3.904264655951728e-05
8.460730365182592	0.06628790235166826	3.8970754922318385e-05
8.473736868434216	0.06476122805581863	3.8899063124375743e-05
8.486743371685844	0.06248822230754458	3.8827570420174595e-05
8.499749874937468	0.06198976959710001	3.8756276068308004e-05
8.512756378189096	0.06430205516030596	3.868517933092175e-05
8.52576288144072	0.06851256807641282	3.861427947327023e-05
8.538769384692348	0.07162745038160723	3.854357576404954e-05
8.551775887943972	0.07010908936641103	3.847306747550849e-05
8.5647823911956	0.06332209121358989	3.840275388455883e-05
8.577788894447224	0.053983608139294814	3.833263426600286e-05
8.590795397698848	0.045027515787211425	3.826270790652231e-05
8.603801900950476	0.03784835468126191	3.819297409524136e-05
8.6168084042021	0.032670259906165566	3.8123432110070965e-05
8.629814907453728	0.029276257529262772	3.805408125179266e-05
8.642821410705352	0.027397412128638998	3.7984920812972334e-05
8.65582791395698	0.026810350992993892	3.7915950094391526e-05
8.668834417208604	0.0272618404786944	3.7847168398164044e-05
8.681840920460232	0.02826168484503333	3.777857502618165e-05
8.694847423711856	0.02895481152545354	3.7710169291549356e-05
8.70785392696348	0.028493104745958342	3.764195049971164e-05
8.720860430215108	0.026574524025189672	3.7573917975208815e-05
8.733866933466732	0.023552374915170593	3.750607102703807e-05
8.74687343671836	0.020208087246923467	3.743840898351447e-05
8.759879939969984	0.01720523521424655	3.737093116229495e-05
8.772886443221612	0.014795936027613532	3.730363689258276e-05
8.785892946473236	0.012946440963459316	3.723652550868817e-05
8.798899449724864	0.011510733731048606	3.7169596341701805e-05
8.811905952976488	0.010333828789384714	3.7102848727821325e-05
8.824912456228116	0.00931773251578738	3.7036282005797894e-05
8.83791895947974	0.008433494520736051	3.6969895521044016e-05
8.850925462731364	0.0076805887845662335	3.690368861541948e-05
8.863931965982992	0.0070516693313271706	3.683766064355165e-05
8.876938469234616	0.006529311318234754	3.677181095007587e-05
8.889944972486244	0.006094162214239973	3.670613889639185e-05
8.902951475737868	0.005729243014610419	3.664064383335219e-05
8.915957978989496	0.005419991861386975	3.6575325126131375e-05
8.92896448224112	0.005153386121503178	3.651018213723933e-05
8.941970985492748	0.00491800646854923	3.6445214228186806e-05
8.954977488744372	0.0047044879578155285	3.638042077436232e-05
8.967983991995997	0.004505748700788792	3.63158011461584e-05
8.980990495247624	0.004315679672505457	3.6251354718297435e-05
8.993996998499249	0.004130266884249778	3.6187080865834886e-05
9.007003501750876	0.003949824601372387	3.6122978972596975e-05
9.0200100050025	0.003776656629520647	3.60590484183021e-05
9.033016508254128	0.003613154698593468	3.5995288592993724e-05
9.046023011505753	0.0034616399566496092	3.593169888227443e-05
9.05902951475738	0.00332339346860977	3.586827867751996e-05
9.072036018009005	0.003197907990862836	3.580502737809965e-05
9.085042521260629	0.003083382951240221	3.574194437239164e-05
9.098049024512257	0.002977767102793294	3.567902906764786e-05
9.111055527763881	0.002879620096800539	3.56162808620164e-05
9.124062031015509	0.0027881652394243783	3.555369916297124e-05
9.137068534267133	0.002702812621443451	3.5491283376321014e-05
9.15007503751876	0.002622945947502231	3.542903291176014e-05
9.163081540770385	0.0025479664825883708	3.536694718564437e-05
9.176088044022013	0.0024773462398109958	3.5305025611998e-05
9.189094547273637	0.0024106383524321595	3.524326760584451e-05
9.202101050525261	0.0023474671307859296	3.51816725931986e-05
9.215107553776889	0.0022875143352731886	3.5120239995189984e-05
9.228114057028513	0.002230507220719158	3.505896923594598e-05
9.241120560280141	0.002176209265000506	3.499785974592218e-05
9.254127063531765	0.0021244131923445764	3.493691095746154e-05
9.267133566783393	0.002074935717623072	3.487612230090864e-05
9.280140070035017	0.002027613534736794	3.4815493212714266e-05
9.293146573286645	0.00198230020163348	3.475502313454726e-05
9.30615307653827	0.0019388636784979374	3.469471150363557e-05
9.319159579789897	0.001897184349439418	3.46345577649787e-05
9.332166083041521	0.0018571534086611052	3.4574561365574574e-05
9.345172586293145	0.001818671526242377	3.4514721751421895e-05
9.358179089544773	0.001781647732089997	3.445503837684605e-05
9.371185592796397	0.001745998472769128	3.4395510691731523e-05
9.384192096048025	0.0017116468072255753	3.433613815551073e-05
9.39719859929965	0.0016785217155514953	3.4276920221953944e-05
9.410205102551277	0.001646557500733059	3.4217856353713216e-05
9.423211605802901	0.0016156932676842928	3.415894601310754e-05
9.43621810905453	0.0015858724671024005	3.4100188663677145e-05
9.449224612306153	0.0015570424940816174	3.404158377484645e-05
9.462231115557778	0.001529154333378857	3.398313081781623e-05
9.475237618809405	0.001502162244616967	3.392482926056761e-05
9.48824412206103	0.0014760234819147788	3.386667858173986e-05
9.501250625312657	0.0014506980433699468	3.380867825641953e-05
9.514257128564282	0.0014261484464778151	3.375082776346794e-05
9.52726363181591	0.0014023395262365845	3.369312658307866e-05
9.540270135067534	0.0013792382532246128	3.36355741995531e-05
9.553276638319161	0.0013568135691744976	3.357817009796982e-05
9.566283141570786	0.001335036238098275	3.352091376740418e-05
9.57928964482241	0.0013138787111527384	3.34638046971536e-05
9.592296148074038	0.001293315003755846	3.340684238251068e-05
9.605302651325662	0.001273320583603188	3.3350026312994885e-05
9.61830915457729	0.0012538722684558579	3.329335599022709e-05
9.631315657828914	0.0012349481326646705	3.323683090972196e-05
9.644322161080542	0.0012165274215650834	3.318045057454366e-05
9.657328664332166	0.0011985904729324703	3.312421448731229e-05
9.670335167583794	0.0011811186448308364	3.306812215320143e-05
9.683341670835418	0.0011640942492141537	3.301217308226967e-05
9.696348174087042	0.001147500490779385	3.295636677991265e-05
9.70935467733867	0.0011313214105280744	3.2900702759408595e-05
9.722361180590294	0.0011155418336535883	3.2845180537477425e-05
9.735367683841922	0.0011001473213371193	3.278979962517692e-05
9.748374187093546	0.0010851241261229383	3.273455954400095e-05
9.761380690345174	0.0010704591505490413	3.2679459813667044e-05
9.774387193596798	0.001056139908757081	3.262449995633521e-05
9.787393696848426	0.0010421544908423286	3.256967949460954e-05
9.80040020010005	0.0010284915296889796	3.2514997958199565e-05
9.813406703351678	0.00101514017010651	3.2460454869598365e-05
9.826413206603302	0.0010020900400866672	3.240604976495476e-05
9.839419709854926	0.0009893312239810381	3.235178217231294e-05
9.852426213106554	0.000976854237476732	3.229765162959808e-05
9.865432716358178	0.0009646500042228556	3.224365767218185e-05
9.878439219609806	0.0009527098339718876	3.2189799834880795e-05
9.89144572286143	0.0009410254021129383	3.2136077659727924e-05
9.904452226113058	0.0009295887305384998	3.208249069019953e-05
9.917458729364682	0.0009183921696743758	3.2029038470104965e-05
9.93046523261631	0.0009074283816619122	3.197572054414177e-05
9.943471735867934	0.0008966903245448687	3.192253645989407e-05
9.956478239119559	0.0008861712374224062	3.186948577160731e-05
9.969484742371186	0.0008758646265103476	3.181656802475619e-05
9.98249124562281	0.0008657642520067954	3.176378277547354e-05
9.995497748874438	0.000855864115751892	3.1711129580336284e-05
10.008504252126063	0.0008461584495924601	3.1658607996587484e-05
10.02151075537769	0.0008366417044192165	3.16062175834686e-05
10.034517258629315	0.0008273085398297075	3.155395789644633e-05
10.047523761880942	0.000818153814380107	3.1501828509417074e-05
10.060530265132567	0.0008091725763715862	3.144982897751447e-05
10.07353676838419	0.0008003600551622636	3.139795887008301e-05
10.086543271635819	0.0007917116529235768	3.134621775913171e-05
10.099549774887443	0.0007832229368960331	3.12946052116736e-05
10.11255627813907	0.0007748896320036724	3.1243120801272006e-05
10.125562781390695	0.0007667076139061813	3.119176409838165e-05
10.138569284642323	0.0007586729023950634	3.1140534680895726e-05
10.151575787893947	0.0007507816551369784	3.108943212626336e-05
10.164582291145575	0.0007430301617586954	3.103845601448718e-05
10.177588794397199	0.0007354148382108239	3.098760592279426e-05
10.190595297648823	0.0007279322214309714	3.093688143873674e-05
10.20360180090045	0.0007205789642822369	3.088628214287237e-05
10.216608304152075	0.00071335183073018	3.0835807622753286e-05
10.229614807403703	0.0007062476912751414	3.078545746537653e-05
10.242621310655327	0.000699263518598503	3.0735231263956386e-05
10.255627813906955	0.0006923963834165603	3.068512860338046e-05
10.268634317158579	0.0006856434505522202	3.063514908085985e-05
10.281640820410207	0.000679001975181559	3.0585292289719845e-05
10.294647323661831	0.0006724692992610137	3.053555782661643e-05
10.307653826913459	0.0006660428481192193	3.048594528987092e-05
10.320660330165083	0.0006597201272284803	3.0436454279136882e-05
10.333666833416707	0.0006534987190982555	3.038708439417892e-05
10.346673336668335	0.0006473762803244076	3.0337835237093103e-05
10.35967983991996	0.0006413505387889984	3.0288706416303768e-05
10.372686343171587	0.0006354192909455714	3.0239697532463694e-05
10.385692846423211	0.0006295803992809601	3.019080820021447e-05
10.398699349674839	0.0006238317898418222	3.0142038021763184e-05
10.411705852926463	0.0006181714498997293	3.009338661386085e-05
10.424712356178091	0.0006125974257084055	3.0044853588040432e-05
10.437718859429715	0.0006071078203606639	2.9996438553170357e-05
10.45072536268134	0.0006017007917437089	2.994814113055355e-05
10.463731865932967	0.0005963745505614959	2.9899960937274095e-05
10.476738369184591	0.0005911273584815468	2.985189758775153e-05
10.48974487243622	0.0005859575263119643	2.980395070795172e-05
10.502751375687843	0.0005808634122947964	2.9756119916068968e-05
10.515757878939471	0.0005758434204494733	2.9708404836625846e-05
10.528764382191095	0.0005708959989865203	2.9660805096476395e-05
10.541770885442723	0.0005660196388027616	2.961332031725661e-05
10.554777388694347	0.0005612128720117182	2.9565950133925156e-05
10.567783891945972	0.0005564742705588266	2.951869416900621e-05
10.5807903951976	0.0005518024448766257	2.9471552061566264e-05
10.593796898449224	0.0005471960426035594	2.9424523435794825e-05
10.606803401700851	0.0005426537473448567	2.937760793186861e-05
10.619809904952476	0.0005381742774843712	2.9330805182525843e-05
10.632816408204103	0.0005337563850592586	2.9284114823391327e-05
10.645822911455728	0.0005293988546487549	2.9237536497195293e-05
10.658829414707355	0.0005251005023292343	2.919106984322628e-05
10.67183591795898	0.0005208601746697905	2.9144714498330337e-05
10.684842421210604	0.0005166767477420287	2.90984701102337e-05
10.697848924462232	0.000512549126206352	2.9052336320112282e-05
10.710855427713856	0.0005084762423890332	2.900631277502619e-05
10.723861930965484	0.0005044570554340044	2.8960399124366987e-05
10.736868434217108	0.0005004905504573109	2.8914595011642064e-05
10.749874937468736	0.0004965757377521918	2.886890009012877e-05
10.76288144072036	0.0004927116520059283	2.8823314010439915e-05
10.775887943971988	0.0004888973515585482	2.8777836426407966e-05
10.788894447223612	0.0004851319176905067	2.8732466990644134e-05
10.801900950475236	0.00048141445392257953	2.868720536119973e-05
10.814907453726864	0.0004777440853519499	2.8642051191796192e-05
10.827913956978488	0.00047411995801049933	2.859700414259425e-05
10.840920460230116	0.0004705412382354224	2.855206387042397e-05
10.85392696348174	0.00046700711208869095	2.8507230040775156e-05
10.866933466733368	0.0004635167847552024	2.8462502316140004e-05
10.879939969984992	0.00046006948000620884	2.841788035579107e-05
10.89294647323662	0.00045666443965619585	2.8373363826994513e-05
10.905952976488244	0.00045330092303175196	2.8328952397460583e-05
10.918959479739872	0.0004499782064845137	2.8284645730791702e-05
10.931965982991496	0.0004466955828991148	2.8240443502025592e-05
10.94497248624312	0.00044345236122877996	2.8196345377762277e-05
10.957978989494748	0.00044024786603791277	2.815235102826552e-05
10.970985492746372	0.0004370814370713294	2.8108460131459623e-05
10.983991995998	0.0004339524288258234	2.806467235494381e-05
10.996998499249624	0.0004308602101487091	2.8020987380195095e-05
11.010005002501252	0.00042780416383758624	2.797740487880951e-05
11.023011505752876	0.00042478368625276097	2.793392453637189e-05
11.036018009004504	0.0004217981869649723	2.7890546024367247e-05
11.049024512256128	0.0004188470883796924	2.784726902615997e-05
11.062031015507753	0.000415929825399064	2.7804093227890014e-05
11.07503751875938	0.00041304584509138653	2.7761018304039986e-05
11.088044022011005	0.0004101946063589379	2.7718043947744242e-05
11.101050525262632	0.0004073755796232259	2.767516983870344e-05
11.114057028514257	0.00040458824653311076	2.7632395666610243e-05
11.127063531765884	0.0004018320996522773	2.7589721119603006e-05
11.140070035017509	0.00039910664219877656	2.75471458829335e-05
11.153076538269136	0.0003964113877391595	2.750466965362186e-05
11.16608304152076	0.0003937458599391208	2.746229211869622e-05
11.179089544772385	0.0003911095923059271	2.7420012969958663e-05
11.192096048024013	0.0003885021279308454	2.7377831906649774e-05
11.205102551275637	0.0003859230192359009	2.7335748622014933e-05
11.218109054527265	0.0003833718277599374	2.7293762810631783e-05
11.231115557778889	0.0003808481239105932	2.725187417229602e-05
11.244122061030517	0.0003783514867413684	2.7210082404138802e-05
11.25712856428214	0.0003758815037558927	2.7168387207843203e-05
11.270135067533769	0.00037343777067144757	2.7126788282538783e-05
11.283141570785393	0.0003710198912406648	2.7085285333905418e-05
11.296148074037017	0.000368627477035921	2.7043878062515958e-05
11.309154577288645	0.000366260147261932	2.7002566174938458e-05
11.322161080540269	0.00036391752858333515	2.696134937463235e-05
11.335167583791897	0.00036159925492051936	2.692022736994204e-05
11.348174087043521	0.00035930496730240957	2.6879199870988302e-05
11.361180590295149	0.0003570343136676257	2.6838266584117143e-05
11.374187093546773	0.0003547869487187105	2.6797427219671377e-05
11.3871935967984	0.0003525625337571503	2.675668149010324e-05
11.400200100050025	0.00035036073652428	2.6716029107531902e-05
11.413206603301653	0.00034818123104918275	2.6675469786074935e-05
11.426213106553277	0.00034602369750769135	2.6635003240182975e-05
11.439219609804901	0.0003438878220667352	2.659462918463973e-05
11.452226113056529	0.0003417732967653242	2.6554347339891038e-05
11.465232616308153	0.00033967981935678626	2.651415742171981e-05
11.478239119559781	0.0003376070931869757	2.647405914801837e-05
11.491245622811405	0.00033555482707192663	2.643405224045381e-05
11.504252126063033	0.00033352273516240594	2.639413642091526e-05
11.517258629314657	0.00033151053683522225	2.635431140929345e-05
11.530265132566285	0.0003295179565557804	2.6314576934249878e-05
11.54327163581791	0.00032754472378848654	2.627493271378789e-05
11.556278139069533	0.0003255905728620778	2.6235378476346938e-05
11.569284642321161	0.0003236552428756978	2.6195913949256244e-05
11.582291145572785	0.000321738477587874	2.6156538856958456e-05
11.595297648824413	0.0003198400253134892	2.6117252932333912e-05
11.608304152076037	0.0003179596388225292	2.6078055901490593e-05
11.621310655327665	0.0003160970752504877	2.6038947499418263e-05
11.63431715857929	0.00031425209598590076	2.599992745311308e-05
11.647323661830917	0.00031242446659862644	2.5960995497786854e-05
11.660330165082541	0.00031061395673293024	2.5922151366319923e-05
11.673336668334166	0.00030882034002688297	2.5883394796699655e-05
11.686343171585793	0.00030704339403386793	2.584472551847572e-05
11.699349674837418	0.00030528290011899717	2.5806143273188198e-05
11.712356178089045	0.0003035386434008247	2.5767647798158322e-05
11.72536268134067	0.0003018104126563115	2.5729238828708922e-05
11.738369184592298	0.0003000980002514364	2.5690916111487105e-05
11.751375687843922	0.0002984012020601501	2.5652679377485832e-05
11.76438219109555	0.0002967198173949859	2.56145283777931e-05
11.777388694347174	0.00029505364894166775	2.557646285061832e-05
11.790395197598798	0.0002934025026695153	2.5538482540610197e-05
11.803401700850426	0.00029176618779036545	2.5500587188975743e-05
11.81640820410205	0.00029014451667086494	2.5462776547136023e-05
11.829414707353678	0.0002885373047722961	2.5425050357519297e-05
11.842421210605302	0.0002869443705999508	2.538740836977027e-05
11.85542771385693	0.0002853655356270801	2.5349850331757295e-05
11.868434217108554	0.0002838006242367186	2.531237598979441e-05
11.881440720360182	0.0002822494636776085	2.5274985099743574e-05
11.894447223611806	0.00028071188398393065	2.523767741069438e-05
11.907453726863434	0.0002791877179425528	2.5200452671625406e-05
11.920460230115058	0.00027767680102142034	2.5163310636067138e-05
11.933466733366682	0.00027617897133125346	2.5126251064322425e-05
11.94647323661831	0.00027469406956237563	2.508927370681313e-05
11.959479739869934	0.0002732219389416368	2.505237831917917e-05
11.972486243121562	0.0002717624251832307	2.5015564655728184e-05
11.985492746373186	0.0002703153764371802	2.4978832479205515e-05
11.998499249624814	0.00026888064325636396	2.4942181546250275e-05
12.011505752876438	0.0002674580785293479	2.4905611616721224e-05
12.024512256128066	0.00026604753747061505	2.486912244892281e-05
12.03751875937969	0.00026464887754573674	2.4832713807820816e-05
12.050525262631314	0.0002632619584604923	2.4796385451830716e-05
12.063531765882942	0.0002618866421140176	2.4760137146917494e-05
12.076538269134566	0.00026052279256338906	2.472396865593751e-05
12.089544772386194	0.00025917027600186326	2.4687879739415663e-05
12.102551275637818	0.00025782896073145434	2.4651870169645207e-05
12.115557778889446	0.0002564987171483901	2.4615939711036816e-05
12.12856428214107	0.000255179417732343	2.458008812822321e-05
12.141570785392698	0.00025387093705109276	2.4544315195051958e-05
12.154577288644322	0.00025257315179727513	2.4508620672047954e-05
12.167583791895947	0.0002512859408156931	2.447300433894295e-05
12.180590295147574	0.00025000918522288806	2.4437465958149218e-05
12.193596798399199	0.0002487427685301524	2.4402005306289887e-05
12.206603301650826	0.0002474865769233059	2.4366622155214124e-05
12.21960980490245	0.0002462404996174117	2.433131627643803e-05
12.232616308154078	0.00024500442944974665	2.4296087445030423e-05
12.245622811405703	0.00024377826367305566	2.426093543483887e-05
12.25862931465733	0.00024256190483873397	2.422586002581717e-05
12.271635817908955	0.0002413552610102121	2.4190860989592444e-05
12.284642321160579	0.00024015824262291208	2.4155938107672803e-05
12.297648824412207	0.0002389707494188098	2.4121091152462526e-05
12.31065532766383	0.00023779264063661376	2.408631990824528e-05
12.323661830915459	0.00023662371227672896	2.4051624151866235e-05
12.336668334167083	0.00023546375860405977	2.4017003667831105e-05
12.34967483741871	0.0002343126761822356	2.3982458234317328e-05
12.362681340670335	0.00023317040065651273	2.3947987637384927e-05
12.375687843921963	0.0002320367975816584	2.391359165321294e-05
12.388694347173587	0.00023091175769363037	2.3879270069526726e-05
12.401700850425215	0.00022979528663547022	2.384502267160915e-05
12.414707353676839	0.0002286874065029476	2.3810849244965127e-05
12.427713856928463	0.00022758807470202314	2.3776749576875922e-05
12.44072036018009	0.00022649720033351972	2.3742723449848846e-05
12.453726863431715	0.00022541467733838694	2.3708770652608457e-05
12.466733366683343	0.00022434040044594372	2.367489097854225e-05
12.479739869934967	0.00022327426942458928	2.364108421171185e-05
12.492746373186595	0.00022221618910667207	2.3607350145504746e-05
12.505752876438219	0.00022116606845390407	2.357368856720221e-05
12.518759379689847	0.00022012381967262407	2.354009927318934e-05
12.531765882941471	0.00021908935753767178	2.3506582050636382e-05
12.544772386193095	0.0002180625989118834	2.3473136696483543e-05
12.557778889444723	0.0002170434624407802	2.3439763002452985e-05
12.570785392696347	0.00021603186831642418	2.3406460761710157e-05
12.583791895947975	0.00021502773813542042	2.3373229774747983e-05
12.5967983991996	0.0002140309947948893	2.3340069832400445e-05
12.609804902451227	0.00021304156239554395	2.330698073249593e-05
12.622811405702851	0.00021205936619572707	2.3273962274195092e-05
12.635817908954479	0.00021108433257410741	2.324101425432712e-05
12.648824412206103	0.00021011638897328044	2.3208136470276308e-05
12.661830915457728	0.0002091554638994353	2.317532872586625e-05
12.674837418709355	0.00020820148687561435	2.3142590818037156e-05
12.68784392196098	0.00020725438844293453	2.3109922548503192e-05
12.700850425212607	0.00020631410014215756	2.3077323720754883e-05
12.713856928464232	0.00020538055451790882	2.304479413561822e-05
12.72686343171586	0.0002044536851060208	2.3012333594363277e-05
12.739869934967484	0.0002035334264374189	2.297994190714192e-05
12.752876438219111	0.00020261971406476675	2.2947618870672315e-05
12.765882941470736	0.00020171248456990476	2.2915364294218143e-05
12.77888944472236	0.00020081167561702973	2.288317798693207e-05
12.791895947973988	0.00019991722599288497	2.2851059749418035e-05
12.804902451225612	0.00019902907570212847	2.2819009393715284e-05
12.81790895447724	0.0001981471660835732	2.2787026720760828e-05
12.830915457728864	0.00019727143998982122	2.2755111549255247e-05
12.843921960980492	0.00019640184205216293	2.272326368346622e-05
12.856928464232116	0.00019553831905949615	2.269148293232437e-05
12.869934967483744	0.0001946808205010031	2.2659769110977557e-05
12.882941470735368	0.00019382929925448877	2.2628122022250174e-05
12.895947973986996	0.00019298371224696353	2.259654148661916e-05
12.90895447723862	0.0001921440202610203	2.2565027316123754e-05
12.921960980490244	0.00019131018455176285	2.253357931947253e-05
12.934967483741872	0.00019048215640349309	2.2502197313811756e-05
12.947973986993496	0.000189659863958358	2.2470881112623964e-05
12.960980490245124	0.00018884322988854674	2.243963053449871e-05
12.973986993496748	0.00018803223905417	2.2408445391586262e-05
12.986993496748376	0.0001872269600969867	2.2377325500144707e-05
13.0	0.0001864274690048795	2.234627068098405e-05
NEXT_SITE