PARAMETERS	16	12.0	6.0	16	0	-99.596050356829
#OMEGA	VALUE
-13.0	2.236469443361866e-05	0.0001858352475196945
-12.986993496748374	2.239579398266578e-05	0.00018661905935490886
-12.973986993496748	2.2426958743881897e-05	0.0001874099995984313
-12.960980490245122	2.2458188892460207e-05	0.00018820787304041353
-12.947973986993496	2.2489484618248845e-05	0.0001890125738576165
-12.934967483741872	2.2520846102325187e-05	0.0001898240778633875
-12.921960980490246	2.2552273530873634e-05	0.00019064244043187628
-12.90895447723862	2.2583767089301432e-05	0.00019146778867373815
-12.895947973986994	2.261532696623547e-05	0.0001923002719527167
-12.882941470735368	2.2646953346083798e-05	0.00019313987965552393
-12.869934967483742	2.2678646417029213e-05	0.0001939860078068456
-12.856928464232116	2.271040637058519e-05	0.00019483702672462577
-12.84392196098049	2.2742233390271593e-05	0.00019569105319094948
-12.830915457728864	2.2774127670488475e-05	0.0001965480291443722
-12.817908954477238	2.280608939997375e-05	0.00019740982432991938
-12.804902451225614	2.283811876935271e-05	0.0001982781668228295
-12.791895947973988	2.287021597202621e-05	0.00019915374946410935
-12.778889444722362	2.2902381200506916e-05	0.00020003662647694043
-12.765882941470736	2.2934614647751594e-05	0.0002009266587282843
-12.75287643821911	2.2966916505717805e-05	0.00020182370399857152
-12.739869934967484	2.2999286968583554e-05	0.00020272766484319416
-12.726863431715858	2.3031726238076367e-05	0.00020363848863769185
-12.713856928464232	2.3064234502157e-05	0.0002045561572943111
-12.700850425212606	2.3096811961886843e-05	0.00020548067746295473
-12.687843921960981	2.312945881366435e-05	0.00020641207328686573
-12.674837418709355	2.3162175255997397e-05	0.00020735038149821694
-12.66183091545773	2.3194961487615906e-05	0.00020829564819735413
-12.648824412206103	2.3227817708137977e-05	0.0002092479268502867
-12.635817908954477	2.3260744115072285e-05	0.00021020727714560206
-12.622811405702851	2.3293740913588046e-05	0.0002111737644866496
-12.609804902451225	2.332680830285927e-05	0.00021214746012920838
-12.5967983991996	2.3359946485723704e-05	0.0002131284419206736
-12.583791895947973	2.3393155666018295e-05	0.0002141167958159551
-12.570785392696347	2.342643604702488e-05	0.0002151126183583818
-12.557778889444723	2.3459787831248136e-05	0.00021611602010618292
-12.544772386193097	2.3493211228409194e-05	0.00021712712904831122
-12.531765882941471	2.3526706441456824e-05	0.0002181460893130316
-12.518759379689845	2.356027367889091e-05	0.00021917303964058554
-12.505752876438219	2.359391314532555e-05	0.00022020803422961865
-12.492746373186593	2.362762505425664e-05	0.0002212508703518523
-12.479739869934967	2.366140960896601e-05	0.000222300971628564
-12.466733366683341	2.3695267024614886e-05	0.0002233577951360477
-12.453726863431715	2.3729197505262256e-05	0.000224421559467336
-12.44072036018009	2.376320126962206e-05	0.00022549306654928714
-12.427713856928465	2.3797278524306797e-05	0.00022657295231687247
-12.414707353676839	2.3831429485476896e-05	0.00022766148325181756
-12.401700850425213	2.386565436462984e-05	0.00022875872967242916
-12.388694347173587	2.3899953379924455e-05	0.00022986471085351123
-12.37568784392196	2.3934326739860623e-05	0.00023097945127126263
-12.362681340670335	2.396877466748215e-05	0.00023210299322062866
-12.349674837418709	2.4003297374841637e-05	0.0002332353958284239
-12.336668334167083	2.4037895081208127e-05	0.00023437673154302896
-12.323661830915459	2.4072568007182937e-05	0.00023552708321672444
-12.310655327663833	2.410731636892649e-05	0.0002366865422339659
-12.297648824412207	2.414214038515272e-05	0.0002378552074825402
-12.28464232116058	2.417704028145895e-05	0.0002390331842596627
-12.271635817908955	2.4212016276115023e-05	0.0002402205807791047
-12.258629314657329	2.42470685909435e-05	0.00024141749655814948
-12.245622811405703	2.428219745209681e-05	0.00024262399579877414
-12.232616308154077	2.4317403080287292e-05	0.00024384008296474136
-12.21960980490245	2.4352685703443733e-05	0.0002450657538827228
-12.206603301650825	2.4388045545387094e-05	0.0002463011191884412
-12.1935967983992	2.4423482834268206e-05	0.00024754640145152607
-12.180590295147574	2.44589977962395e-05	0.00024880181130948475
-12.167583791895948	2.449459065856363e-05	0.00025006749941858253
-12.154577288644322	2.453026165238903e-05	0.000251343581540997
-12.141570785392696	2.4566011006643684e-05	0.000252630164409795
-12.12856428214107	2.4601838951920918e-05	0.0002539273565476119
-12.115557778889444	2.4637745719258142e-05	0.000255235270902765
-12.102551275637818	2.4673731542357302e-05	0.00025655402484003886
-12.089544772386192	2.47097966546983e-05	0.00025788373955759614
-12.076538269134566	2.474594129109331e-05	0.00025922453953275415
-12.063531765882942	2.4782165683800983e-05	0.0002605765521483949
-12.050525262631316	2.4818470069742915e-05	0.00026193990742262585
-12.03751875937969	2.4854854685063543e-05	0.00026331473786023185
-12.024512256128064	2.489131977290171e-05	0.000264701178356308
-12.011505752876438	2.4927865562629492e-05	0.00026609936614863106
-11.998499249624812	2.4964492302492758e-05	0.0002675094407893486
-11.985492746373186	2.500120022785879e-05	0.00026893154417317877
-11.97248624312156	2.503798958208847e-05	0.00027036582050921076
-11.959479739869934	2.5074860603324645e-05	0.0002718124163831881
-11.94647323661831	2.5111813541256467e-05	0.00027327148076494723
-11.933466733366684	2.5148848635137e-05	0.0002747431650423904
-11.920460230115058	2.51859661336562e-05	0.00027622762308088245
-11.907453726863432	2.522316627495691e-05	0.0002777250112397933
-11.894447223611806	2.52604493152786e-05	0.00027923548843011847
-11.88144072036018	2.5297815492986153e-05	0.0002807592161729877
-11.868434217108554	2.533526506542927e-05	0.0002822963586206484
-11.855427713856928	2.5372798277412123e-05	0.0002838470826337369
-11.842421210605302	2.541041538128841e-05	0.0002854115578264649
-11.829414707353678	2.5448116623416617e-05	0.00028698995661979865
-11.816408204102052	2.54859022649212e-05	0.0002885824542944171
-11.803401700850426	2.552377255160554e-05	0.00029018922906653977
-11.7903951975988	2.5561727739709106e-05	0.0002918104621285611
-11.777388694347174	2.559976808624853e-05	0.0002934463377431973
-11.764382191095548	2.563789384457671e-05	0.0002950970432787914
-11.751375687843922	2.5676105275485028e-05	0.00029676276931256407
-11.738369184592296	2.5714402633325584e-05	0.0002984437096806847
-11.72536268134067	2.5752786179777942e-05	0.0003001400615991745
-11.712356178089045	2.5791256173857136e-05	0.0003018520257186408
-11.699349674837418	2.5829812879463177e-05	0.00030357980627182535
-11.686343171585793	2.586845655183634e-05	0.0003053236111879576
-11.673336668334167	2.590718745998366e-05	0.00030708365226650436
-11.660330165082541	2.5946005864918575e-05	0.0003088601453773432
-11.647323661830915	2.5984912035315055e-05	0.00031065331074786595
-11.63431715857929	2.6023906232741645e-05	0.000312463373272287
-11.621310655327663	2.606298872609436e-05	0.00031429056277720857
-11.608304152076037	2.610215978526842e-05	0.00031613511380113035
-11.595297648824411	2.6141419676717348e-05	0.0003179972634975714
-11.582291145572785	2.6180768670558408e-05	0.0003198772449547471
-11.569284642321161	2.6220207042348953e-05	0.0003217752754024472
-11.556278139069535	2.6259735058764555e-05	0.000323691556059158
-11.54327163581791	2.6299352995362568e-05	0.00032562631049248836
-11.530265132566283	2.633906112592399e-05	0.0003275798196574753
-11.517258629314657	2.63788597271164e-05	0.00032955239039011985
-11.504252126063031	2.6418749072720793e-05	0.0003315443151663544
-11.491245622811405	2.6458729444622797e-05	0.00033355587068750747
-11.47823911955978	2.6498801115382165e-05	0.0003355873299943912
-11.465232616308153	2.653896437065928e-05	0.00033763896988081576
-11.452226113056529	2.6579219487343764e-05	0.00033971107354813235
-11.439219609804903	2.6619566747765333e-05	0.0003418039313025645
-11.426213106553277	2.6660006435919037e-05	0.00034391784063947384
-11.413206603301651	2.6700538834356635e-05	0.00034605310566027114
-11.400200100050025	2.674116422962669e-05	0.0003482100346559047
-11.387193596798399	2.6781882905280163e-05	0.00035038893351313494
-11.374187093546773	2.6822695152084464e-05	0.0003525900964573836
-11.361180590295147	2.6863601255810998e-05	0.00035481381217972174
-11.348174087043521	2.6904601507449222e-05	0.0003570604001991162
-11.335167583791897	2.6945696194990987e-05	0.0003593302281170718
-11.32216108054027	2.698688561486584e-05	0.0003616236781029958
-11.309154577288645	2.7028170054066436e-05	0.0003639411218201438
-11.296148074037019	2.7069549810354587e-05	0.0003662829239049481
-11.283141570785393	2.711102517949371e-05	0.0003686494490422465
-11.270135067533767	2.715259645424961e-05	0.00037104105995966474
-11.25712856428214	2.7194263935492735e-05	0.0003734581080839794
-11.244122061030515	2.7236027917543204e-05	0.00037590093649897405
-11.231115557778889	2.727788870626746e-05	0.00037836991804629516
-11.218109054527265	2.731984660075959e-05	0.00038086548209548265
-11.205102551275637	2.736190189622789e-05	0.00038338808087312604
-11.192096048024013	2.7404054906865483e-05	0.000385938155958776
-11.179089544772387	2.7446305929546e-05	0.00038851613975277033
-11.16608304152076	2.7488655273466556e-05	0.00039112246643557835
-11.153076538269135	2.753110324427155e-05	0.0003937575781587377
-11.140070035017509	2.7573650147494355e-05	0.00039642192712296964
-11.127063531765883	2.761629629577378e-05	0.00039911597606001603
-11.114057028514257	2.7659041999528178e-05	0.00040184019833100493
-11.10105052526263	2.7701887567066485e-05	0.00040459507794787797
-11.088044022011005	2.774483331702271e-05	0.0004073811096915181
-11.07503751875938	2.778787955981521e-05	0.0004101987992671807
-11.062031015507754	2.783102661296777e-05	0.0004130486635580688
-11.049024512256128	2.787427478856408e-05	0.0004159312308819052
-11.036018009004502	2.7917624408679842e-05	0.00041884704133987594
-11.023011505752876	2.7961075792060086e-05	0.00042179664720132237
-11.01000500250125	2.8004629258115976e-05	0.00042478061334938477
-10.996998499249624	2.8048285126258676e-05	0.0004277995178340044
-10.983991995997998	2.8092043725114202e-05	0.00043085395250230807
-10.970985492746372	2.8135905375092918e-05	0.0004339445236207773
-10.957978989494748	2.817987040093506e-05	0.0004370718522017647
-10.944972486243122	2.822393913415322e-05	0.00044023657272063144
-10.931965982991496	2.8268111898377413e-05	0.00044343932731638613
-10.91895947973987	2.8312389022788764e-05	0.00044668075238096794
-10.905952976488244	2.8356770842452583e-05	0.00044996146857756436
-10.892946473236618	2.8401257686105907e-05	0.0004532821122671393
-10.879939969984992	2.8445849886038488e-05	0.00045664339640205664
-10.866933466733366	2.849054778053528e-05	0.00046004610029137805
-10.85392696348174	2.8535351702663192e-05	0.0004634910084081456
-10.840920460230116	2.858026199070718e-05	0.00046697889207647503
-10.827913956978488	2.8625278984395486e-05	0.00047051052376478886
-10.814907453726864	2.867040302201307e-05	0.00047408668980286617
-10.801900950475238	2.8715634447396e-05	0.00047770819573023093
-10.788894447223612	2.8760973601937856e-05	0.00048137586800922616
-10.775887943971986	2.8806420832250268e-05	0.00048509055450629557
-10.76288144072036	2.8851976477839436e-05	0.0004888531248317118
-10.749874937468734	2.8897640891756282e-05	0.0004926644706632066
-10.736868434217108	2.894341441850301e-05	0.0004965255062366891
-10.723861930965484	2.898929740857703e-05	0.0005004371688757114
-10.710855427713856	2.9035290215917442e-05	0.0005044004196179674
-10.697848924462232	2.9081393190688587e-05	0.0005084162438859785
-10.684842421210606	2.912760668893899e-05	0.0005124856522205068
-10.67183591795898	2.9173931064940817e-05	0.0005166096810432785
-10.658829414707354	2.9220366673521347e-05	0.0005207893934708885
-10.645822911455728	2.9266913875169998e-05	0.0005250258801577923
-10.632816408204102	2.9313573029932094e-05	0.00052932026017527
-10.619809904952476	2.9360344497075808e-05	0.0005336736819320231
-10.606803401700851	2.9407228642530647e-05	0.0005380873241417339
-10.593796898449224	2.9454225830116698e-05	0.0005425623968093873
-10.5807903951976	2.9501336420101332e-05	0.0005471001422869826
-10.567783891945973	2.9548560785519484e-05	0.0005517018363343507
-10.554777388694347	2.9595899293410888e-05	0.0005563687892661262
-10.541770885442721	2.964335231347981e-05	0.0005611023471111531
-10.528764382191095	2.969092021753994e-05	0.0005659038928398363
-10.51575787893947	2.9738603379514394e-05	0.0005707748476329044
-10.502751375687843	2.9786402170772774e-05	0.0005757166722155649
-10.489744872436217	2.9834316974231e-05	0.0005807308682242995
-10.476738369184591	2.9882348161813788e-05	0.0005858189796561497
-10.463731865932967	2.993049611332843e-05	0.0005909825943695157
-10.450725362681341	2.9978761211024718e-05	0.0005962233456453525
-10.437718859429715	3.0027143839483905e-05	0.0006015429138243045
-10.42471235617809	3.00756443780692e-05	0.0006069430280077892
-10.411705852926463	3.0124263215691727e-05	0.0006124254678320229
-10.398699349674837	3.0173000740374434e-05	0.0006179920653363036
-10.385692846423211	3.0221857336254487e-05	0.000623644706893689
-10.372686343171585	3.0270833397572083e-05	0.0006293853352440371
-10.35967983991996	3.031992931523675e-05	0.000635215951605983
-10.346673336668335	3.0369145483155613e-05	0.0006411386178974965
-10.333666833416707	3.0418482298233407e-05	0.0006471554590382622
-10.320660330165083	3.046794015293397e-05	0.0006532686653982767
-10.307653826913457	3.051751944738168e-05	0.0006594804953121702
-10.294647323661831	3.056722058614181e-05	0.0006657932777413
-10.281640820410205	3.061704396534193e-05	0.0006722094150576341
-10.268634317158579	3.0666989990768556e-05	0.0006787313859427657
-10.255627813906953	3.071705906720901e-05	0.0006853617484778862
-10.242621310655327	3.076725160111593e-05	0.0006921031432930436
-10.229614807403703	3.081756800482616e-05	0.0006989582969689767
-10.216608304152075	3.086800868168371e-05	0.0007059300255466416
-10.20360180090045	3.091857404657894e-05	0.0007130212382185919
-10.190595297648825	3.0969264516400585e-05	0.0007202349412270825
-10.177588794397199	3.102008050304139e-05	0.0007275742419369235
-10.164582291145573	3.107102242649873e-05	0.0007350423531299333
-10.151575787893947	3.112209069822125e-05	0.0007426425975158857
-10.13856928464232	3.117328574819833e-05	0.0007503784124773816
-10.125562781390695	3.122460799664939e-05	0.0007582533550672954
-10.11255627813907	3.1276057860796236e-05	0.0007662711072585759
-10.099549774887443	3.132763577406994e-05	0.000774435481493585
-10.086543271635819	3.137934216224103e-05	0.0007827504265272012
-10.073536768384193	3.1431177454299686e-05	0.000791220033565132
-10.060530265132567	3.148314208045733e-05	0.0007998485427725965
-10.04752376188094	3.1535236475144224e-05	0.0008086403501313955
-10.034517258629315	3.15874610735678e-05	0.0008176000146682405
-10.021510755377689	3.1639816309381175e-05	0.0008267322661140719
-10.008504252126063	3.1692302626784574e-05	0.0008360420129825963
-9.995497748874437	3.1744920463760984e-05	0.0008455343511266644
-9.98249124562281	3.179767025829339e-05	0.0008552145727901417
-9.969484742371186	3.185055246190949e-05	0.000865088176185469
-9.95647823911956	3.190356751758827e-05	0.000875160875665415
-9.943471735867934	3.195671586886384e-05	0.000885438612468481
-9.930465232616308	3.200999797281501e-05	0.0008959275661647448
-9.917458729364682	3.206341427897108e-05	0.0009066341667571809
-9.904452226113056	3.211696523675034e-05	0.0009175651075756797
-9.89144572286143	3.217065130900476e-05	0.0009287273589626555
-9.878439219609804	3.2224472944042404e-05	0.0009401281828198549
-9.865432716358178	3.2278430612264764e-05	0.0009517751481196157
-9.852426213106554	3.233252476630977e-05	0.0009636761474004496
-9.839419709854928	3.2386755876800954e-05	0.0009758394143626337
-9.826413206603302	3.244112440381475e-05	0.0009882735426285372
-9.813406703351676	3.249563081519913e-05	0.0010009875057678252
-9.80040020010005	3.255027558068946e-05	0.001013990678713328
-9.787393696848424	3.260505917246359e-05	0.001027292860623863
-9.774387193596798	3.2659982067473337e-05	0.0010409042993843043
-9.761380690345172	3.2715044734898946e-05	0.0010548357178108425
-9.748374187093546	3.2770247658131524e-05	0.0010690983417801503
-9.735367683841922	3.2825591309904034e-05	0.0010837039303833729
-9.722361180590294	3.288107617771541e-05	0.0010986648083253225
-9.70935467733867	3.2936702740959944e-05	0.0011139939007416277
-9.696348174087044	3.299247149080031e-05	0.0011297047706916308
-9.683341670835418	3.304838291018353e-05	0.0011458116595226553
-9.670335167583792	3.310443749093839e-05	0.0011623295304096226
-9.657328664332166	3.316063572800232e-05	0.0011792741153718866
-9.64432216108054	3.321697810931834e-05	0.0011966619660914724
-9.631315657828914	3.3273465136596236e-05	0.0012145105089050867
-9.61830915457729	3.333009730555059e-05	0.0012328381044207637
-9.605302651325662	3.33868751200006e-05	0.0012516641121798067
-9.592296148074038	3.3443799076660063e-05	0.001271008960938902
-9.579289644822412	3.3500869689340185e-05	0.0012908942251785849
-9.566283141570786	3.355808745764133e-05	0.0013113427084556761
-9.55327663831916	3.3615452895152664e-05	0.0013323785344367955
-9.540270135067534	3.367296651135554e-05	0.00135402724645306
-9.527263631815908	3.373062882150446e-05	0.0013763159166118033
-9.514257128564282	3.378844034074291e-05	0.0013992732655536688
-9.501250625312656	3.3846401588766284e-05	0.0014229297942839336
-9.48824412206103	3.3904513084936916e-05	0.0014473179295459992
-9.475237618809405	3.3962775356277675e-05	0.0014724721845843503
-9.46223111555778	3.402118892148476e-05	0.0014984293374157298
-9.449224612306153	3.407975431268806e-05	0.0015252286291609352
-9.436218109054527	3.413847205624432e-05	0.001552911985440164
-9.423211605802901	3.419734268883534e-05	0.001581524264518075
-9.410205102551275	3.4256366741480804e-05	0.0016111135367496976
-9.39719859929965	3.431554475108456e-05	0.0016417314008844164
-9.384192096048023	3.437487725865829e-05	0.0016734333444317073
-9.371185592796397	3.4434364804103446e-05	0.0017062791572431957
-9.358179089544773	3.449400793698043e-05	0.0017403334104668655
-9.345172586293147	3.455380719485923e-05	0.0017756660172546512
-9.332166083041521	3.4613763130186825e-05	0.0018123528976908831
-9.319159579789895	3.467387629629837e-05	0.0018504767796017063
-9.30615307653827	3.473414724386448e-05	0.0018901281800182135
-9.293146573286643	3.4794576534658006e-05	0.001931406630283461
-9.280140070035017	3.485516471679606e-05	0.0019744222289282964
-9.267133566783391	3.4915912361821455e-05	0.0020192976151127695
-9.254127063531765	3.497682003172908e-05	0.0020661703904171214
-9.241120560280141	3.503788828418397e-05	0.002115195667353298
-9.228114057028513	3.509911769783436e-05	0.002166547168962807
-9.215107553776889	3.51605088364515e-05	0.002220411808251277
-9.202101050525263	3.522206227912772e-05	0.002276966824247606
-9.189094547273637	3.528377859951526e-05	0.002336335458953398
-9.176088044022011	3.534565837781667e-05	0.0023985832457166234
-9.163081540770385	3.5407702193790414e-05	0.0024638729852329844
-9.150075037518759	3.546991063307914e-05	0.0025326345344646173
-9.137068534267133	3.553228427866095e-05	0.0026054661401002654
-9.124062031015509	3.559482372628153e-05	0.00268297738490475
-9.111055527763881	3.5657529560695345e-05	0.002765796860693559
-9.098049024512257	3.5720402382311e-05	0.0028546429717440924
-9.08504252126063	3.578344278509782e-05	0.002950346071064258
-9.072036018009005	3.584665136979748e-05	0.0030537459740606065
-9.059029514757379	3.591002873748472e-05	0.0031654011258326342
-9.046023011505753	3.597357549833813e-05	0.003285382217730781
-9.033016508254127	3.60372922552088e-05	0.0034139947036222473
-9.0200100050025	3.610117961916348e-05	0.0035528732720696565
-9.007003501750876	3.6165238209484585e-05	0.0037040038764063477
-8.993996998499249	3.62294686354625e-05	0.0038681851495397934
-8.980990495247624	3.629387152070951e-05	0.0040456718962720295
-8.967983991995997	3.635844748628436e-05	0.0042354674790643365
-8.954977488744372	3.6423197155244225e-05	0.004433309860140011
-8.941970985492746	3.6488121157307596e-05	0.004636338263758533
-8.92896448224112	3.655322012052764e-05	0.00484858577217262
-8.915957978989494	3.661849468272749e-05	0.005077615312138906
-8.902951475737868	3.668394547529097e-05	0.005332192057967089
-8.889944972486244	3.6749573141925396e-05	0.005622052622501816
-8.876938469234616	3.6815378318455494e-05	0.005955300360902083
-8.863931965982992	3.6881361655360934e-05	0.006340708828443398
-8.850925462731364	3.694752380012378e-05	0.006793071211270596
-8.83791895947974	3.701386540222451e-05	0.007333666477805312
-8.824912456228114	3.7080387112919944e-05	0.007989382695891445
-8.811905952976488	3.714708959623447e-05	0.008794819257288644
-8.798899449724862	3.721397350320288e-05	0.00979467220423691
-8.785892946473236	3.728103950517703e-05	0.011041795890543882
-8.772886443221612	3.7348288260741214e-05	0.012587008862713911
-8.759879939969984	3.741572044457797e-05	0.014467404366661718
-8.74687343671836	3.7483336724264404e-05	0.016720408878213466
-8.733866933466732	3.755113778280972e-05	0.019426392670580217
-8.720860430215108	3.7619124289567374e-05	0.022666846110611427
-8.707853926963482	3.7687296929878045e-05	0.026246259402416094
-8.694847423711856	3.7755656388638315e-05	0.029383190465169906
-8.68184092046023	3.782420335285419e-05	0.031009199687691225
-8.668834417208604	3.789293851486075e-05	0.030699308662538338
-8.655827913956978	3.796186256876943e-05	0.02911728310089623
-8.642821410705352	3.803097620913576e-05	0.027427044802857736
-8.629814907453728	3.81002801387309e-05	0.02647665740374272
-8.6168084042021	3.8169775064433864e-05	0.02662740986332479
-8.603801900950476	3.823946168612924e-05	0.028008139910972507
-8.59079539769885	3.8309340722575413e-05	0.030741482217794602
-8.577788894447224	3.8379412882538766e-05	0.03504198153136284
-8.564782391195598	3.8449678883001326e-05	0.0412119101889693
-8.551775887943972	3.852013944860566e-05	0.04950443724790399
-8.538769384692346	3.859079529866527e-05	0.05969613316395905
-8.52576288144072	3.8661647161819523e-05	0.07021680738805725
-8.512756378189096	3.8732695771148684e-05	0.0777758958427971
-8.499749874937468	3.880394185740155e-05	0.07972396116345082
-8.486743371685844	3.887538615954256e-05	0.07730801018385036
-8.473736868434216	3.894702941975581e-05	0.07430577412233097
-8.460730365182592	3.901887238066948e-05	0.07310115652562743
-8.447723861930966	3.909091579223922e-05	0.07308556971462243
-8.43471735867934	3.916316040386558e-05	0.07174494041410573
-8.421710855427714	3.9235606972054526e-05	0.0677377351379489
-8.408704352176088	3.9308256255310425e-05	0.06259486611149456
-8.395697848924463	3.938110901702263e-05	0.05866517118623571
-8.382691345672836	3.9454166021024584e-05	0.0572275555031696
-8.369684842421211	3.9527428036478796e-05	0.05854264088756689
-8.356678339169584	3.960089583754378e-05	0.0622720925379503
-8.34367183591796	3.967457020248588e-05	0.06771012328674542
-8.330665332666333	3.974845190934939e-05	0.0744633516554768
-8.317658829414707	3.982254174605959e-05	0.08326285513175735
-8.304652326163081	3.989684049665598e-05	0.09521245259279065
-8.291645822911455	3.9971348954837005e-05	0.10973854150543305
-8.278639319659831	4.004606791407905e-05	0.12303855908093109
-8.265632816408203	4.012099817651826e-05	0.1298145501055208
-8.25262631315658	4.019614054273646e-05	0.1291089711709611
-8.239619809904951	4.0271495821198044e-05	0.1258139301307989
-8.226613306653327	4.034706482414219e-05	0.12527609461505618
-8.213606803401701	4.0422848362142716e-05	0.12965381098384443
-8.200600300150075	4.049884725787489e-05	0.1375408586294632
-8.18759379689845	4.0575062333902956e-05	0.14421511777282203
-8.174587293646823	4.065149441168092e-05	0.14395542501939085
-8.161580790395197	4.072814432698468e-05	0.13558505779268704
-8.148574287143571	4.080501291359173e-05	0.12385625040976145
-8.135567783891947	4.088210100883227e-05	0.11427907037522467
-8.12256128064032	4.095940945403331e-05	0.1091523450616615
-8.109554777388695	4.1036939098404446e-05	0.10755074043656532
-8.096548274137069	4.111469079060015e-05	0.10736099398885524
-8.083541770885443	4.119266538804567e-05	0.10780062562147663
-8.070535267633817	4.1270863748721354e-05	0.10959295598837082
-8.057528764382191	4.134928673416027e-05	0.11314477371213716
-8.044522261130565	4.142793521422217e-05	0.11839249291064236
-8.031515757878939	4.150681005821166e-05	0.12482354478374424
-8.018509254627315	4.1585912145869486e-05	0.12985337264192176
-8.005502751375687	4.166524235060809e-05	0.130300339595258
-7.992496248124062	4.174480156293736e-05	0.12702837597307381
-7.979489744872436	4.182459066903732e-05	0.12386211815954717
-7.966483241620811	4.1904610560417055e-05	0.12177578963277302
-7.953476738369185	4.198486214013197e-05	0.1172369003564302
-7.940470235117559	4.206534630391001e-05	0.10689573390291485
-7.927463731865933	4.2146063962911207e-05	0.09241182282336835
-7.914457228614307	4.222701602329959e-05	0.07803232450383812
-7.901450725362682	4.230820340445085e-05	0.06634915695869092
-7.888444222111056	4.238962702218796e-05	0.05789048151288356
-7.87543771885943	4.2471287804213276e-05	0.05230901835349955
-7.862431215607804	4.2553186677563026e-05	0.049146994372068376
-7.8494247123561784	4.263532457415842e-05	0.04810261177094932
-7.8364182091045524	4.2717702434025284e-05	0.049087512028841096
-7.8234117058529264	4.2800321201186264e-05	0.05222324158585245
-7.8104052026013004	4.288318182044115e-05	0.05781027376368164
-7.7973986993496744	4.296628524269597e-05	0.06625223191931517
-7.784392196098049	4.304963242696136e-05	0.07785586455137083
-7.771385692846423	4.313322433568967e-05	0.0921743289284982
-7.758379189594797	4.3217061929889944e-05	0.10655245502241273
-7.745372686343171	4.3301146186891515e-05	0.11552172434745944
-7.732366183091545	4.338547808113713e-05	0.11455670623865077
-7.71935967983992	4.347005859139941e-05	0.10464808024485761
-7.706353176588294	4.355488869955959e-05	0.0904972291703191
-7.693346673336668	4.363996940570658e-05	0.07657361523923434
-7.680340170085042	4.372530169705069e-05	0.06537032523703523
-7.667333666833416	4.38108865765674e-05	0.05753314102085594
-7.654327163581791	4.389672505256126e-05	0.052835823252665226
-7.641320660330165	4.398281813289273e-05	0.050922943201549664
-7.628314157078539	4.406916683374895e-05	0.051606501653331804
-7.615307653826913	4.4155772174758745e-05	0.0548949439405495
-7.602301150575288	4.42426351853209e-05	0.06081031176126539
-7.589294647323662	4.432975689117047e-05	0.06886513720261289
-7.576288144072036	4.441713833325256e-05	0.0772377361597767
-7.56328164082041	4.450478054873752e-05	0.08276805227157558
-7.550275137568784	4.459268458678611e-05	0.08323538730008428
-7.537268634317159	4.468085150077794e-05	0.07977904700310401
-7.524262131065533	4.476928234375954e-05	0.0758004702559758
-7.511255627813907	4.485797818287729e-05	0.07412766759731926
-7.498249124562281	4.494694008272404e-05	0.07588503208500086
-7.485242621310655	4.5036169119438973e-05	0.08039897090674109
-7.47223611805903	4.5125666370604556e-05	0.08505488315869414
-7.459229614807404	4.521543292212993e-05	0.08647562632652483
-7.446223111555778	4.53054698622557e-05	0.08350556461507741
-7.433216608304152	4.5395778287327104e-05	0.07803048577800442
-7.420210105052526	4.548635929746414e-05	0.07250471905771161
-7.407203601800901	4.5577214000669386e-05	0.06783351692376038
-7.394197098549275	4.5668343510607556e-05	0.0636506187906688
-7.381190595297649	4.5759748940277234e-05	0.06003986595167865
-7.368184092046023	4.5851431417887056e-05	0.05790492477929543
-7.3551775887943975	4.594339207353304e-05	0.057949116185067484
-7.3421710855427715	4.603563204019778e-05	0.06021562613311571
-7.3291645822911455	4.612815246063384e-05	0.06439447827081335
-7.3161580790395195	4.622095448192365e-05	0.07028262680993602
-7.3031515757878935	4.631403925459132e-05	0.0775404865545598
-7.290145072536268	4.6407407943704904e-05	0.08487480416607063
-7.277138569284642	4.650106170689394e-05	0.09050635844625055
-7.264132066033016	4.6595001718552354e-05	0.09398295494607689
-7.25112556278139	4.6689229155627565e-05	0.09653215250794644
-7.238119059529764	4.6783745204170835e-05	0.09979961735381726
-7.225112556278139	4.6878551050011374e-05	0.10514069891425182
-7.212106053026513	4.6973647888526315e-05	0.11301114303786886
-7.199099549774887	4.706903692197617e-05	0.12102612965019877
-7.186093046523261	4.716471936117017e-05	0.12318257578739267
-7.173086543271635	4.726069641525221e-05	0.11499753999027895
-7.16008004002001	4.7356969309020336e-05	0.09925861903767452
-7.147073536768384	4.745353926760565e-05	0.08232593492984086
-7.134067033516758	4.7550407524576954e-05	0.06814006409139206
-7.121060530265132	4.7647575320830526e-05	0.05765838775499532
-7.108054027013507	4.77450439010374e-05	0.05052903553232446
-7.095047523761881	4.784281451952754e-05	0.04614706007060776
-7.082041020510255	4.7940888432629336e-05	0.04394631728491927
-7.069034517258629	4.803926691010485e-05	0.043279464515712074
-7.056028014007003	4.813795122504683e-05	0.04318198908944426
-7.043021510755378	4.823694265543299e-05	0.0425383392823343
-7.030015007503752	4.833624248612445e-05	0.04085732722005442
-7.017008504252126	4.843585201053102e-05	0.03864873928369117
-7.0040020010005	4.8535772529723076e-05	0.036786449749971695
-6.990995497748874	4.863600535143231e-05	0.03583115405905679
-6.977988994497249	4.8736551785277804e-05	0.03603278400678356
-6.964982491245623	4.883741315719892e-05	0.037588287956137334
-6.951975987993997	4.893859079080354e-05	0.04076287434125936
-6.938969484742371	4.904008602091281e-05	0.04592308139893009
-6.925962981490746	4.914190019211784e-05	0.05349349224116151
-6.91295647823912	4.9244034650786084e-05	0.06365389711028835
-6.899949974987494	4.934649075327702e-05	0.07546959242871665
-6.886943471735868	4.944926986494291e-05	0.08566388813506132
-6.873936968484242	4.9552373355910007e-05	0.08940381611222159
-6.860930465232617	4.965580259874702e-05	0.08499947087165372
-6.847923961980991	4.97595589840083e-05	0.0759880754520087
-6.834917458729365	4.986364390524578e-05	0.0666534395257038
-6.821910955477739	4.9968058763449896e-05	0.05892570456180979
-6.808904452226113	5.007280496149846e-05	0.05316805895807042
-6.7958979489744875	5.0177883916258104e-05	0.049435648356524586
-6.7828914457228615	5.028329705347723e-05	0.04783001742643023
-6.7698849424712355	5.038904580012549e-05	0.048452932909708424
-6.7568784392196095	5.04951315969393e-05	0.05144193918181639
-6.7438719359679835	5.060155589020621e-05	0.05699319673217562
-6.730865432716358	5.070832013420734e-05	0.06514556106235558
-6.717858929464732	5.0815425788552915e-05	0.07514084386300135
-6.704852426213106	5.092287432439946e-05	0.08465430648112826
-6.69184592296148	5.1030667220341996e-05	0.09050014730776734
-6.678839419709855	5.113880596030462e-05	0.09155015570122693
-6.665832916458229	5.124729204020184e-05	0.09012113925008891
-6.652826413206603	5.135612696038905e-05	0.08968850697993525
-6.639819909954977	5.146531223054751e-05	0.09211350635075088
-6.626813406703351	5.157484937212686e-05	0.09641297097805501
-6.613806903451726	5.168473990802003e-05	0.09933499954495273
-6.6008004002001	5.179498537510874e-05	0.09856202110337076
-6.587793896948474	5.19055873186014e-05	0.09573553125595524
-6.574787393696848	5.201654728925753e-05	0.09456704202778232
-6.561780890445222	5.212786684516413e-05	0.09747193758930983
-6.548774387193597	5.2239547557952903e-05	0.10470686602493762
-6.535767883941971	5.2351591005694864e-05	0.11506902079660164
-6.522761380690345	5.246399877278929e-05	0.1273901635223883
-6.509754877438719	5.25767724572912e-05	0.1406401832494224
-6.496748374187093	5.2689913660031173e-05	0.15070843337303952
-6.483741870935468	5.28034239958286e-05	0.15023841954075778
-6.470735367683842	5.291730508427683e-05	0.1366406227868433
-6.457728864432216	5.303155856006825e-05	0.11611099134299785
-6.44472236118059	5.314618605900545e-05	0.09627240147574323
-6.431715857928965	5.3261189231768036e-05	0.08074348213401128
-6.418709354677339	5.3376569737251245e-05	0.07005416525672337
-6.405702851425713	5.349232924001246e-05	0.06367349106310405
-6.392696348174087	5.3608469419708094e-05	0.060950159310435015
-6.379689844922461	5.3724991961989765e-05	0.06115856035009182
-6.366683341670836	5.38418985605027e-05	0.0629681251912304
-6.35367683841921	5.3959190920771505e-05	0.06392742389233175
-6.340670335167584	5.407687075620338e-05	0.06156009386015404
-6.327663831915958	5.419493979375023e-05	0.05586202387802375
-6.314657328664332	5.431339976524896e-05	0.04907466799922999
-6.301650825412707	5.443225241485994e-05	0.043117110651821
-6.288644322161081	5.455149949173954e-05	0.03867095709361967
-6.275637818909455	5.467114276413998e-05	0.03571483601306591
-6.262631315657829	5.479118400675276e-05	0.03404653961756843
-6.249624812406203	5.4911624996822894e-05	0.03350088609794
-6.2366183091545775	5.5032467529914086e-05	0.03401047327961548
-6.2236118059029515	5.515371340936159e-05	0.03561980357145189
-6.2106053026513255	5.527536445082415e-05	0.03849523829869095
-6.1975987993996995	5.539742247584467e-05	0.042940094275561
-6.184592296148074	5.551988931695728e-05	0.049402861242557106
-6.171585792896448	5.56427668225723e-05	0.058415333767387057
-6.158579289644822	5.5766056845207856e-05	0.07025078434229626
-6.145572786393196	5.58897612538134e-05	0.08392600246960591
-6.13256628314157	5.601388192011392e-05	0.0957162071629577
-6.119559779889945	5.6138420735152295e-05	0.09983929337904296
-6.106553276638319	5.626337959296901e-05	0.09392657066544197
-6.093546773386693	5.638876040725549e-05	0.08209637509071155
-6.080540270135067	5.651456509214725e-05	0.06993732983301115
-6.067533766883441	5.664079558254098e-05	0.06029275504935372
-6.054527263631816	5.6767453818440394e-05	0.05368973719258352
-6.04152076038019	5.689454175406006e-05	0.049801581452849075
-6.028514257128564	5.702206135094201e-05	0.04822056275521891
-6.015507753876938	5.715001458583835e-05	0.04870709290323283
-6.002501250625312	5.727840344948998e-05	0.051243426529999914
-5.989494747373687	5.740722993574643e-05	0.056034027291078536
-5.976488244122061	5.75364960562208e-05	0.06346497273078466
-5.963481740870435	5.76662038310749e-05	0.07392657010123493
-5.950475237618809	5.779635529745697e-05	0.08729476919758272
-5.937468734367184	5.792695249706714e-05	0.10206504298775199
-5.924462231115558	5.805799748859197e-05	0.11519590240410316
-5.911455727863932	5.818949234237536e-05	0.12388600981578701
-5.898449224612306	5.832143913686583e-05	0.1275250377242353
-5.88544272136068	5.84538399669432e-05	0.1276430769939063
-5.872436218109055	5.85866969349258e-05	0.1259055260895906
-5.859429714857429	5.872001216788991e-05	0.1233788825790969
-5.846423211605803	5.885378778480721e-05	0.12179434821836277
-5.833416708354177	5.898802593684582e-05	0.122282117109762
-5.820410205102551	5.912272877373059e-05	0.12325230064417025
-5.807403701850926	5.925789846661367e-05	0.12217962254606884
-5.7943971985993	5.9393537197305335e-05	0.11976037142338225
-5.781390695347674	5.952964715705278e-05	0.11957388678114877
-5.768384192096048	5.966623055575493e-05	0.1242943923599702
-5.755377688844422	5.980328960886183e-05	0.1340210323203368
-5.742371185592797	5.994082655136346e-05	0.14701898119822354
-5.729364682341171	6.007884363035121e-05	0.1618378696302385
-5.716358179089545	6.021734310213134e-05	0.17724490931373593
-5.703351675837919	6.03563272444374e-05	0.18796097832642422
-5.6903451725862935	6.0495798341109186e-05	0.18523162695705164
-5.6773386693346675	6.0635758689531194e-05	0.16705216722402727
-5.6643321660830415	6.07762106088483e-05	0.14159749519930065
-5.6513256628314155	6.091715642264628e-05	0.1177264749110779
-5.6383191595797895	6.105859847116424e-05	0.09931008406585451
-5.625312656328164	6.120053911495837e-05	0.08676076555139078
-5.612306153076538	6.134298072069111e-05	0.07940500299407938
-5.599299649824912	6.14859256681255e-05	0.07651340317853095
-5.586293146573286	6.162937636466914e-05	0.07733114356102233
-5.57328664332166	6.177333521428796e-05	0.08043692411651826
-5.560280140070035	6.191780465114594e-05	0.08293526220708325
-5.547273636818409	6.206278710763069e-05	0.08137427782909068
-5.534267133566783	6.220828504910347e-05	0.07505455457456978
-5.521260630315157	6.235430094314598e-05	0.06668182929774125
-5.508254127063532	6.250083727887823e-05	0.059081074784414045
-5.495247623811906	6.264789654963909e-05	0.053434477099584154
-5.48224112056028	6.27954812834064e-05	0.04980347766816329
-5.469234617308654	6.294359400405014e-05	0.04787483888693156
-5.456228114057028	6.309223726086444e-05	0.04734191956953715
-5.443221610805403	6.324141361579994e-05	0.04807386264686064
-5.430215107553777	6.339112565068028e-05	0.0501400069802328
-5.417208604302151	6.35413759542125e-05	0.05375466079168245
-5.404202101050525	6.369216714119386e-05	0.059281652007894925
-5.391195597798899	6.384350183463727e-05	0.06727392366977647
-5.378189094547274	6.399538267931604e-05	0.0784114052218784
-5.365182591295648	6.41478123307726e-05	0.09321849212767563
-5.352176088044022	6.430079346642081e-05	0.11117085759878143
-5.339169584792396	6.445432877666413e-05	0.12888866695583656
-5.32616308154077	6.460842096622788e-05	0.13963565545601286
-5.313156578289145	6.476307276281901e-05	0.13867462701303124
-5.300150075037519	6.491828690635693e-05	0.1294174107529641
-5.287143571785893	6.507406615763323e-05	0.11946156695444321
-5.274137068534267	6.523041328709844e-05	0.113903801189711
-5.261130565282642	6.538733109318073e-05	0.1145625697357121
-5.248124062031016	6.55448223795263e-05	0.1215527037388926
-5.23511755877939	6.570288997664875e-05	0.13371783945880955
-5.222111055527764	6.58615367306048e-05	0.14823962588185835
-5.209104552276138	6.60207655035494e-05	0.1617179825447227
-5.1960980490245126	6.618057917529008e-05	0.17202579264853624
-5.1830915457728866	6.634098064461913e-05	0.17665268897658193
-5.1700850425212606	6.65019728288696e-05	0.17249059623038843
-5.1570785392696346	6.666355866102869e-05	0.16113271425457487
-5.1440720360180086	6.682574109695416e-05	0.14912962795273266
-5.131065532766383	6.69885231069367e-05	0.14221910557378814
-5.118059029514757	6.715190768424861e-05	0.14279734369328623
-5.105052526263131	6.731589783648406e-05	0.1505097870394193
-5.092046023011505	6.74804965939968e-05	0.1622119121246982
-5.079039519759879	6.764570700379391e-05	0.17203802735213003
-5.066033016508254	6.781153212942481e-05	0.17478003656548702
-5.053026513256628	6.797797506186143e-05	0.16955954938774764
-5.040020010005002	6.814503890617551e-05	0.15917942513144112
-5.027013506753376	6.831272678642364e-05	0.14858110582143347
-5.014007003501751	6.848104185042114e-05	0.14255036808522004
-5.001000500250125	6.864998726163751e-05	0.1438821825841412
-4.987993996998499	6.881956620841123e-05	0.15379602049158314
-4.974987493746873	6.89897818956231e-05	0.17246777273583858
-4.961980990495247	6.91606375499143e-05	0.19779124568733508
-4.948974487243621	6.933213642001945e-05	0.22253466846144043
-4.935967983991995	6.950428176943912e-05	0.23491132704554318
-4.922961480740369	6.967707689586877e-05	0.22895544047534389
-4.909954977488745	6.985052510288803e-05	0.21220344507340438
-4.896948474237119	7.002462972216517e-05	0.19617308087064766
-4.883941970985493	7.019939411068155e-05	0.18587584832370807
-4.870935467733867	7.037482164296005e-05	0.1792428232165807
-4.857928964482241	7.055091571206429e-05	0.1719699671088919
-4.844922461230615	7.072767973803629e-05	0.16359141413896794
-4.831915957978989	7.090511716589809e-05	0.1579474580568737
-4.818909454727363	7.108323145377238e-05	0.15874633390487247
-4.805902951475737	7.126202608842558e-05	0.1673326004100747
-4.792896448224113	7.144150457905063e-05	0.18236422808845554
-4.779889944972487	7.162167045582368e-05	0.19932073318032018
-4.766883441720861	7.180252727512215e-05	0.2120197889304326
-4.753876938469235	7.198407861175316e-05	0.21746790597685006
-4.740870435217609	7.21663280688345e-05	0.21861912170809816
-4.727863931965983	7.234927926913493e-05	0.22077641645088164
-4.714857428714357	7.253293586229059e-05	0.22580429668225865
-4.701850925462731	7.271730152014211e-05	0.23257313040713257
-4.688844422211105	7.290237993884396e-05	0.24222426804808372
-4.6758379189594805	7.30881748401968e-05	0.25726855897213485
-4.6628314157078545	7.327468996864983e-05	0.27487034266710675
-4.6498249124562285	7.346192909363225e-05	0.2851154653488609
-4.6368184092046025	7.36498960135501e-05	0.2792000301428298
-4.6238119059529765	7.383859454390684e-05	0.25972063855247174
-4.6108054027013505	7.40280285322914e-05	0.23803628108375574
-4.5977988994497245	7.421820185393724e-05	0.222275578147203
-4.5847923961980985	7.440911840006503e-05	0.2119332294832581
-4.5717858929464725	7.460078209586829e-05	0.20129529827007642
-4.5587793896948465	7.479319688930008e-05	0.1874902313038932
-4.545772886443222	7.498636675640213e-05	0.1740758723827036
-4.532766383191596	7.518029570141582e-05	0.16599369169660738
-4.51975987993997	7.537498775167517e-05	0.16519043202718608
-4.506753376688344	7.557044696249182e-05	0.1698876263328074
-4.493746873436718	7.576667741826526e-05	0.17503936905315487
-4.480740370185092	7.59636832309285e-05	0.17594079555052577
-4.467733866933466	7.616146853328676e-05	0.17383314173701225
-4.45472736368184	7.636003749711406e-05	0.17473072657948097
-4.441720860430214	7.655939431561176e-05	0.18355791765644214
-4.42871435717859	7.675954321029188e-05	0.20128695318766665
-4.415707853926964	7.696048843441883e-05	0.22331998659695584
-4.402701350675338	7.716223427078894e-05	0.2383667781624389
-4.389694847423712	7.73647850232928e-05	0.2352055736705907
-4.376688344172086	7.756814503212528e-05	0.21538688259939642
-4.36368184092046	7.777231867123202e-05	0.19123534017179034
-4.350675337668834	7.797731033087896e-05	0.17305954381719146
-4.337668834417208	7.818312444618503e-05	0.16510936770281925
-4.324662331165582	7.838976547291931e-05	0.168059531488163
-4.311655827913956	7.859723789727102e-05	0.1803150799611114
-4.298649324662332	7.88055462445092e-05	0.19633385500688416
-4.285642821410706	7.901469506432779e-05	0.20499805457826925
-4.27263631815908	7.92246889395054e-05	0.1958588203736551
-4.259629814907454	7.943553248335178e-05	0.1704682578693435
-4.246623311655828	7.964723033959675e-05	0.13968844192392404
-4.233616808404202	7.985978719238229e-05	0.11193566934281218
-4.220610305152576	8.007320774816584e-05	0.08989312177312936
-4.20760380190095	8.028749674893199e-05	0.07317901434249574
-4.194597298649324	8.050265897485698e-05	0.06060923746376856
-4.1815907953977	8.071869923187425e-05	0.05107320229086976
-4.168584292146074	8.09356223631097e-05	0.043725606674367756
-4.155577788894448	8.115343325088009e-05	0.0379642412052531
-4.142571285642822	8.13721367988185e-05	0.03336765943303821
-4.129564782391196	8.15917379560771e-05	0.02964027667456126
-4.11655827913957	8.181224170067392e-05	0.026572506055753453
-4.103551775887944	8.203365305037291e-05	0.0240135548688315
-4.090545272636318	8.225597705280308e-05	0.021853203029705948
-4.077538769384692	8.247921879389608e-05	0.0200096018480328
-4.064532266133066	8.270338339622096e-05	0.01842103724903843
-4.051525762881441	8.292847601665265e-05	0.01704030162153991
-4.038519259629815	8.315450184870343e-05	0.01583079464952486
-4.025512756378189	8.338146612529851e-05	0.014763782955556248
-4.012506253126563	8.360937411322489e-05	0.013816446534345994
-3.9994997498749374	8.383823111990374e-05	0.012970466713588369
-3.9864932466233114	8.406804248572985e-05	0.01221099196501052
-3.9734867433716854	8.429881359395264e-05	0.011525870911109015
-3.9604802401200594	8.453054986745645e-05	0.010905076731838603
-3.9474737368684334	8.476325675543794e-05	0.010340270377486527
-3.934467233616809	8.499693976615763e-05	0.009824465632091828
-3.921460730365183	8.523160442908129e-05	0.00935176974493146
-3.908454227113557	8.546725632474494e-05	0.008917180720993234
-3.895447723861931	8.570390107076609e-05	0.008516427515847469
-3.882441220610305	8.594154432250978e-05	0.008145843024731647
-3.869434717358679	8.618019177664138e-05	0.007802262360230627
-3.856428214107053	8.64198491773438e-05	0.007482940794124704
-3.843421710855427	8.666052229999721e-05	0.007185487110710431
-3.830415207603801	8.69022169712741e-05	0.006907809129001907
-3.817408704352175	8.714493905681575e-05	0.006648068901333404
-3.804402201100551	8.738869445845676e-05	0.006404645658024233
-3.791395697848925	8.763348913432001e-05	0.00617610499212351
-3.778389194597299	8.787932907294849e-05	0.005961173101381112
-3.765382691345673	8.812622031606487e-05	0.00575871515216364
-3.752376188094047	8.83741689434725e-05	0.005567717021392249
-3.739369684842421	8.862318108160405e-05	0.0053872698209948
-3.726363181590795	8.887326290163422e-05	0.005216556725767152
-3.713356678339169	8.912442062192216e-05	0.0050548417169249404
-3.700350175087543	8.9376660505458e-05	0.0049014599259882274
-3.6873436718359187	8.962998886086204e-05	0.004755809321370541
-3.6743371685842927	8.988441204027531e-05	0.004617343525989748
-3.6613306653326667	9.01399364509059e-05	0.004485565591470397
-3.6483241620810407	9.039656853826461e-05	0.0043600225842468365
-3.6353176588294147	9.065431480259623e-05	0.004240300863428748
-3.6223111555777887	9.091318178944263e-05	0.00412602194995082
-3.6093046523261627	9.117317609241837e-05	0.004016838902836994
-3.5962981490745367	9.14343043574295e-05	0.003912433131784354
-3.5832916458229107	9.169657327390279e-05	0.003812511586276268
-3.5702851425712847	9.195998958755336e-05	0.0037168042705865156
-3.5572786393196605	9.222456009305713e-05	0.0036250620416183876
-3.5442721360680345	9.249029163760358e-05	0.003537054652930416
-3.5312656328164085	9.275719111134784e-05	0.0034525690135407405
-3.5182591295647825	9.302526546783874e-05	0.0033714076346247346
-3.5052526263131565	9.329452170214747e-05	0.0032933872409915965
-3.4922461230615305	9.356496687251692e-05	0.0032183375273492354
-3.4792396198099045	9.383660808293115e-05	0.003146100042166311
-3.4662331165582785	9.41094524974373e-05	0.0030765271841479702
-3.4532266133066525	9.438350732460243e-05	0.0030094812983593178
-3.4402201100550283	9.465877984182747e-05	0.002944833860688556
-3.4272136068034023	9.493527737036711e-05	0.0028824647407775794
-3.4142071035517763	9.521300728843052e-05	0.002822261534785042
-3.4012006003001503	9.549197703750956e-05	0.0027641189604288297
-3.3881940970485243	9.577219410550342e-05	0.0027079383076346053
-3.3751875937968983	9.60536660525868e-05	0.0026536269389658695
-3.3621810905452723	9.633640047868042e-05	0.0026010978346542313
-3.3491745872936463	9.66204050596442e-05	0.0025502691776800868
-3.3361680840420203	9.690568752118711e-05	0.002501063974877371
-3.3231615807903943	9.719225564486234e-05	0.002453409710441279
-3.31015507753877	9.748011728005768e-05	0.0024072380287282202
-3.297148574287144	9.776928033533583e-05	0.0023624844434382286
-3.284142071035518	9.805975277643597e-05	0.0023190880707375516
-3.271135567783892	9.83515426353776e-05	0.00227699138399462
-3.258129064532266	9.864465800435429e-05	0.0022361399881790645
-3.24512256128064	9.893910703950848e-05	0.002196482412078371
-3.232116058029014	9.923489795859997e-05	0.002157969916744662
-3.219109554777388	9.953203904788932e-05	0.0021205563186936782
-3.206103051525762	9.983053865303404e-05	0.0020841978265812022
-3.193096548274138	0.00010013040519130101	0.002048852890148334
-3.180090045022512	0.00010043164713979813	0.00201448206039756
-3.167083541770886	0.00010073427304446714	0.001981047860035834
-3.15407703851926	0.0001010382915226371	0.0019485146633348993
-3.141070535267634	0.00010134371125258834	0.0019168485845731942
-3.128064032016008	0.00010165054098698612	0.0018860173744333908
-3.115057528764382	0.0001019587895417784	0.0018559903236351483
-3.102051025512756	0.00010226846581151694	0.0018267381732556265
-3.08904452226113	0.0001025795787573669	0.0017982330311953065
-3.076038019009504	0.00010289213740455327	0.0017704482943349253
-3.0630315157578796	0.00010320615086156781	0.0017433585758708237
-3.0500250125062536	0.00010352162830362666	0.0017169396375128487
-3.0370185092546276	0.00010383857897711124	0.0016911683261108257
-3.0240120060030016	0.00010415701221311302	0.0016660225144049523
-3.0110055027513756	0.00010447693740545105	0.0016414810456037987
-2.9979989994997496	0.0001047983640271033	0.0016175236814590654
-2.9849924962481236	0.00010512130163209399	0.0015941310536302655
-2.9719859929964976	0.00010544575984416937	0.0015712846180996332
-2.9589794897448716	0.00010577174837345105	0.0015489666123564838
-2.9459729864932473	0.00010609927699678501	0.0015271600152524378
-2.9329664832416213	0.00010642835558460906	0.0015058485092434015
-2.9199599799899953	0.00010675899407619482	0.0014850164449385916
-2.9069534767383693	0.00010709120249730031	0.0014646488077085795
-2.8939469734867433	0.00010742499094984481	0.0014447311862998413
-2.8809404702351173	0.00010776036962800717	0.0014252497432537536
-2.8679339669834913	0.00010809734880301569	0.001406191187046435
-2.8549274637318653	0.00010843593882559066	0.0013875427458157619
-2.8419209604802393	0.0001087761501412654	0.0013692921425875193
-2.8289144572286133	0.00010911799327417704	0.0013514275718736757
-2.815907953976989	0.00010946147884094426	0.0013339376776048129
-2.802901450725363	0.00010980661753956511	0.0013168115322504947
-2.789894947473737	0.00011015342016218455	0.0013000386170969325
-2.776888444222111	0.00011050189758465834	0.0012836088036066728
-2.763881940970485	0.00011085206077710019	0.0012675123357519524
-2.750875437718859	0.0001112039208016613	0.0012517398133129465
-2.737868934467233	0.00011155748880964378	0.0012362821760359965
-2.724862431215607	0.00011191277604438721	0.001221130688671468
-2.711855927963981	0.00011226979384881819	0.0012062769267203732
-2.698849424712357	0.0001126285536513505	0.0011917127629710311
-2.685842921460731	0.0001129890669869793	0.0011774303546980835
-2.672836418209105	0.00011335134548373649	0.0011634221315193205
-2.659829914957479	0.00011371540086246856	0.0011496807838656808
-2.646823411705853	0.00011408124494749483	0.0011361992520153574
-2.633816908454227	0.00011444888966238853	0.0011229707156801272
-2.620810405202601	0.00011481834703208627	0.0011099885841074908
-2.607803901950975	0.0001151896291848864	0.0010972464866598752
-2.594797398699349	0.00011556274834445546	0.001084738263840257
-2.581790895447723	0.0001159377168471476	0.0010724579587638727
-2.5687843921960987	0.00011631454713034728	0.0010603998090370492
-2.5557778889444727	0.00011669325174124001	0.001048558239001185
-2.5427713856928467	0.00011707384332892978	0.0010369278523620906
-2.5297648824412207	0.000117456334654098	0.001025503425150287
-2.5167583791895947	0.00011784073858589483	0.001014279899010817
-2.5037518759379687	0.000118227068105492	0.001003252374798369
-2.4907453726863427	0.00011861533630430632	0.0009924161064718273
-2.4777388694347167	0.00011900555638832966	0.0009817664952558314
-2.4647323661830907	0.00011939774167846195	0.0009712990840730074
-2.4517258629314664	0.00011979190560573727	0.0009610095522083473
-2.4387193596798404	0.00012018806172242602	0.0009508937102384873
-2.4257128564282144	0.00012058622369726102	0.0009409474951523888
-2.4127063531765884	0.00012098640532531846	0.0009311669657156019
-2.3996998499249624	0.00012138862050847798	0.0009215482980030609
-2.3866933466733364	0.00012179288327651694	0.0009120877811518158
-2.3736868434217104	0.00012219920778477888	0.0009027818132866239
-2.3606803401700844	0.0001226076083131744	0.0008936268976058592
-2.3476738369184584	0.00012301809925918672	0.0008846196386571581
-2.3346673336668324	0.00012343069515674543	0.0008757567387515097
-2.321660830415208	0.0001238454106640141	0.0008670349945254507
-2.308654327163582	0.0001242622605663879	0.000858451293659801
-2.295647823911956	0.00012468125978548628	0.0008500026117169712
-2.28264132066033	0.00012510242337371302	0.0008416860091245981
-2.269634817408704	0.00012552576651048142	0.0008334986282630963
-2.256628314157078	0.0001259513045218652	0.0008254376906914329
-2.243621810905452	0.00012637905286194684	0.0008175004944562803
-2.230615307653826	0.00012680902712547404	0.0008096844115385027
-2.2176088044022	0.000127241243053966	0.0008019868853812451
-2.204602301150576	0.00012767571651850496	0.0007944054285247137
-2.19159579789895	0.000128112463538832	0.0007869376203251122
-2.178589294647324	0.00012855150028301399	0.0007795811047683898
-2.165582791395698	0.00012899284305600833	0.000772333588363816
-2.152576288144072	0.00012943650832009101	0.0007651928381307016
-2.139569784892446	0.00012988251267709305	0.0007581566796416306
-2.12656328164082	0.00013033087288838452	0.0007512229951552873
-2.113556778389194	0.0001307816058652156	0.0007443897218109008
-2.100550275137568	0.00013123472866860553	0.0007376548499075097
-2.087543771885942	0.00013169025852111105	0.0007310164212137593
-2.0745372686343178	0.00013214821279938782	0.0007244725273841679
-2.0615307653826918	0.00013260860904340532	0.0007180213083878284
-2.0485242621310658	0.00013307146494911937	0.0007116609510355865
-2.0355177588794398	0.00013353679838157273	0.0007053896875232057
-2.0225112556278138	0.0001340046273636819	0.0006992057940721219
-2.0095047523761878	0.0001344749700936676	0.000693107589572528
-1.9964982491245618	0.0001349478449289565	0.0006870934342989576
-1.9834917458729358	0.00013542327040472202	0.0006811617286724969
-1.9704852426213098	0.00013590126522533552	0.0006753109120689604
-1.9574787393696855	0.0001363818482683632	0.0006695394616499373
-1.9444722361180595	0.0001368650385920045	0.0006638458912529011
-1.9314657328664335	0.00013735085542998515	0.0006582287503184014
-1.9184592296148075	0.00013783931819522088	0.0006526866228484529
-1.9054527263631815	0.00013833044648303705	0.0006472181263992294
-1.8924462231115555	0.00013882426007971738	0.0006418219111168355
-1.8794397198599295	0.0001393207789502915	0.0006364966587982801
-1.8664332166083035	0.0001398200232503033	0.00063124108198509
-1.8534267133566775	0.00014032201333025185	0.0006260539230998896
-1.8404202101050515	0.00014082676972948516	0.000620933953585312
-1.8274137068534273	0.0001413343131844158	0.0006158799731007525
-1.8144072036018013	0.00014184466462840994	0.0006108908087283371
-1.8014007003501753	0.0001423578451983376	0.0006059653142052035
-1.7883941970985493	0.00014287387622680114	0.0006011023691934181
-1.7753876938469233	0.00014339277925667915	0.0005963008785611068
-1.7623811905952973	0.00014391457603657454	0.0005915597716857901
-1.7493746873436713	0.0001444392885214807	0.0005868780018042363
-1.7363681840920453	0.0001449669388799979	0.0005822545453363359
-1.7233616808404193	0.0001454975494999955	0.0005776884012894667
-1.710355177588795	0.0001460311429788419	0.000573178590630441
-1.697348674337169	0.0001465677421382816	0.0005687241557016387
-1.684342171085543	0.00014710737002088248	0.0005643241596657855
-1.671335667833917	0.00014765004989414354	0.000559977685936186
-1.658329164582291	0.00014819580524716436	0.0005556838376549189
-1.645322661330665	0.00014874465980851959	0.0005514417371726976
-1.632316158079039	0.00014929663753693312	0.0005472505255436078
-1.619309654827413	0.000149851762620834	0.0005431093620457128
-1.606303151575787	0.00015041005949512076	0.0005390174237120959
-1.593296648324161	0.00015097155283316788	0.0005349739048589042
-1.5802901450725368	0.0001515362675478249	0.0005309780166620204
-1.5672836418209108	0.00015210422880673757	0.0005270289867157496
-1.5542771385692848	0.00015267546202291093	0.0005231260586153752
-1.5412706353176588	0.00015324999286148167	0.0005192684915688028
-1.5282641320660328	0.00015382784724993215	0.0005154555599797828
-1.5152576288144068	0.0001544090513677654	0.0005116865530885306
-1.5022511255627808	0.00015499363166315838	0.0005079607745941406
-1.4892446223111548	0.0001555816148471889	0.0005042775422914314
-1.4762381190595288	0.00015617302789761034	0.0005006361877401
-1.4632316158079046	0.00015676789806806646	0.0004970360559000131
-1.4502251125562786	0.00015736625288886863	0.0004934765048305589
-1.4372186093046526	0.00015796812016488637	0.0004899569053565811
-1.4242121060530266	0.00015857352798631652	0.00048647664076184594
-1.4112056028014006	0.00015918250472890527	0.0004830351064878391
-1.3981990995497746	0.00015979507905572454	0.00047963170984688386
-1.3851925962981486	0.00016041127992838522	0.0004762658697331501
-1.3721860930465226	0.0001610311366027073	0.00047293701634709695
-1.3591795897948966	0.00016165467862960803	0.00046964459092957433
-1.3461730865432706	0.00016228193587353168	0.0004663880455024749
-1.3331665832916464	0.00016291293850090316	0.00046316684261116237
-1.3201600800400204	0.00016354771699000903	0.0004599804550815545
-1.3071535767883944	0.00016418630213821395	0.0004568283657785388
-1.2941470735367684	0.0001648287250601843	0.0004537100673772665
-1.2811405702851424	0.00016547501719976765	0.00045062506213255915
-1.2681340670335164	0.00016612521031866834	0.00044757286165586496
-1.2551275637818904	0.0001667793365188741	0.0004445529867106446
-1.2421210605302644	0.00016743742823599472	0.00044156496699387926
-1.2291145572786384	0.0001680995182489209	0.00043860834093900625
-1.2161080540270142	0.00016876563967671565	0.000435682655512748
-1.2031015507753882	0.0001694358259926032	0.00043278746603603313
-1.1900950475237622	0.0001701101110259673	0.000429922335972055
-1.1770885442721362	0.0001707885289553568	0.00042708683677272763
-1.1640820410205102	0.00017147111432913587	0.00042428054768306467
-1.1510755377688842	0.00017215790206426274	0.00042150305557131507
-1.1380690345172582	0.00017284892745084157	0.0004187539547654273
-1.1250625312656322	0.00017354422614745957	0.00041603284688629394
-1.1120560280140062	0.00017424383421094092	0.00041333934068243927
-1.099049524762382	0.0001749477880733652	0.0004106730518889101
-1.086043021510756	0.0001756561245607191	0.00040803360306396197
-1.07303651825913	0.0001763688808998909	0.00040542062343729146
-1.060030015007504	0.00017708609472166792	0.00040283374878324896
-1.047023511755878	0.00017780780406140284	0.0004002726212655183
-1.034017008504252	0.00017853404737333545	0.0003977368893089972
-1.021010505252626	0.0001792648635227101	0.000395226207455468
-1.008004002001	0.00018000029180886834	0.00039274023625035515
-0.9949974987493739	0.00018074037195581205	0.0003902786421067228
-0.9819909954977479	0.00018148514412230643	0.0003878410971741575
-0.9689844922461237	0.00018223464891342633	0.0003854272792327418
-0.9559779889944977	0.0001829889273821106	0.00038303687156815425
-0.9429714857428717	0.00018374802103360288	0.00038066956285875975
-0.9299649824912457	0.00018451197182989265	0.0003783250470573707
-0.9169584792396197	0.00018528082220681252	0.0003760030232995426
-0.9039519759879937	0.00018605461506837617	0.0003737031957754544
-0.8909454727363677	0.00018683339379732544	0.0003714252736406465
-0.8779389694847417	0.0001876172022619027	0.0003691689709112156
-0.8649324662331157	0.0001884060848230673	0.0003669340063603421
-0.8519259629814915	0.00018920008634371044	0.0003647201034315817
-0.8389194597298655	0.0001899992521892102	0.0003625269901337269
-0.8259129564782395	0.00019080362823908903	0.00036035439895754084
-0.8129064532266135	0.00019161326088823483	0.00035820206678061073
-0.7998999499749875	0.00019242819706888348	0.00035606973478530257
-0.7868934467233615	0.00019324848423440955	0.00035395714835817493
-0.7738869434717355	0.00019407417039207786	0.0003518640570331355
-0.7608804402201095	0.00019490530409060902	0.0003497902143845266
-0.7478739369684835	0.0001957419344400524	0.0003477353779585135
-0.7348674337168575	0.00019658411111311835	0.000345699309197367
-0.7218609304652333	0.0001974318843519507	0.0003436817733573072
-0.7088544272136073	0.00019828530498633423	0.00034168253943522853
-0.6958479239619813	0.0001991444244309193	0.00033970138010130935
-0.6828414207103553	0.00020000929470365136	0.00033773807162795766
-0.6698349174587293	0.00020087996841444689	0.0003357923938058782
-0.6568284142071033	0.00020175649880038726	0.00033386412989566683
-0.6438219109554773	0.00020263893971816938	0.00033195306655320334
-0.6308154077038512	0.00020352734565742825	0.00033005899376248315
-0.6178089044522252	0.00020442177174584408	0.0003281817047786628
-0.604802401200601	0.00020532227375869017	0.00032632099605434117
-0.591795897948975	0.00020622890814514516	0.00032447666719770396
-0.578789394697349	0.00020714173200353514	0.0003226485208981389
-0.565782891445723	0.00020806080312718578	0.0003208363628707245
-0.552776388194097	0.00020898617999121072	0.0003190400018067141
-0.539769884942471	0.00020991792177071922	0.00031725924931003124
-0.526763381690845	0.0002108560883490318	0.00031549391985019604
-0.513756878439219	0.00021180074033044782	0.00031374383070248424
-0.500750375187593	0.0002127519390449084	0.0003120088019035183
-0.487743871935967	0.0002137097465696458	0.00031028865619298074
-0.4747373686843428	0.0002146742257312928	0.0003085832189734239
-0.4617308654327168	0.00021564544011198894	0.00030689231824987395
-0.4487243621810908	0.0002166234540800227	0.0003052157845928605
-0.4357178589294648	0.0002176083327808387	0.00030355345108457055
-0.4227113556778388	0.0002186001421584649	0.0003019051532834327
-0.4097048524262128	0.00021959894896805832	0.0003002707291673845
-0.3966983491745868	0.0002206048207827882	0.00029865001909790134
-0.3836918459229608	0.00022161782601015645	0.000297042865773145
-0.3706853426713348	0.0002226380339087619	0.00029544911419432385
-0.35767883941971057	0.00022366551459152006	0.0002938686116145117
-0.34467233616808457	0.00022470033904542497	0.00029230120750722843
-0.33166583291645857	0.0002257425791392098	0.0002907467535142594
-0.31865932966483257	0.00022679230763800184	0.000289205103428114
-0.30565282641320657	0.0002278495982331874	0.00028767611314006736
-0.29264632316158057	0.00022891452552720182	0.00028615964060207943
-0.27963981990995457	0.0002299871650730534	0.00028465554579870656
-0.26663331665832857	0.00023106759336810612	0.00028316369070580105
-0.25362681340670257	0.00023215588789282648	0.00028168393926353286
-0.24062031015507657	0.00023325212710378906	0.00028021615732587435
-0.22761380690345234	0.000234356390460988	0.00027876021265704765
-0.21460730365182634	0.0002354687584368298	0.00027731597486102544
-0.20160080040020034	0.0002365893125422236	0.0002758833153876372
-0.18859429714857434	0.00023771813532824648	0.0002744621074689535
-0.17558779389694834	0.00023885531041467623	0.00027305222611240243
-0.16258129064532234	0.0002400009224995392	0.00027165354805969155
-0.14957478739369634	0.00024115505738431242	0.00027026595175672075
-0.13656828414207034	0.00024231780197969677	0.00026888931733215493
-0.12356178089044434	0.00024348924433115204	0.0002675235265611198
-0.11055527763882012	0.0002446694736406574	0.00026616846284155393
-0.09754877438719411	0.0002458585802719293	0.0002648240111694511
-0.08454227113556811	0.00024705665578417246	0.00026349005810410997
-0.07153576788394211	0.00024826379293940715	0.0002621664917560329
-0.058529264632316114	0.0002494800857284485	0.00026085320174362714
-0.04552276138069011	0.0002507056293915566	0.0002595500791869876
-0.03251625812906411	0.0002519405204318703	0.00025825701666570833
-0.019509754877438112	0.00025318485664338475	0.0002569739082062261
-0.006503251625812112	0.00025443873712494014	0.0002557006492587277
0.006503251625813888	0.0002557022623104199	0.0002544371366620668
0.019509754877438112	0.00025697553398174033	0.00025318326863632556
0.03251625812906411	0.0002582586553012689	0.00025193894475650236
0.04552276138069011	0.0002595517308188189	0.0002507040659146531
0.058529264632316114	0.0002608548665118393	0.0002494785343264416
0.07153576788394211	0.00026216816979951485	0.0002482622534802914
0.08454227113556811	0.00026349174957063237	0.0002470551281502642
0.09754877438719411	0.0002648257162011225	0.0002458570643392166
0.11055527763882012	0.0002661701815845907	0.0002446679692887921
0.12356178089044612	0.00026752525916640124	0.00024348775144311663
0.13656828414207034	0.0002688910639506714	0.00024231632043303364
0.14957478739369634	0.00027026771254134996	0.00024115358706933154
0.16258129064532234	0.00027165532316364427	0.00023999946330310884
0.17558779389694834	0.00027305401569954757	0.00023885386221822458
0.18859429714857434	0.00027446391169316797	0.00023771669802596929
0.20160080040020034	0.0002758851344126789	0.00023658788602021197
0.21460730365182634	0.000277317808854316	0.00023546734258850233
0.22761380690345234	0.0002787620617809017	0.0002343549851794302
0.24062031015507834	0.0002802180217542638	0.00023325073228186444
0.25362681340670434	0.0002816858191626581	0.00023215450342550792
0.26663331665832857	0.0002831655862524096	0.00023106621915658376
0.27963981990995457	0.00028465745716754753	0.0002299858010095246
0.29264632316158057	0.0002861615679742302	0.00022891317151807478
0.30565282641320657	0.0002876780566957171	0.00022784825417410115
0.31865932966483257	0.0002892070633532251	0.00022679097343425436
0.33166583291645857	0.00029074872999468315	0.0002257412546897708
0.34467233616808457	0.0002923032007297044	0.00022469902425892307
0.35767883941971057	0.00029387062177566037	0.00022366420937180997
0.37068534267133657	0.00029545114149021057	0.0002226367381641392
0.3836918459229608	0.0002970449104006123	0.00022161653964536399
0.3966983491745868	0.00029865208125445797	0.00022060354370589952
0.4097048524262128	0.000300272809059976	0.00021959768109480748
0.4227113556778388	0.00030190725111867156	0.0002185988833975916
0.4357178589294648	0.00030355556707251097	0.00021760708304352505
0.4487243621810908	0.00030521791894611017	0.00021662221328255793
0.4617308654327168	0.00030689447118570357	0.00021564420816633234
0.4747373686843428	0.00030858539071143554	0.0002146730025539556
0.4877438719359688	0.00031029084695932685	0.00021370853207558493
0.5007503751875948	0.0003120110119192443	0.00021275073315385473
0.513756878439219	0.0003137460601987385	0.00021179954295835746
0.526763381690845	0.0003154961690619018	0.00021085489941830016
0.539769884942471	0.00031726151847333295	0.00020991674120085513
0.552776388194097	0.00031904229116164196	0.0002089850077051647
0.565782891445723	0.00032083867266363697	0.00020805963904424463
0.578789394697349	0.00032265085137450633	0.00020714057604653835
0.591795897948975	0.00032447901861443196	0.00020622776023948575
0.604802401200601	0.0003263233686627842	0.00020532113383175954
0.617808904452227	0.00032818409883883515	0.00020442063972003766
0.6308154077038512	0.00033006140954072727	0.0002035262214624689
0.6438219109554773	0.0003319555043166389	0.00020263782328222568
0.6568284142071033	0.00033386658991707563	0.00020175539004829712
0.6698349174587293	0.0003357948763601515	0.00020087886727593318
0.6828414207103553	0.0003377405769983133	0.00020000820111043538
0.6958479239619813	0.000339703908574962	0.0001991433383176089
0.7088544272136073	0.0003416850912966174	0.0001982842262776563
0.7218609304652333	0.00034368434890641453	0.00019743081298428944
0.7348674337168593	0.0003457019087315105	0.0001965830470154195
0.7478739369684853	0.00034773800178278247	0.00019574087755447334
0.7608804402201095	0.0003497928628082292	0.00019490425434798286
0.7738869434717355	0.000351866730371575	0.0001940731277276786
0.7868934467233615	0.00035395984693131766	0.00019324744858328913
0.7998999499749875	0.00035607245891344785	0.00019242716836820328
0.8129064532266135	0.00035820481680259864	0.000191612239078931
0.8259129564782395	0.0003603571752041068	0.00019080261325643555
0.8389194597298655	0.00036252979294482124	0.00018999824397492038
0.8519259629814915	0.0003647229331522617	0.00018919908483561176
0.8649324662331175	0.0003669368633485437	0.00018840508996176286
0.8779389694847417	0.0003691718555233203	0.00018761621398855066
0.8909454727363677	0.00037142818624391616	0.00018683241205286194
0.9039519759879937	0.0003737061367391492	0.00018605363979840028
0.9169584792396197	0.00037600599300169346	0.0001852798533543698
0.9299649824912457	0.00037832804588155966	0.00018451100933702946
0.9429714857428717	0.000380672591194231	0.00018374706484325376
0.9559779889944977	0.000383039929814033	0.00018298797744098483
0.9689844922461237	0.0003854303677914839	0.0001822337051655687
0.9819909954977497	0.0003878442164568785	0.00018148420651653563
0.9949974987493757	0.0003902817925309776	0.00018073944043428547
1.008004002001	0.00039274341824169223	0.0001799993663239574
1.021010505252626	0.00039522942144742945	0.00017926394402267842
1.034017008504252	0.0003977401357410093	0.0001785331338027829
1.047023511755878	0.00040027590058755447	0.0001778068963758095
1.060030015007504	0.0004028370614497234	0.00017708519286230295
1.07303651825913	0.00040542396991272156	0.0001763679848219013
1.086043021510756	0.000408036983822857	0.00017565523421114726
1.099049524762382	0.000410676467413551	0.00017494690340524865
1.112056028014008	0.0004133427914601029	0.0001742429551805369
1.1250625312656322	0.00041603633341613655	0.0001735433527036978
1.1380690345172582	0.0004187574775575964	0.00017284805954032034
1.1510755377688842	0.000421506615140399	0.00017215703964912343
1.1640820410205102	0.0004242841445578627	0.00017147025736130583
1.1770885442721362	0.00042709047148714596	0.00017078767738509804
1.1900950475237622	0.0004299260090731005	0.00017010926481098032
1.2031015507753882	0.0004327911780778182	0.00016943498509014443
1.2161080540270142	0.0004356864070684807	0.0001687648040386014
1.2291145572786402	0.0004386121325803405	0.0001680986878306312
1.2421210605302662	0.00044156879931145365	0.00016743660299700647
1.2551275637818904	0.0004445568603047567	0.0001667785164159996
1.2681340670335164	0.0004475767771350281	0.00016612439530738765
1.2811405702851424	0.0004506290201202745	0.00016547420724122297
1.2941470735367684	0.000453714068510358	0.00016482792011152103
1.3071535767883944	0.00045683241069993663	0.00016418550215713257
1.3201600800400204	0.000459984544450176	0.00016354692193754072
1.3331665832916464	0.00046317097710013577	0.00016291214833152878
1.3461730865432724	0.000466392225797585	0.0001622811505517241
1.3591795897948984	0.00046964881772670886	0.00016165389811506614
1.3721860930465226	0.0004729412903590191	0.00016103036085690636
1.3851925962981486	0.0004762701916856127	0.00016041050891557607
1.3981990995497746	0.000479636080482182	0.0001597943127317203
1.4112056028014006	0.0004830395265603693	0.0001591817430577347
1.4242121060530266	0.0004864811110396605	0.0001585727709330076
1.4372186093046526	0.0004899614266286045	0.0001579673676916915
1.4502251125562786	0.0004934810778982612	0.00015736550495615287
1.4632316158079046	0.0004970406815797412	0.00015676715464363333
1.4762381190595306	0.0005006408668655205	0.00015617228894326818
1.4892446223111566	0.0005042822757186372	0.00015558088032596729
1.5022511255627808	0.0005079655631875513	0.0001549929015431939
1.5152576288144068	0.000511691397737768	0.00015440832561020024
1.5282641320660328	0.0005154604615901226	0.00015382712582068248
1.5412706353176588	0.0005192734510662822	0.00015324927572768487
1.5542771385692848	0.0005231310769422404	0.0001526747491501501
1.5672836418209108	0.0005270340648331207	0.00015210352016126194
1.5802901450725368	0.0005309831555602162	0.00015153556309632776
1.5932966483241628	0.000534979105539013	0.0001509708525435638
1.6063031515757888	0.0005390226871986314	0.0001504093633348802
1.619309654827413	0.0005431146893928318	0.00014985107055554003
1.632316158079039	0.0005472559178166803	0.00014929594953483338
1.645322661330665	0.000551447195468513	0.0001487439758414144
1.658329164582291	0.0005556893630942472	0.00014819512528008172
1.671335667833917	0.0005599832796594484	0.0001476493738955531
1.684342171085543	0.0005643298228419358	0.0001471066979642499
1.697348674337169	0.0005687298895266091	0.0001465670739916325
1.710355177588795	0.0005731843963201477	0.0001460304787092026
1.723361680840421	0.0005776942800954643	0.00014549688907994351
1.736368184092047	0.0005822604985329383	0.0001449662822805564
1.7493746873436713	0.0005868840306957335	0.00014443863571211857
1.7623811905952973	0.0005915658776065591	0.0001439139269865386
1.7753876938469233	0.0005963070628738354	0.00014339213394032324
1.7883941970985493	0.0006011086333000959	0.0001428732346163697
1.8014007003501753	0.0006059716595286924	0.0001423572072634105
1.8144072036018013	0.0006108972367286913	0.00014184403034256388
1.8274137068534273	0.0006158864852778834	0.00014133368251800782
1.8404202101050533	0.0006209405514661093	0.00014082614265598092
1.8534267133566793	0.0006260606082524323	0.0001403213898244493
1.8664332166083035	0.0006312478560139834	0.00013981940328133824
1.8794397198599295	0.000636503523340437	0.00013932016249429413
1.8924462231115555	0.0006418288678581296	0.00013882364711015338
1.9054527263631815	0.0006472251770589521	0.0001383298369744823
1.9184592296148075	0.0006526937691916368	0.00013783871211991983
1.9314657328664335	0.0006582359941483817	0.00013735025276451207
1.9444722361180595	0.0006638532344209747	0.00013686443930982506
1.9574787393696855	0.0006695469060532533	0.00013638125234372023
1.9704852426213115	0.000675318459649521	0.00013590067263402617
1.9834917458729358	0.0006811693814232633	0.00013542268112187728
1.9964982491245618	0.0006871011942598537	0.00013494725893092863
2.0095047523761878	0.0006931154588369903	0.00013447438735536554
2.0225112556278138	0.0006992137747861005	0.0001340040478639004
2.0355177588794398	0.0007053977818858304	0.0001335362220908909
2.0485242621310658	0.0007116691613003878	0.00013307089184810827
2.0615307653826918	0.0007180296368753947	0.00013260803910786212
2.0745372686343178	0.0007244809764678228	0.0001321476460044435
2.0875437718859438	0.0007310249933304425	0.0001316896948472257
2.1005502751375698	0.0007376635475552229	0.00013123416809035504
2.113556778389194	0.0007443985475610315	0.00013078104836106164
2.12656328164082	0.0007512319516412846	0.00013033031843878717
2.139569784892446	0.0007581657695718835	0.0001298819612560731
2.152576288144072	0.0007652020642837654	0.000129435959905444
2.165582791395698	0.0007723429535916315	0.0001289922976286384
2.178589294647324	0.0007795906120010576	0.0001285509578182742
2.19159579789895	0.0007869472725783311	0.0001281119240211792
2.204602301150576	0.0007944152288935635	0.0001276751799225151
2.217608804402202	0.0008019968370465147	0.00012724070935665743
2.230615307653826	0.0008096945177691328	0.00012680849631130364
2.243621810905452	0.0008175107586171348	0.0001263785249049354
2.256628314157078	0.0008254481162419669	0.00012595077940391608
2.269634817408704	0.000833509218759465	0.00012552524421471922
2.28264132066033	0.0008416967682204346	0.00012510190387615694
2.295647823911956	0.0008500135431805944	0.00012468074306892785
2.308654327163582	0.0008584624013610043	0.00012426174660962186
2.321660830415208	0.0008670462824554859	0.0001238448994482777
2.334667333666834	0.00087576821101365	0.00012343018666205463
2.34767383691846	0.0008846312994770233	0.00012301759346533547
2.3606803401700844	0.0008936387513348576	0.00012260710520306528
2.3736868434217104	0.0009027938644112776	0.00012219870733853888
2.3866933466733364	0.0009121000342935393	0.00012179238547682658
2.3996998499249624	0.000921560757919937	0.0001213881253345761
2.4127063531765884	0.0009311796373144832	0.00012098591276143988
2.4257128564282144	0.0009409603834981128	0.00012058573372708548
2.4387193596798404	0.0009509068205421078	0.00012018757432430416
2.4517258629314664	0.0009610228898515594	0.00011979142075890792
2.4647323661830924	0.000971312654610923	0.00011939725937104573
2.4777388694347167	0.0009817803044166462	0.00011900507660200788
2.4907453726863427	0.0009924301601668128	0.00011861485902031621
2.5037518759379687	0.0010032666791313094	0.00011822659330595897
2.5167583791895947	0.0010142944602846704	0.00011784026625660804
2.5297648824412207	0.0010255182498751791	0.00011745586477374115
2.5427713856928467	0.0010369429472668612	0.00011707337588406919
2.5557778889444727	0.0010485736110328325	0.00011669278671577743
2.5687843921960987	0.0010604154653790498	0.00011631408450685221
2.5817908954477247	0.001072473906846838	0.00011593725660608012
2.5947973986993507	0.00108475451134471	0.00011556229047215982
2.607803901950975	0.0010972630415310158	0.00011518917366448722
2.620810405202601	0.0011100054545676308	0.00011481789384970575
2.633816908454227	0.0011229879102375717	0.00011444843880048516
2.646823411705853	0.0011362167794811695	0.00011408079639185775
2.659829914957479	0.0011496986533641174	0.00011371495459600034
2.672836418209105	0.0011634403525037085	0.00011335090149322546
2.685842921460731	0.0011774489369559271	0.00011298862525688236
2.698849424712357	0.0011917317166533214	0.00011262811416157259
2.711855927963983	0.0012062962623559104	0.0001122693565872579
2.724862431215607	0.0012211504171706355	0.000111912340998499
2.737868934467233	0.001236302308720516	0.0001115570559626633
2.750875437718859	0.0012517603619338624	0.00011120349014015485
2.763881940970485	0.0012675333125128363	0.00011085163228752304
2.776888444222111	0.001283630221173171	0.00011050147124802567
2.789894947473737	0.0013000604886264089	0.00011015299596806027
2.802901450725363	0.0013168338714165673	0.00010980619547307224
2.815907953976989	0.001333960498626885	0.00010946105888576252
2.828914457228615	0.0013514508895308142	0.00010911757541998135
2.841920960480241	0.0013693159722553139	0.00010877573437262367
2.8549274637318653	0.0013875671034986325	0.00010843552512806998
2.8679339669834913	0.0014062160893978382	0.00010809693716407054
2.8809404702351173	0.001425275207625254	0.00010775996003431487
2.8939469734867433	0.0014447572307648704	0.00010742458338786065
2.9069534767383693	0.001464675451106734	0.00010709079695037094
2.9199599799899953	0.0014850437069083844	0.00010675859053688175
2.9329664832416213	0.0015058764102724442	0.00010642795403470462
2.9459729864932473	0.0015271885767195181	0.00010609887742818458
2.9589794897448733	0.001548995856579083	0.00010577135076927924
2.9719859929964976	0.0015713145683866614	0.00010544536419432315
2.9849924962481236	0.0015941617343425696	0.00010512090792325068
2.9979989994997496	0.0016175551180516168	0.00010479797224749454
3.0110055027513773	0.001641513264712402	0.00010447654754031088
3.0240120060030016	0.0016660555438882119	0.00010415662425278249
3.037018509254626	0.0016912021951348555	0.00010383819290882279
3.0500250125062536	0.0017169743766313195	0.00010352124411294739
3.063031515757878	0.0017433942170981265	0.00010320576853717345
3.0760380190095056	0.0017704848712286614	0.00010289175693634078
3.08904452226113	0.001798270578965866	0.00010257920013079236
3.1020510255127576	0.0018267767288525638	0.00010226808901647733
3.115057528764382	0.0018560299258669755	0.00010195841456916988
3.1280640320160096	0.001886058064070606	0.00010165016781971126
3.141070535267634	0.0019168904044769564	0.00010134333988309763
3.1540770385192616	0.001948557658598582	0.00010103792193771888
3.167083541770886	0.0019810920781265784	0.00010073390523346326
3.18009004502251	0.002014527551298717	0.00010043128109249455
3.193096548274138	0.0020488997065466474	0.00010013004089537425
3.206103051525762	0.002084246024034675	9.983017610160072e-05
3.21910955477739	0.0021206059558314116	9.953167822251974e-05
3.232116058029014	0.0021580210554793533	9.923453885407607e-05
3.245122561280642	0.002196535117839904	9.893874964128635e-05
3.258129064532266	0.0022361943301507647	9.864430230543952e-05
3.271135567783894	0.0022770474353973613	9.835118862311365e-05
3.284142071035518	0.0023191459091148614	9.805940043972061e-05
3.2971485742871423	0.0023625441509750322	9.776892966550932e-05
3.31015507753877	0.0024072996926036705	9.747976826679494e-05
3.3231615807903943	0.0024534734232064537	9.719190827728319e-05
3.336168084042022	0.0025011298348598388	9.69053417870791e-05
3.3491745872936463	0.0025503372894503107	9.662006095367826e-05
3.362181090545274	0.002601168309498747	9.633605798742284e-05
3.3751875937968983	0.002653699895445727	9.605332516593457e-05
3.388194097048526	0.002708013872174564	9.577185481501882e-05
3.4012006003001503	0.0027641972679626203	9.549163932964788e-05
3.4142071035517745	0.0028223427294781223	9.521267115764065e-05
3.4272136068034023	0.0028825489768126156	9.493494280510273e-05
3.4402201100550265	0.002944921303135728	9.465844683509417e-05
3.4532266133066543	0.003009572124139548	9.438317586674128e-05
3.4662331165582785	0.0030766215830970722	9.410912257301618e-05
3.4792396198099063	0.003146198218209384	9.38362796880643e-05
3.4922461230615305	0.0032184396998087283	9.356463999754538e-05
3.5052526263131583	0.0032934936460494724	9.329419633574698e-05
3.5182591295647825	0.003371518526930961	9.302494159879604e-05
3.5312656328164067	0.0034526846680299483	9.275686873744249e-05
3.5442721360680345	0.0035371753668390626	9.248997074584597e-05
3.5572786393196587	0.0036251881367410643	9.222424067534263e-05
3.5702851425712865	0.0037169360958304587	9.195967163488916e-05
3.5832916458229107	0.0038126495205037525	9.169625677640791e-05
3.5962981490745385	0.003912577587038446	9.143398930322455e-05
3.6093046523261627	0.004016990327983416	9.117286247994905e-05
3.6223111555777905	0.004126180834793991	9.09128696061634e-05
3.6353176588294147	0.004240467743376164	9.065400404084656e-05
3.648324162081039	0.004360198045642694	9.039625919027294e-05
3.6613306653326667	0.004485750277648748	9.013962850601409e-05
3.674337168584291	0.00461753814422361	8.988410549093384e-05
3.6873436718359187	0.004756014650819873	8.962968369830016e-05
3.700350175087543	0.004901676826869372	8.937635672612299e-05
3.7133566783391707	0.005055071141060186	8.912411821393462e-05
3.726363181590795	0.005216799728826937	8.887296185400295e-05
3.7393696848424227	0.005387527576684148	8.862288138844487e-05
3.752376188094047	0.005567990838006742	8.837387059756896e-05
3.7653826913456747	0.00575900649193406	8.812592330864621e-05
3.778389194597299	0.005961483603191486	8.787903339879666e-05
3.791395697848923	0.006176436498288362	8.763319478399811e-05
3.804402201100551	0.006405000245959358	8.738840142463733e-05
3.817408704352175	0.006648448921218741	8.714464732850757e-05
3.830415207603803	0.006908217248730142	8.690192654492446e-05
3.843421710855427	0.007185926369812301	8.666023316628024e-05
3.856428214107055	0.007483414668783661	8.641956132693362e-05
3.869434717358679	0.007802774842097904	8.61799052075396e-05
3.882441220610307	0.008146398716962433	8.594125902106065e-05
3.895447723861931	0.008517031750853055	8.570361703286178e-05
3.9084542271135554	0.008917839705695707	8.54669735426139e-05
3.921460730365183	0.00935249074115907	8.523132289517399e-05
3.9344672336168074	0.009825257182111802	8.499665947292456e-05
3.947473736868435	0.010341142588144225	8.47629776978831e-05
3.9604802401200594	0.01090604163529052	8.453027203314534e-05
3.973486743371687	0.011526942926613604	8.429853698321832e-05
3.9864932466233114	0.012212188495410947	8.406776708524966e-05
3.999499749874939	0.012971808922950245	8.383795692512575e-05
4.012506253126563	0.013817960372083271	8.360910111926412e-05
4.025512756378188	0.014765500519488661	8.3381194322385e-05
4.038519259629815	0.01583275602075851	8.315423122984278e-05
4.05152576288144	0.017042557364321254	8.292820657640476e-05
4.064532266133067	0.01842365185988548	8.270311512603712e-05
4.077538769384692	0.020012658578544062	8.247895169055663e-05
4.090545272636319	0.021856810723896114	8.225571110775931e-05
4.103551775887944	0.024017857794254138	8.203338825607531e-05
4.116558279139571	0.026577698237695957	8.181197805301466e-05
4.129564782391196	0.029646623067955957	8.159147544806178e-05
4.14257128564282	0.03337552751922823	8.137187542089919e-05
4.155577788894448	0.03797414836958879	8.115317299983715e-05
4.168584292146072	0.04373829073289659	8.093536323228179e-05
4.1815907953977	0.05108972297627734	8.071844121304572e-05
4.194597298649324	0.060631108214427853	8.050240206369796e-05
4.207603801900952	0.07320832110511466	8.028724093867012e-05
4.220610305152576	0.08993243264936812	8.007295303213979e-05
4.233616808404204	0.11198709959459585	7.985953356404174e-05
4.246623311655828	0.1397504142477478	7.964697779672125e-05
4.259629814907456	0.17052894828170106	7.943528101339581e-05
4.27263631815908	0.19589361130981076	7.922443854091465e-05
4.285642821410704	0.20498885404687828	7.901444573166216e-05
4.298649324662332	0.19629322008740935	7.880529796944202e-05
4.311655827913956	0.18027088342938902	7.85969906758055e-05
4.324662331165584	0.1680296909368707	7.838951929506344e-05
4.337668834417208	0.16509975729299065	7.818287930994039e-05
4.350675337668836	0.17306996840152822	7.797706623202671e-05
4.36368184092046	0.19126056773021072	7.777207559933608e-05
4.376688344172088	0.215411924532394	7.75679029855203e-05
4.389694847423712	0.2352049611832222	7.736454399354109e-05
4.402701350675336	0.23832546771625818	7.716199425433778e-05
4.415707853926964	0.22325493932741447	7.69602494261612e-05
4.428714357178588	0.20122783389367882	7.675930520245622e-05
4.441720860430216	0.18352180907560245	7.65591573038682e-05
4.45472736368184	0.17472061958920526	7.635980147635557e-05
4.467733866933468	0.17384266088560973	7.616123349662995e-05
4.480740370185092	0.1759565348053873	7.596344917149e-05
4.49374687343672	0.17504877045205658	7.576644433593405e-05
4.506753376688344	0.16988960096259353	7.557021485105064e-05
4.5197598799399685	0.1651917992408175	7.537475660479576e-05
4.532766383191596	0.1659994830857633	7.518006551421319e-05
4.5457728864432205	0.17408614652306698	7.498613752165983e-05
4.558779389694848	0.18750033921208664	7.479296860224416e-05
4.5717858929464725	0.20129995428281344	7.460055475116967e-05
4.5847923961981	0.21193613268435285	7.440889199350487e-05
4.5977988994497245	0.22228955954914165	7.421797637852112e-05
4.610805402701352	0.2380689192902966	7.402780398790831e-05
4.6238119059529765	0.2597630507514993	7.383837092234113e-05
4.636818409204601	0.279228250085761	7.364967330769634e-05
4.6498249124562285	0.2851102442740754	7.346170730293533e-05
4.662831415707853	0.2748368253874033	7.327446908544921e-05
4.6758379189594805	0.2572289435862455	7.308795485949648e-05
4.688844422211105	0.2421964388718888	7.290216085775736e-05
4.7018509254627325	0.2325590114753907	7.271708333222993e-05
4.714857428714357	0.22579896583614756	7.253271856344501e-05
4.7278639319659845	0.22078065454847295	7.234906285624731e-05
4.740870435217609	0.21863098237723466	7.216611253235694e-05
4.7538769384692365	0.21747349539458682	7.198386395312895e-05
4.766883441720861	0.21200564767394559	7.180231348491439e-05
4.779889944972485	0.19928988597874964	7.162145753281113e-05
4.792896448224113	0.1823329088454685	7.144129251646092e-05
4.805902951475737	0.16731583557732044	7.126181488315009e-05
4.818909454727365	0.15874811633892127	7.108302110070408e-05
4.831915957978989	0.15796226192689744	7.090490765837565e-05
4.844922461230617	0.16361278076396335	7.072747107828015e-05
4.857928964482241	0.17199258962698372	7.055070788697382e-05
4.870935467733869	0.17925740506852061	7.037461465286832e-05
4.883941970985493	0.18587295743746013	7.019918795003743e-05
4.896948474237117	0.19615713728444162	7.00244243866388e-05
4.909954977488745	0.2121904978548147	6.98503205883716e-05
4.922961480740369	0.22894967760964513	6.967687319825444e-05
4.935967983991997	0.23489707324413323	6.950407888672849e-05
4.948974487243621	0.22250771646142287	6.93319343416654e-05
4.961980990495249	0.1977781120880292	6.916043627669399e-05
4.974987493746873	0.1725014604627667	6.898958142287359e-05
4.987993996998501	0.1538937212305107	6.88193665325798e-05
5.001000500250125	0.14403948006316436	6.864978837872737e-05
5.014007003501749	0.14273742173688386	6.848084375310481e-05
5.027013506753377	0.14874519430242672	6.831252947436806e-05
5.040020010005001	0.15925699560088968	6.814484237194218e-05
5.053026513256629	0.16950133501171216	6.797777930456217e-05
5.066033016508253	0.17459385883207001	6.781133714139909e-05
5.079039519759881	0.17178470849386807	6.76455127839315e-05
5.092046023011505	0.16196007210621988	6.748030313763476e-05
5.105052526263133	0.1503084520604514	6.731570514240115e-05
5.118059029514757	0.14266606232478585	6.715171574522838e-05
5.131065532766382	0.14215742368019468	6.698833192031461e-05
5.144072036018009	0.14913264744640498	6.682555065884443e-05
5.157078539269634	0.1612010518744038	6.666336896410385e-05
5.170085042521261	0.17263565670529735	6.650178387301864e-05
5.183091545772886	0.17688491103431936	6.634079242406887e-05
5.196098049024513	0.17230956998133717	6.618039168926337e-05
5.209104552276138	0.16196458466038288	6.602057874782741e-05
5.2221110555277654	0.14837823305425313	6.586135070085763e-05
5.23511755877939	0.1337444440133877	6.570270466721428e-05
5.2481240620310174	0.12150000437473418	6.554463778851716e-05
5.261130565282642	0.11448607807073108	6.538714721626704e-05
5.274137068534266	0.11387587738206673	6.523023012272589e-05
5.287143571785894	0.11949987172574839	6.507388369869638e-05
5.300150075037518	0.1294130258072591	6.491810515463214e-05
5.313156578289146	0.13843667666649795	6.476289171042371e-05
5.32616308154077	0.1390996487574473	6.460824060949832e-05
5.339169584792398	0.12828595408232246	6.445414911215863e-05
5.352176088044022	0.11080870011732646	6.430061449314017e-05
5.36518259129565	0.09319617381802914	6.41476340461633e-05
5.378189094547274	0.07866947549360293	6.399520507660572e-05
5.391195597798898	0.0677291026406206	6.384332491160549e-05
5.404202101050526	0.05982290390249356	6.369199089295563e-05
5.41720860430215	0.05423168407468559	6.354120037999067e-05
5.430215107553778	0.05042643489006593	6.339095074370249e-05
5.443221610805402	0.048112349916994646	6.32412393756221e-05
5.45622811405703	0.047158361818987804	6.30920636832677e-05
5.469234617308654	0.04756738484339873	6.294342108692508e-05
5.482241120560282	0.04948518321691786	6.2795309021757e-05
5.495247623811906	0.05317817508474121	6.264772494335435e-05
5.50825412706353	0.05891071867836739	6.250066631863227e-05
5.521260630315158	0.06659399638580399	6.235413063215844e-05
5.534267133566782	0.07503645846125506	6.220811538093507e-05
5.54727363681841	0.08141259518663535	6.206261807983893e-05
5.560280140070034	0.08302393749502235	6.191763625706947e-05
5.573286643321662	0.08057557229540813	6.177316745781258e-05
5.586293146573286	0.07750832948576336	6.16292092385784e-05
5.599299649824914	0.07670224142176607	6.148575917208632e-05
5.612306153076538	0.07958077461673352	6.13428148452666e-05
5.625312656328163	0.08691267949101433	6.120037386170285e-05
5.63831915957979	0.09943755515926145	6.105843383719112e-05
5.651325662831415	0.11783105128196159	6.091699240562409e-05
5.664332166083042	0.14166722498184192	6.0776047201671624e-05
5.677338669334667	0.16704074326702756	6.06355958950866e-05
5.690345172586294	0.1850725415776182	6.04956361505149e-05
5.703351675837919	0.18765598423424357	6.035616565891466e-05
5.716358179089546	0.17689170571703383	6.021718211812743e-05
5.729364682341171	0.16151120947651054	6.007868324464649e-05
5.742371185592798	0.1467174188194319	5.9940666760960326e-05
5.755377688844423	0.1337368425901918	5.980313040865326e-05
5.768384192096047	0.12405951263644432	5.966607194574092e-05
5.781390695347675	0.11945460439591216	5.952948913401368e-05
5.794397198599299	0.11987573781258665	5.939337975779946e-05
5.807403701850927	0.12266673315562993	5.92577416090867e-05
5.820410205102551	0.12403212276188247	5.912257249229835e-05
5.833416708354179	0.12293866918318763	5.898787022773355e-05
5.846423211605803	0.12199785022883536	5.8853632652677845e-05
5.859429714857431	0.12326583752658993	5.8719857601752246e-05
5.872436218109055	0.12585033425702064	5.858654294066401e-05
5.885442721360679	0.12776993949825333	5.8453686533566085e-05
5.898449224612307	0.12763762689538616	5.832128626526156e-05
5.911455727863931	0.12380652273271753	5.818934002921328e-05
5.924462231115559	0.11495083619898372	5.805784573298389e-05
5.937468734367183	0.10176924155918976	5.792680129534933e-05
5.950475237618811	0.08702986167198146	5.779620464752e-05
5.963481740870435	0.07372284777932503	5.766605372936606e-05
5.976488244122063	0.06332272445060327	5.753634649863226e-05
5.989494747373687	0.0559440795026962	5.7407080922611264e-05
6.002501250625311	0.0511972299113338	5.727825497769956e-05
6.015507753876939	0.048699899028871174	5.714986665261712e-05
6.028514257128563	0.04825206968325346	5.702191395107192e-05
6.041520760380191	0.049876016446480986	5.6894394888207245e-05
6.054527263631815	0.053815509487032176	5.6767307483607254e-05
6.067533766883443	0.06047989456395875	5.664064977595196e-05
6.080540270135067	0.07018736647692403	5.651441980891736e-05
6.093546773386695	0.08237595314006885	5.6388615647051665e-05
6.106553276638319	0.09413400905858393	5.626323535568023e-05
6.1195597798899435	0.09984096241329332	5.613827701633767e-05
6.132566283141571	0.09549235365064845	5.601373871688686e-05
6.1455727863931955	0.0836006474171318	5.588961856317631e-05
6.158579289644823	0.06994582039835906	5.576591466804892e-05
6.1715857928964475	0.058179979178350494	5.564262515267426e-05
6.184592296148075	0.04923912699054256	5.55197481540981e-05
6.1975987993996995	0.04283248502218906	5.539728181502834e-05
6.210605302651327	0.03842614529057198	5.5275224293049874e-05
6.2236118059029515	0.03557673224526059	5.515357374974439e-05
6.236618309154579	0.033986667269985116	5.503232836934213e-05
6.2496248124062035	0.03349340505376153	5.491148632941201e-05
6.262631315657828	0.03405482355785239	5.479104583150374e-05
6.2756378189094555	0.035740042117685666	5.467100508027567e-05
6.28864432216108	0.03871544134031846	5.455136229437496e-05
6.3016508254127075	0.043182955564429526	5.4432115700442374e-05
6.314657328664332	0.04915926232292189	5.431326353666499e-05
6.3276638319159595	0.055949720047795304	5.419480404456056e-05
6.340670335167584	0.06162029849906725	5.40767354868521e-05
6.3536768384192115	0.06394012311645492	5.3959056127594884e-05
6.366683341670836	0.06295036506455254	5.3841764244055845e-05
6.37968984492246	0.061143083445469926	5.3724858116277474e-05
6.392696348174088	0.06095770772928377	5.360833604650672e-05
6.405702851425712	0.06371249701355552	5.349219633321578e-05
6.41870935467734	0.07012909583609939	5.3376437296193124e-05
6.431715857928964	0.08085962455043672	5.326105725378394e-05
6.444722361180592	0.09643657969383113	5.31460545432072e-05
6.457728864432216	0.11632862905415609	5.3031427503680284e-05
6.470735367683844	0.13691107785134182	5.291717448507871e-05
6.483741870935468	0.15056100189277766	5.2803293852599076e-05
6.496748374187092	0.15110763889010848	5.268978397032775e-05
6.50975487743872	0.14117002202630435	5.257664321889344e-05
6.522761380690344	0.12809285844451113	5.246386998380981e-05
6.535767883941972	0.11592467619798386	5.2351462664690374e-05
6.548774387193596	0.10558752254570536	5.223941966248091e-05
6.561780890445224	0.0981123257961296	5.2127739390783745e-05
6.574787393696848	0.09459421150080571	5.201642027652387e-05
6.587793896948476	0.09482974545755407	5.190546074496094e-05
6.6008004002001	0.09677006848933445	5.179485923934024e-05
6.613806903451724	0.09733343031050878	5.168461420823611e-05
6.626813406703352	0.09524030397788519	5.157472410544095e-05
6.639819909954976	0.09217545613587741	5.146518739684858e-05
6.652826413206604	0.09015211548100566	5.135600255468109e-05
6.665832916458228	0.0895515312232964	5.124716806148566e-05
6.678839419709856	0.08895654408367926	5.113868240935737e-05
6.69184592296148	0.08603935090088399	5.103054409294483e-05
6.704852426213108	0.07986203778616119	5.0922751618109885e-05
6.717858929464732	0.0721304752939329	5.081530350281582e-05
6.73086543271636	0.06538457407531562	5.070819826702433e-05
6.743871935967984	0.06087357588054987	5.060143443991194e-05
6.756878439219609	0.0582532969184576	5.049501056086925e-05
6.769884942471236	0.056377435594097025	5.0388925175504085e-05
6.782891445722861	0.05460873422881085	5.0283176838195054e-05
6.795897948974488	0.05353866809268082	5.017776411186947e-05
6.808904452226113	0.05429099701645379	5.007268556211919e-05
6.82191095547774	0.05772183756198912	4.996793977174452e-05
6.834917458729365	0.06421871999509032	4.9863525320104074e-05
6.847923961980992	0.07332292961467146	4.975944079921302e-05
6.860930465232617	0.08265844862296357	4.965568481318794e-05
6.873936968484241	0.08750002627826081	4.95522559664785e-05
6.886943471735869	0.08412729473153224	4.9449152873415336e-05
6.899949974987493	0.07423497775018861	4.934637415776599e-05
6.912956478239121	0.06267055609886885	4.924391844862708e-05
6.925962981490745	0.052704403595235205	4.9141784380202225e-05
6.938969484742373	0.04526643651722995	4.903997059935161e-05
6.951975987993997	0.04016213790228085	4.8938475756266087e-05
6.964982491245625	0.03690923015349479	4.883729850779783e-05
6.977988994497249	0.03501225283617071	4.8736437522900466e-05
6.990995497748873	0.03402986454447665	4.8635891470083514e-05
7.004002001000501	0.03362061247157122	4.853565903106816e-05
7.017008504252125	0.03360457995945376	4.8435738889018864e-05
7.030015007503753	0.034078878202133955	4.833612974408652e-05
7.043021510755377	0.0353681124137456	4.82368302884284e-05
7.056028014007005	0.037821458474774805	4.813783923374171e-05
7.069034517258629	0.04174304802858153	4.803915529383307e-05
7.082041020510257	0.047383402066320635	4.7940777187616135e-05
7.095047523761881	0.05480188078837189	4.7842703642997364e-05
7.108054027013505	0.06366923356254783	4.77449333937674e-05
7.121060530265133	0.07356861018049043	4.764746517993412e-05
7.134067033516757	0.08480586339416729	4.755029774927699e-05
7.147073536768385	0.09780172414692212	4.745342985612577e-05
7.160080040020009	0.1108647034283865	4.7356860257474764e-05
7.173086543271637	0.11983797220301073	4.726058772586139e-05
7.186093046523261	0.12161036300299477	4.716461103049241e-05
7.199099549774889	0.1171119166310659	4.7068928949789424e-05
7.212106053026513	0.10914737126359442	4.697354027127787e-05
7.2251125562781375	0.09974716603037892	4.6878443785147716e-05
7.238119059529765	0.0905216025831902	4.678363829324628e-05
7.2511255627813895	0.08299638227633788	4.668912259864211e-05
7.264132066033017	0.07779674317166663	4.659489550884466e-05
7.2771385692846415	0.0739595368032826	4.650095584557423e-05
7.290145072536269	0.06988723292894505	4.640730242744251e-05
7.3031515757878935	0.06517453190504152	4.631393408571771e-05
7.316158079039521	0.060861686723606145	4.6220849655664864e-05
7.3291645822911455	0.05828894725482725	4.612804797765602e-05
7.342171085542773	0.05826776345138829	4.603552789828047e-05
7.3551775887943975	0.06095527959425995	4.5943288267014104e-05
7.368184092046022	0.06580448575554998	4.585132795520419e-05
7.3811905952976495	0.0714013572731661	4.575964581188252e-05
7.394197098549274	0.07590565445913267	4.5668240714946684e-05
7.4072036018009015	0.07833403202068834	4.557711154040689e-05
7.420210105052526	0.07953220725271715	4.5486257171822864e-05
7.4332166083041535	0.08132172976883034	4.539567649031184e-05
7.446223111555778	0.08422816073427375	4.5305368395864853e-05
7.4592296148074055	0.08666786224905476	4.521533178480919e-05
7.47223611805903	0.0871819504398178	4.512556556079961e-05
7.485242621310654	0.08689611922908147	4.503606863570653e-05
7.498249124562282	0.08805625929998462	4.4946839922510584e-05
7.511255627813906	0.0908758849188861	4.485787834329624e-05
7.524262131065534	0.0926825351497148	4.476918282758646e-05
7.537268634317158	0.09017350126642087	4.468075230246171e-05
7.550275137568786	0.08260430459347057	4.459258570743696e-05
7.56328164082041	0.07228348413030827	4.4504681988355443e-05
7.576288144072038	0.0623123501870948	4.44170400880628e-05
7.589294647323662	0.054487691339574984	4.432965896150609e-05
7.602301150575286	0.04921264838982442	4.424253756840635e-05
7.615307653826914	0.04629694209465429	4.4155674872370376e-05
7.628314157078538	0.045499981351314056	4.406906983933645e-05
7.641320660330166	0.04673800885528523	4.398272144912063e-05
7.65432716358179	0.050142833325779956	4.3896628679096494e-05
7.667333666833418	0.05606497130995336	4.381079051096748e-05
7.680340170085042	0.06499471141324886	4.372520593520779e-05
7.69334667333667	0.0772407743568777	4.363987394728763e-05
7.706353176588294	0.09212838387897093	4.355479354412051e-05
7.719359679839918	0.10691378994744605	4.346996373716383e-05
7.732366183091546	0.11666702159925024	4.338538352799404e-05
7.74537268634317	0.11653984533325801	4.3301051933397616e-05
7.758379189594798	0.10619105530772599	4.321696797737751e-05
7.771385692846422	0.09084942202397439	4.313313067805247e-05
7.78439219609805	0.07613952113539235	4.304953906875131e-05
7.7973986993496744	0.06462597245634949	4.296619217591946e-05
7.810405202601302	0.05660065103163958	4.2883089047318634e-05
7.8234117058529264	0.051581226682616554	4.280022871860911e-05
7.836418209104554	0.049056124822876024	4.271761024510212e-05
7.8494247123561784	0.04871091716356746	4.263523267533653e-05
7.862431215607803	0.05046784915421032	4.255309506573379e-05
7.8754377188594304	0.05447682001487897	4.2471196480819984e-05
7.888444222111055	0.0610678300445332	4.238953598478812e-05
7.9014507253626824	0.07056616980632058	4.2308112651823215e-05
7.914457228614307	0.08274981580880669	4.222692555744256e-05
7.9274637318659344	0.09590084906965368	4.214597377782958e-05
7.940470235117559	0.10667127220404804	4.206525640448877e-05
7.9534767383691864	0.11280632332220397	4.19847725188216e-05
7.966483241620811	0.11610582907717204	4.190452122010413e-05
7.979489744872435	0.1201389770018545	4.182450160561402e-05
7.992496248124063	0.1255254951657011	4.1744712774738346e-05
8.005502751375687	0.12915008982447185	4.166515384007585e-05
8.018509254627315	0.12864396149290025	4.15858239088962e-05
8.031515757878939	0.12591696035934963	4.150672209668471e-05
8.044522261130567	0.12366563726151836	4.142784752714235e-05
8.057528764382191	0.12158170908375265	4.134919931741976e-05
8.070535267633819	0.1180098535574341	4.1270776601654013e-05
8.083541770885443	0.11312839749739156	4.119257851342706e-05
8.096548274137067	0.10890955966864047	4.111460418354529e-05
8.109554777388695	0.10747084303202892	4.1036852756581865e-05
8.12256128064032	0.11044871270598788	4.0959323380884705e-05
8.135567783891947	0.11831389473258558	4.088201520024981e-05
8.148574287143571	0.12927197003694701	4.080492736724395e-05
8.161580790395199	0.13909241109708725	4.0728059046535314e-05
8.174587293646823	0.14303783684066784	4.0651409392689075e-05
8.187593796898451	0.13905956138455844	4.0574977573593074e-05
8.200600300150075	0.1298728845531758	4.049876275802333e-05
8.2136068034017	0.12098618095585312	4.042276412352663e-05
8.226613306653327	0.1165530892138652	4.0346980841543534e-05
8.239619809904951	0.11764951629796017	4.0271412097170334e-05
8.25262631315658	0.12196555711429546	4.0196057074171065e-05
8.265632816408203	0.12390056090844181	4.012091496208292e-05
8.278639319659831	0.11831349797437585	4.004598495410683e-05
8.291645822911455	0.1061555930202489	3.997126624721847e-05
8.304652326163083	0.0927288150560488	3.989675804161319e-05
8.317658829414707	0.08177967912788353	3.982245954226027e-05
8.330665332666335	0.07386966356424296	3.974836995990216e-05
8.34367183591796	0.06794577849514827	3.9674488498619986e-05
8.356678339169584	0.06336562569833692	3.960081438059149e-05
8.369684842421211	0.06061527080193474	3.952734682721726e-05
8.382691345672836	0.060486650777498596	3.9454085057677446e-05
8.395697848924463	0.06339577197014024	3.9381028299256826e-05
8.408704352176088	0.06911117764854369	3.930817578190471e-05
8.421710855427715	0.07628326299814547	3.923552674134356e-05
8.43471735867934	0.08245710653276617	3.916308041673755e-05
8.447723861930967	0.08593259202184589	3.909083604536345e-05
8.460730365182592	0.08710087471147943	3.9018792874712105e-05
8.473736868434216	0.08644878417436319	3.894695015171923e-05
8.486743371685844	0.0831385808124353	3.887530713087006e-05
8.499749874937468	0.07636501564915354	3.880386306587269e-05
8.512756378189096	0.06685139893237058	3.873261721665244e-05
8.52576288144072	0.0565211919233094	3.866156884346772e-05
8.538769384692348	0.04718955182178852	3.859071721490359e-05
8.551775887943972	0.0397126419235857	3.8520061597879796e-05
8.5647823911956	0.034153923504258055	3.844960126808683e-05
8.577788894447224	0.03028080046568893	3.837933549655226e-05
8.590795397698848	0.027844068244468168	3.830926356840347e-05
8.603801900950476	0.02667777356840695	3.8239384763216755e-05
8.6168084042021	0.02671347216882869	3.816969836756279e-05
8.629814907453728	0.027926556303650374	3.8100203671898036e-05
8.642821410705352	0.03017597428268548	3.803089997178599e-05
8.65582791395698	0.0328756056668037	3.7961786556017785e-05
8.668834417208604	0.03470351606138189	3.789286273014891e-05
8.681840920460232	0.0342180351867204	3.78241277934066e-05
8.694847423711856	0.03130843989685628	3.77555810515684e-05
8.70785392696348	0.027195986879055112	3.7687221814852734e-05
8.720860430215108	0.023048427591054854	3.761904939814098e-05
8.733866933466732	0.01940357689207861	3.7551063111762595e-05
8.74687343671836	0.01640229588147868	3.7483262277149265e-05
8.759879939969984	0.01401744830857743	3.741564621717597e-05
8.772886443221612	0.012150980644180853	3.734821425160906e-05
8.785892946473236	0.01069141733761414	3.728096571264938e-05
8.798899449724864	0.009541190260377697	3.7213899928167926e-05
8.811905952976488	0.008623583368244758	3.714701623724892e-05
8.824912456228116	0.007881413636925516	3.708031397120504e-05
8.83791895947974	0.007272166693059856	3.701379247211811e-05
8.850925462731364	0.006762647460541449	3.694745108839825e-05
8.863931965982992	0.00632710929487057	3.688128915757538e-05
8.876938469234616	0.005949754600676815	3.681530603116823e-05
8.889944972486244	0.0056229607595366105	3.67495010655805e-05
8.902951475737868	0.005339271321139205	3.6683873611553786e-05
8.915957978989496	0.005088036743535529	3.6618423026935076e-05
8.92896448224112	0.0048589934596258155	3.655314867589965e-05
8.941970985492748	0.00464350238571376	3.64880499217346e-05
8.954977488744372	0.004434654652566428	3.642312612672782e-05
8.967983991995997	0.00423244898565267	3.635837666349229e-05
8.980990495247624	0.004041659060440184	3.629380090497403e-05
8.993996998499249	0.003864532484961658	3.6229398224896237e-05
9.007003501750876	0.003700722256148481	3.61651680034214e-05
9.0200100050025	0.003549211541858166	3.6101109618491556e-05
9.033016508254128	0.003408659391668012	3.603722245648644e-05
9.046023011505753	0.003278340598174001	3.597350590156534e-05
9.05902951475738	0.0031581078914495464	3.59099593436607e-05
9.072036018009005	0.0030474936510987982	3.5846582176035646e-05
9.085042521260629	0.0029455492775085634	3.578337379217533e-05
9.098049024512257	0.002851194368850951	3.57203335874523e-05
9.111055527763881	0.0027634555773816682	3.565746096612088e-05
9.124062031015509	0.00268151353477164	3.5594755327883476e-05
9.137068534267133	0.002604644061395711	3.553221608021406e-05
9.15007503751876	0.002532134200481484	3.546984262892128e-05
9.163081540770385	0.0024633174088709575	3.540763438669714e-05
9.176088044022013	0.0023977785417925723	3.534559076467936e-05
9.189094547273637	0.0023353863361769145	3.528371118166618e-05
9.202101050525261	0.0022760599887404753	3.5221995055012556e-05
9.215107553776889	0.002219640325427763	3.5160441804293896e-05
9.228114057028513	0.0021659198061751983	3.509905085596898e-05
9.241120560280141	0.0021146894058359234	3.5037821635164335e-05
9.254127063531765	0.002065758375969007	3.4976753572113495e-05
9.267133566783393	0.0020189575801230486	3.491584609471854e-05
9.280140070035017	0.001974137399709197	3.4855098640207416e-05
9.293146573286645	0.0019311646933976023	3.4794510640034915e-05
9.30615307653827	0.0018899200876423272	3.4734081542531214e-05
9.319159579789897	0.0018502958056634267	3.4673810780150305e-05
9.332166083041521	0.0018121939643448437	3.461369780100032e-05
9.345172586293145	0.0017755252287277035	3.4553742048304414e-05
9.358179089544773	0.0017402077314447872	3.449394297749819e-05
9.371185592796397	0.0017061661890765967	3.4434300029695386e-05
9.384192096048025	0.0016733311672370021	3.437481267054565e-05
9.39719859929965	0.0016416384603593626	3.4315480344382365e-05
9.410205102551277	0.0016110285617372266	3.4256302515411896e-05
9.423211605802901	0.0015814462060163015	3.419727864351074e-05
9.43621810905453	0.0015528399708163443	3.413840819577185e-05
9.449224612306153	0.0015251619273222161	3.407969062907412e-05
9.462231115557778	0.001498367331969841	3.402112541917024e-05
9.475237618809405	0.0014724143529737388	3.3962712032820086e-05
9.48824412206103	0.001447263826629741	3.3904449941224435e-05
9.501250625312657	0.0014228790393394641	3.3846338624021755e-05
9.514257128564282	0.0013992255319166258	3.378837755185771e-05
9.52726363181591	0.0013762709234067527	3.373056620914472e-05
9.540270135067534	0.0013539847519462578	3.367290407363388e-05
9.553276638319161	0.0013323383307599634	3.3615390631958064e-05
9.566283141570786	0.0013113046174635379	3.3558025368862765e-05
9.57928964482241	0.0012908580952517568	3.350080777453357e-05
9.592296148074038	0.0012709746647077136	3.344373733704664e-05
9.605302651325662	0.001251631545105325	3.3386813549807215e-05
9.61830915457729	0.001232807184301521	3.333003591032835e-05
9.631315657828914	0.0012144811764022156	3.3273403912903454e-05
9.644322161080542	0.0011966341866013197	3.321691705582275e-05
9.657328664332166	0.0011792478826132546	3.316057484425983e-05
9.670335167583794	0.0011623048724535012	3.3104376777393085e-05
9.683341670835418	0.0011457886483409174	3.304832236605826e-05
9.696348174087042	0.001129683536885806	3.2992411114096676e-05
9.70935467733867	0.0011139746557156105	3.293664253367634e-05
9.722361180590294	0.001098647876463188	3.28810161351889e-05
9.735367683841922	0.0010836897917204658	3.2825531434022004e-05
9.748374187093546	0.001069087674699265	3.2770187947228635e-05
9.761380690345174	0.0010548293934693476	3.27149851919728e-05
9.774387193596798	0.0010409031833124027	3.265992268663975e-05
9.787393696848426	0.0010272971606625214	3.260499995971777e-05
9.80040020010005	0.001013998879981881	3.255021653125745e-05
9.813406703351678	0.001000996198878501	3.2495571929636036e-05
9.826413206603302	0.000988279373825507	3.2441065677790704e-05
9.839419709854926	0.0009758409662660172	3.2386697314867874e-05
9.852426213106554	0.0009636736900061615	3.233246636669129e-05
9.865432716358178	0.0009517695759932998	3.227837237407272e-05
9.878439219609806	0.0009401203870348374	3.222441486572247e-05
9.89144572286143	0.0009287180422323793	3.2170593387115254e-05
9.904452226113058	0.0009175547835600373	3.211690747728646e-05
9.917458729364682	0.0009066232045163991	3.206335667504945e-05
9.93046523261631	0.0008959162341141136	3.2009940528543446e-05
9.943471735867934	0.0008854271123385216	3.1956658581688835e-05
9.956478239119559	0.0008751493674359345	3.190351038617756e-05
9.969484742371186	0.0008650767969660134	3.185049548670715e-05
9.98249124562281	0.0008552034524595964	3.17976134406317e-05
9.995497748874438	0.0008455236271029953	3.174486380008723e-05
10.008504252126063	0.0008360318457402149	3.169224611832e-05
10.02151075537769	0.0008267228551789296	3.163975995612578e-05
10.034517258629315	0.0008175916084183221	3.1587404871635805e-05
10.047523761880942	0.0008086332243254502	3.153518042664505e-05
10.060530265132567	0.0007998428879494313	3.148308618372564e-05
10.07353676838419	0.0007912156966838335	3.143112171011264e-05
10.086543271635819	0.0007827466877206035	3.1379286569932496e-05
10.099549774887443	0.0007744313390843915	3.1327580332640714e-05
10.11255627813907	0.0007662659201680411	3.127600256991325e-05
10.125562781390695	0.0007582470346402248	3.1224552852315846e-05
10.138569284642323	0.0007503711656429157	3.1173230756520454e-05
10.151575787893947	0.0007426346872390077	3.112203585742268e-05
10.164582291145575	0.0007350340031501146	3.10709677302512e-05
10.177588794397199	0.0007275656212808457	3.102002595578579e-05
10.190595297648823	0.0007202261738212812	3.0969210116693624e-05
10.20360180090045	0.0007130124161124352	3.091851979442062e-05
10.216608304152075	0.0007059212200863918	3.086795457474256e-05
10.229614807403703	0.0006989495674945001	3.0817514040548666e-05
10.242621310655327	0.0006920945441764026	3.0767197785608325e-05
10.255627813906955	0.0006853533354576058	3.071700539569733e-05
10.268634317158579	0.0006787232226029838	3.066693646203156e-05
10.281640820410207	0.0006722015797825387	3.061699058237721e-05
10.294647323661831	0.0006657858697746155	3.056716734661791e-05
10.307653826913459	0.0006594736330266526	3.0517466351964728e-05
10.320660330165083	0.0006532624572211931	3.0467887197072052e-05
10.333666833416707	0.0006471499154160343	3.0418429484035947e-05
10.346673336668335	0.0006411335244963512	3.036909281195488e-05
10.35967983991996	0.000635210883121462	3.0319876784701272e-05
10.372686343171587	0.000629379915210615	3.0270781006813685e-05
10.385692846423211	0.0006236388028326711	3.0221805085606235e-05
10.398699349674839	0.0006179857300311342	3.017294862517339e-05
10.411705852926463	0.000612418813771054	3.0124211241933097e-05
10.424712356178091	0.0006069361610290258	3.0075592543088447e-05
10.437718859429715	0.0006015359156421596	3.0027092140172407e-05
10.45072536268134	0.0005962162751864675	2.997870965115723e-05
10.463731865932967	0.0005909754932547084	2.9930444689019176e-05
10.476738369184591	0.0005858118772532617	2.9882296874172987e-05
10.48974487243622	0.0005807237853799885	2.9834265821704342e-05
10.502751375687843	0.0005757096238686588	2.9786351156246837e-05
10.515757878939471	0.000570767844579434	2.973855249865931e-05
10.528764382191095	0.0005658969429304106	2.9690869471354908e-05
10.541770885442723	0.0005610954560879566	2.964330170196483e-05
10.554777388694347	0.0005563619613296877	2.959584881456756e-05
10.567783891945972	0.000551695074549996	2.9548510440680076e-05
10.5807903951976	0.0005470934488848167	2.9501286208932775e-05
10.593796898449224	0.0005425557733942377	2.9454175748844236e-05
10.606803401700851	0.0005380807718586844	2.9407178695706193e-05
10.619809904952476	0.0005336672015948674	2.9360294681479715e-05
10.632816408204103	0.0005293138523649876	2.9313523346008452e-05
10.645822911455728	0.0005250195453123663	2.926686432158654e-05
10.658829414707355	0.0005207831319720135	2.9220317248390693e-05
10.67183591795898	0.0005166034932898578	2.9173881768707055e-05
10.684842421210604	0.0005124795387406733	2.912755752404461e-05
10.697848924462232	0.0005084102054383477	2.908134415513519e-05
10.710855427713856	0.0005043944573620562	2.903524130881685e-05
10.723861930965484	0.0005004312845733327	2.898924862937413e-05
10.736868434217108	0.0004965197025696977	2.894336576653167e-05
10.749874937468736	0.0004926587516980163	2.8897592364907077e-05
10.76288144072036	0.0004888474966791012	2.8851928077111566e-05
10.775887943971988	0.00048508502623745287	2.8806372557088622e-05
10.788894447223612	0.00048137045266838374	2.876092545456288e-05
10.801900950475236	0.0004777029107607689	2.8715586425476225e-05
10.814907453726864	0.00047408155413852793	2.8670355125881564e-05
10.827913956978488	0.00047050554517136245	2.8625231213830205e-05
10.840920460230116	0.0004669740375498055	2.8580214343598698e-05
10.85392696348174	0.0004634861745876906	2.8535304177235155e-05
10.866933466733368	0.00046004114207365276	2.849050038078449e-05
10.879939969984992	0.00045663821860031373	2.844580260841223e-05
10.89294647323662	0.00045327673157302684	2.8401210530604182e-05
10.905952976488244	0.00044995599856412216	2.835672380718801e-05
10.918959479739872	0.00044667532374498276	2.831234211231326e-05
10.931965982991496	0.00044343401439073116	2.826806510713986e-05
10.94497248624312	0.0004402313907453381	2.822389246492918e-05
10.957978989494748	0.00043706678905075513	2.8179823853946573e-05
10.970985492746372	0.0004339395616903552	2.8135858945566028e-05
10.983991995998	0.00043084907656265603	2.809199741604651e-05
10.996998499249624	0.00042779471632448107	2.8048238937206094e-05
11.010005002501252	0.0004247758777670141	2.800458318263921e-05
11.023011505752876	0.00042179197121816614	2.7961029839707052e-05
11.036018009004504	0.00041884242008438655	2.7917578573233293e-05
11.049024512256128	0.0004159266603822598	2.7874229071911394e-05
11.062031015507753	0.00041304414039389226	2.7830981012555434e-05
11.07503751875938	0.00041019432026334623	2.778783407786367e-05
11.088044022011005	0.0004073766716868876	2.7744787952310723e-05
11.101050525262632	0.0004045906775700381	2.770184231815076e-05
11.114057028514257	0.0004018358317373627	2.7658996864632357e-05
11.127063531765884	0.00039911163863692867	2.7616251278339554e-05
11.140070035017509	0.00039641761305964085	2.75736052434139e-05
11.153076538269136	0.000393753279856246	2.7531058452545665e-05
11.16608304152076	0.00039111817369608115	2.748861059975738e-05
11.179089544772385	0.00038851183879762274	2.744626136896855e-05
11.192096048024013	0.00038593382869289705	2.7404010459641803e-05
11.205102551275637	0.0003833837059855627	2.7361857563468206e-05
11.218109054527265	0.00038086104212786687	2.7319802378134028e-05
11.231115557778889	0.0003783654171939377	2.727784459843896e-05
11.244122061030517	0.0003758964196708403	2.7235983922291318e-05
11.25712856428214	0.0003734536462329796	2.7194220049153728e-05
11.270135067533769	0.0003710367015641314	2.7152552677822683e-05
11.283141570785393	0.00036864519814483465	2.711098151486624e-05
11.296148074037017	0.00036627875606398685	2.7069506257526577e-05
11.309154577288645	0.00036393700283832153	2.7028126610817438e-05
11.322161080540269	0.0003616195732280003	2.69868422804187e-05
11.335167583791897	0.0003593261090688582	2.694565297023388e-05
11.348174087043521	0.0003570562590922144	2.690455839282624e-05
11.361180590295149	0.0003548096787713284	2.686355825032294e-05
11.374187093546773	0.00035258603016619094	2.6822652254065993e-05
11.3871935967984	0.00035038498174533306	2.678184011850604e-05
11.400200100050025	0.0003482062082611481	2.6741121547768643e-05
11.413206603301653	0.0003460493905880213	2.670049626063431e-05
11.426213106553277	0.0003439142155879926	2.665996396822301e-05
11.439219609804901	0.00034180037596820423	2.661952438731685e-05
11.452226113056529	0.0003397075701516705	2.657917723236647e-05
11.465232616308153	0.0003376355021417199	2.653892222348464e-05
11.478239119559781	0.0003355838814016465	2.6498759074233824e-05
11.491245622811405	0.0003335524227270348	2.645868750639213e-05
11.504252126063033	0.0003315408461298519	2.6418707242736872e-05
11.517258629314657	0.00032954887672853594	2.637881800038322e-05
11.530265132566285	0.0003275762446213193	2.6339019504106886e-05
11.54327163581791	0.0003256226848020738	2.629931147501985e-05
11.556278139069533	0.0003236879370337453	2.625969364333791e-05
11.569284642321161	0.0003217717457687508	2.622016572972896e-05
11.582291145572785	0.0003198738600408424	2.6180727462854492e-05
11.595297648824413	0.00031799403338683696	2.6141378570820883e-05
11.608304152076037	0.00031613202375535554	2.6102118779514072e-05
11.621310655327665	0.00031428759343510304	2.606294782436791e-05
11.63431715857929	0.00031246050899169653	2.6023865430491178e-05
11.647323661830917	0.00031065054121504065	2.5984871335649196e-05
11.660330165082541	0.0003088574650657039	2.5945965268059368e-05
11.673336668334166	0.00030708105967813815	2.5907146962600436e-05
11.686343171585793	0.0003053211083690055	2.586841615459523e-05
11.699349674837418	0.00030357739869835143	2.582977258158703e-05
11.712356178089045	0.00030184972260305365	2.5791215978121507e-05
11.72536268134067	0.00030013787662397373	2.5752746081408873e-05
11.738369184592298	0.0002984416622966446	2.5714362636652943e-05
11.751375687843922	0.0002967608867695537	2.5676065376956103e-05
11.76438219109555	0.00029509536373095724	2.5637854043636388e-05
11.777388694347174	0.00029344491465754796	2.559972838267477e-05
11.790395197598798	0.00029180937016037856	2.5561688133057814e-05
11.803401700850426	0.000290188569882055	2.5523733041765695e-05
11.81640820410205	0.00028858235598416826	2.5485862853780183e-05
11.829414707353678	0.0002869905480915591	2.5448077309531136e-05
11.842421210605302	0.00028541288802741427	2.5410376160661663e-05
11.85542771385693	0.000283849002316372	2.537275915581727e-05
11.868434217108554	0.00028229853537709015	2.5335226040645864e-05
11.881440720360182	0.0002807613881935511	2.5297776567456687e-05
11.894447223611806	0.00027923765345039264	2.5260410481120488e-05
11.907453726863434	0.0002777273368866906	2.5223127535167755e-05
11.920460230115058	0.0002762302198827671	2.518592748756987e-05
11.933466733366682	0.00027474587449816124	2.5148810086750295e-05
11.94647323661831	0.0002732738830042436	2.5111775086128496e-05
11.959479739869934	0.0002718141379489669	2.50748222448971e-05
11.972486243121562	0.0002703667571255508	2.5037951312811835e-05
11.985492746373186	0.00026893179064824135	2.5001162053728265e-05
11.998499249624814	0.00026750914980300244	2.4964454221954036e-05
12.011505752876438	0.00026609867595139836	2.492782757324008e-05
12.024512256128066	0.00026470019529079014	2.4891281876326943e-05
12.03751875937969	0.0002633135393194097	2.4854816882857733e-05
12.050525262631314	0.0002619385490157944	2.4818432356132902e-05
12.063531765882942	0.0002605750740319879	2.4782128062006414e-05
12.076538269134566	0.000259222971059736	2.4745903760559074e-05
12.089544772386194	0.0002578821024932232	2.4709759218533023e-05
12.102551275637818	0.0002565523355192445	2.4673694195564977e-05
12.115557778889446	0.00025523354164591616	2.4637708462726948e-05
12.12856428214107	0.0002539255965913201	2.4601801784651656e-05
12.141570785392698	0.00025262838049100456	2.4565973929302487e-05
12.154577288644322	0.0002513417785132699	2.4530224665419986e-05
12.167583791895947	0.0002500656818301694	2.4494553761300608e-05
12.180590295147574	0.00024879998877647136	2.445896098723921e-05
12.193596798399199	0.00024754460503617626	2.4423446114085756e-05
12.206603301650826	0.0002462994389159645	2.4388008915021686e-05
12.21960980490245	0.0002450643810993913	2.4352649161230033e-05
12.232616308154078	0.00024383925382120974	2.4317366623449743e-05
12.245622811405703	0.00024262375421624238	2.428216108496528e-05
12.25862931465733	0.00024141753405859667	2.42470323100763e-05
12.271635817908955	0.0002402204555886911	2.4211980082511353e-05
12.284642321160579	0.0002390326323014058	2.41770041755629e-05
12.297648824412207	0.00023785417778854345	2.414210436885167e-05
12.31065532766383	0.00023668507933372052	2.4107280435003986e-05
12.323661830915459	0.00023552524165249	2.4072532159635784e-05
12.336668334167083	0.00023437454391439516	2.403785932025837e-05
12.34967483741871	0.00023323286511967023	2.400326169882394e-05
12.362681340670335	0.0002321000907695714	2.3968739075730383e-05
12.375687843921963	0.00023097611310718413	2.3934291234928295e-05
12.388694347173587	0.00022986082985931855	2.389991795814783e-05
12.401700850425215	0.00022875414300427277	2.386561902922857e-05
12.414707353676839	0.00022765595786933268	2.3831394233564396e-05
12.427713856928463	0.00022656618246896798	2.379724335832556e-05
12.44072036018009	0.00022548472709049694	2.376316618313279e-05
12.453726863431715	0.00022441150400509535	2.3729162505481405e-05
12.466733366683343	0.00022334642727372955	2.369523210521418e-05
12.479739869934967	0.0002222894126231445	2.366137477505248e-05
12.492746373186595	0.0002212403773553806	2.3627590301611434e-05
12.505752876438219	0.00022019924029059723	2.3593878476946273e-05
12.518759379689847	0.00021916592173887306	2.356023909244609e-05
12.531765882941471	0.00021814034348133227	2.3526671937501575e-05
12.544772386193095	0.00021712242876381627	2.3493176806388405e-05
12.557778889444723	0.00021611210231697875	2.3459753490162605e-05
12.570785392696347	0.0002151092903668328	2.342640178409905e-05
12.583791895947975	0.00021411392068537705	2.339312148624817e-05
12.5967983991996	0.00021312592263911245	2.3359912387332926e-05
12.609804902451227	0.0002121452272544344	2.3326774285070684e-05
12.622811405702851	0.00021117176731322296	2.3293706975069384e-05
12.635817908954479	0.000210205477473413	2.326071025837706e-05
12.648824412206103	0.0002092462944176532	2.3227783928159162e-05
12.661830915457728	0.00020829415704548548	2.3194927788350306e-05
12.674837418709355	0.00020734900670960066	2.3162141637111944e-05
12.68784392196098	0.00020641078754035647	2.3129425273160642e-05
12.700850425212607	0.0002054794468328014	2.3096778502429416e-05
12.713856928464232	0.00020455493557125504	2.3064201119971095e-05
12.72686343171586	0.00020363720909255534	2.303169293194074e-05
12.739869934967484	0.00020272622797534723	2.2999253742717052e-05
12.752876438219111	0.00020182195919116186	2.2966883357122825e-05
12.765882941470736	0.00020092437766383586	2.293458157653916e-05
12.77888944472236	0.00020003346837837999	2.2902348208009293e-05
12.791895947973988	0.00019914922922581457	2.2870183054690685e-05
12.804902451225612	0.00019827167499864018	2.2838085930398933e-05
12.81790895447724	0.00019740084294528337	2.2806056635960026e-05
12.830915457728864	0.00019653680070286228	2.277409498407934e-05
12.843921960980492	0.0001956796577023967	2.274220078246625e-05
12.856928464232116	0.00019482958187522215	2.271037383394514e-05
12.869934967483744	0.00019398682435667336	2.267861395977011e-05
12.882941470735368	0.00019315175639122995	2.264692096187737e-05
12.895947973986996	0.0001923249245097125	2.2615294658856477e-05
12.90895447723862	0.00019150713205395853	2.2583734859304982e-05
12.921960980490244	0.00019069955372585934	2.2552241374707016e-05
12.934967483741872	0.00018990387470640968	2.252081402043249e-05
12.947973986993496	0.00018912238010793114	2.248945260974189e-05
12.960980490245124	0.0001883577079869747	2.245815695822717e-05
12.973986993496748	0.0001876114673231566	2.2426926883478693e-05
12.986993496748376	0.00018688042974468466	2.2395762199756142e-05
13.0	0.00018615126181820152	2.236466272098614e-05
NEXT_SITE