PARAMETERS	16	4.0	2.0	16	0	-41.005814890658
#OMEGA	VALUE
-13.0	3.5349579998067426e-05	0.0003796271953104835
-12.986993496748374	3.541152213815124e-05	0.00032328479605947535
-12.973986993496748	3.5473628037463456e-05	0.0002751674090999412
-12.960980490245122	3.553589827565151e-05	0.00023733253209567984
-12.947973986993496	3.559833343724783e-05	0.00020848103834991694
-12.934967483741872	3.566093410756199e-05	0.0001865394705865553
-12.921960980490246	3.572370087645549e-05	0.0001696861224320667
-12.90895447723862	3.578663433179141e-05	0.00015655012341719843
-12.895947973986994	3.58497350656517e-05	0.0001461506818120073
-12.882941470735368	3.59130036771127e-05	0.0001377940839838443
-12.869934967483742	3.5976440765916884e-05	0.00013098716954484946
-12.856928464232116	3.6040046929808334e-05	0.00012537506380638774
-12.84392196098049	3.610382277607904e-05	0.0001206985700064056
-12.830915457728864	3.616776890713602e-05	0.00011676540588201334
-12.817908954477238	3.623188593715465e-05	0.00011343074172365242
-12.804902451225614	3.6296174477312704e-05	0.00011058390581719646
-12.791895947973988	3.6360635141230446e-05	0.0001081391859090175
-12.778889444722362	3.642526854652495e-05	0.00010602937459514017
-12.765882941470736	3.64900753139219e-05	0.00010420117489917669
-12.75287643821911	3.655505607069731e-05	0.00010261188403137833
-12.739869934967484	3.6620211436910743e-05	0.00010122696757375316
-12.726863431715858	3.668554204439012e-05	0.00010001826265826352
-12.713856928464232	3.675104852540745e-05	9.896263141540018e-05
-12.700850425212606	3.68167315140111e-05	9.804094106735661e-05
-12.687843921960981	3.6882591647358076e-05	9.723728394928077e-05
-12.674837418709355	3.694862956749034e-05	9.65383759926608e-05
-12.66183091545773	3.7014845917782147e-05	9.593308962563274e-05
-12.648824412206103	3.708124134005342e-05	9.541208921126643e-05
-12.635817908954477	3.714781649266641e-05	9.496754582249967e-05
-12.622811405702851	3.7214572017663095e-05	9.459291439617434e-05
-12.609804902451225	3.72815085767364e-05	9.428276086531628e-05
-12.5967983991996	3.734862682747142e-05	9.403263040996812e-05
-12.583791895947973	3.741592742734223e-05	9.383895059178471e-05
-12.570785392696347	3.748341104281572e-05	9.36989653990139e-05
-12.557778889444723	3.7551078343245337e-05	9.361069821844925e-05
-12.544772386193097	3.761892999465388e-05	9.357294356771018e-05
-12.531765882941471	3.768696667538762e-05	9.358528954783729e-05
-12.518759379689845	3.77551890576866e-05	9.364817528656477e-05
-12.505752876438219	3.782359782456002e-05	9.376299074115302e-05
-12.492746373186593	3.789219365468721e-05	9.393223042741816e-05
-12.479739869934967	3.796097723740566e-05	9.415971839799031e-05
-12.466733366683341	3.802994926016545e-05	9.445093060933551e-05
-12.453726863431715	3.809911041363634e-05	9.481345352768678e-05
-12.44072036018009	3.8168461397369846e-05	9.525763744899773e-05
-12.427713856928465	3.823800290603252e-05	9.579753329103102e-05
-12.414707353676839	3.830773564250656e-05	9.645224856624779e-05
-12.401700850425213	3.837766031411505e-05	9.724793209597848e-05
-12.388694347173587	3.8447777625627566e-05	9.822071225007445e-05
-12.37568784392196	3.851808829058445e-05	9.942109000871113e-05
-12.362681340670335	3.858859302385831e-05	0.00010092054383659121
-12.349674837418709	3.865929254398548e-05	0.00010282141800554978
-12.336668334167083	3.873018757205582e-05	0.00010527134691729056
-12.323661830915459	3.8801278833267006e-05	0.00010848268370500236
-12.310655327663833	3.887256705459308e-05	0.00011275270668287263
-12.297648824412207	3.894405296800407e-05	0.0001184626189324467
-12.28464232116058	3.901573731013297e-05	0.00012597965948568657
-12.271635817908955	3.9087620820943414e-05	0.00013527165474414016
-12.258629314657329	3.915970423751247e-05	0.00014501095596775038
-12.245622811405703	3.923198830901864e-05	0.0001517910344648321
-12.232616308154077	3.930447378452939e-05	0.0001519484637449997
-12.21960980490245	3.937716141388936e-05	0.00014569293088351198
-12.206603301650825	3.945005195526985e-05	0.0001368360958686754
-12.1935967983992	3.952314616828545e-05	0.00012863089639103542
-12.180590295147574	3.9596444815770404e-05	0.00012225927707909534
-12.167583791895948	3.966994866400064e-05	0.00011770040567937734
-12.154577288644322	3.974365848335992e-05	0.0001145854262821766
-12.141570785392696	3.9817575047784715e-05	0.0001125486345289195
-12.12856428214107	3.989169913432011e-05	0.0001113123656240056
-12.115557778889444	3.99660315278938e-05	0.00011068507634570679
-12.102551275637818	4.0040573008104374e-05	0.00011054163971391251
-12.089544772386192	4.011532436798415e-05	0.00011080550406117329
-12.076538269134566	4.019028639878908e-05	0.0001114363962929632
-12.063531765882942	4.026545989643804e-05	0.00011242318567694642
-12.050525262631316	4.034084565929241e-05	0.00011378101395664864
-12.03751875937969	4.041644449392923e-05	0.00011555220315551118
-12.024512256128064	4.049225720714755e-05	0.00011781106376873574
-12.011505752876438	4.0568284608744065e-05	0.00012067340039267904
-11.998499249624812	4.064452751451064e-05	0.00012431218556585577
-11.985492746373186	4.072098674823277e-05	0.00012898118422011162
-11.97248624312156	4.0797663126368455e-05	0.00013504670637576321
-11.959479739869934	4.087455748047475e-05	0.00014301868523358685
-11.94647323661831	4.0951670640665405e-05	0.0001535393142871877
-11.933466733366684	4.102900344082894e-05	0.0001671913368493927
-11.920460230115058	4.1106556719960885e-05	0.00018380067034462488
-11.907453726863432	4.118433132382915e-05	0.00020095575529321952
-11.894447223611806	4.1262328096647316e-05	0.00021313818112578264
-11.88144072036018	4.1340547891843826e-05	0.00021545493086516654
-11.868434217108554	4.1418991563180185e-05	0.0002097105553574563
-11.855427713856928	4.1497659968525724e-05	0.00020250179684433434
-11.842421210605302	4.157655397674098e-05	0.00019897970725102354
-11.829414707353678	4.165567445058027e-05	0.0002013762979810041
-11.816408204102052	4.173502226134662e-05	0.00021035246517431272
-11.803401700850426	4.181459828922485e-05	0.0002254916730360934
-11.7903951975988	4.189440341639816e-05	0.00024399160460153446
-11.777388694347174	4.1974438520719914e-05	0.00025880542211165203
-11.764382191095548	4.2054704493366124e-05	0.00026141647885469244
-11.751375687843922	4.213520223006473e-05	0.00025069354693907364
-11.738369184592296	4.221593262732082e-05	0.00023427286356270116
-11.72536268134067	4.229689658552527e-05	0.00021984340852210238
-11.712356178089045	4.237809501461687e-05	0.00021077767037347428
-11.699349674837418	4.245952882253601e-05	0.00020762381204442182
-11.686343171585793	4.254119892443953e-05	0.0002099177325687318
-11.673336668334167	4.2623106240813335e-05	0.0002165793054272891
-11.660330165082541	4.270525169669526e-05	0.0002253963713647611
-11.647323661830915	4.2787636219454583e-05	0.00023333426770355548
-11.63431715857929	4.287026074478728e-05	0.0002392942233586659
-11.621310655327663	4.2953126208389314e-05	0.0002457941003461972
-11.608304152076037	4.3036233551063674e-05	0.00025623315231393384
-11.595297648824411	4.311958372371638e-05	0.0002720999266944135
-11.582291145572785	4.320317767692039e-05	0.00029282568157773525
-11.569284642321161	4.3287016365689546e-05	0.0003179442953950007
-11.556278139069535	4.33711007540305e-05	0.00034981380904941517
-11.54327163581791	4.345543180384048e-05	0.0003924596999286267
-11.530265132566283	4.3540010488674064e-05	0.0004472718100276829
-11.517258629314657	4.362483778586057e-05	0.0005097636956911122
-11.504252126063031	4.3709914672285244e-05	0.0005687337122299851
-11.491245622811405	4.379524213393715e-05	0.0006098954547288926
-11.47823911955978	4.3880821161801364e-05	0.0006231925235808955
-11.465232616308153	4.3966652749749535e-05	0.0006072490268087538
-11.452226113056529	4.40527378985367e-05	0.000571024905351436
-11.439219609804903	4.413907761402491e-05	0.0005303595972172559
-11.426213106553277	4.4225672905184865e-05	0.0005006908476724581
-11.413206603301651	4.43125247877596e-05	0.0004912476232155072
-11.400200100050025	4.4399634279046474e-05	0.000503750259733371
-11.387193596798399	4.448700240622383e-05	0.0005331230165658285
-11.374187093546773	4.457463019946761e-05	0.0005690646536454791
-11.361180590295147	4.466251869672533e-05	0.0006012005801663278
-11.348174087043521	4.475066893538937e-05	0.000622640121147211
-11.335167583791897	4.483908196151187e-05	0.0006307501103995916
-11.32216108054027	4.4927758825696884e-05	0.0006300650009571918
-11.309154577288645	4.5016700587319214e-05	0.0006274263053623885
-11.296148074037019	4.510590830664185e-05	0.0006231020252737141
-11.283141570785393	4.5195383047924587e-05	0.0006148977659152788
-11.270135067533767	4.528512588963807e-05	0.0006012840969521482
-11.25712856428214	4.537513790214831e-05	0.0005743831461192395
-11.244122061030515	4.546542017624944e-05	0.0005261763464605718
-11.231115557778889	4.555597379451992e-05	0.00046177543909031726
-11.218109054527265	4.564679985497033e-05	0.0003957250082794461
-11.205102551275637	4.5737899456277376e-05	0.00033886677614292093
-11.192096048024013	4.582927370544443e-05	0.000294188794809247
-11.179089544772387	4.592092371080714e-05	0.00026029681418981987
-11.16608304152076	4.601285058980498e-05	0.00023472064284424388
-11.153076538269135	4.610505546709387e-05	0.00021525462794480532
-11.140070035017509	4.61975394691061e-05	0.00020023360914012134
-11.127063531765883	4.629030372960141e-05	0.0001884677817821645
-11.114057028514257	4.638334938822375e-05	0.00017911841043261045
-11.10105052526263	4.647667758972407e-05	0.0001715918565451391
-11.088044022011005	4.657028948784614e-05	0.00016546305703946107
-11.07503751875938	4.666418623799906e-05	0.00016042318048847815
-11.062031015507754	4.675836900391861e-05	0.00015624436166161715
-11.049024512256128	4.685283895367043e-05	0.00015275590872443345
-11.036018009004502	4.694759726486808e-05	0.00014982810519936773
-11.023011505752876	4.704264511423695e-05	0.0001473610437712214
-11.01000500250125	4.7137983695821895e-05	0.0001452768213086042
-10.996998499249624	4.723361419756156e-05	0.00014351400541567916
-10.983991995997998	4.7329537820939294e-05	0.00014202365654969462
-10.970985492746372	4.742575577365571e-05	0.00014076643013283263
-10.957978989494748	4.752226926352243e-05	0.00013971043883498346
-10.944972486243122	4.7619079510119455e-05	0.00013882965713296613
-10.931965982991496	4.771618774124242e-05	0.00013810271779779448
-10.91895947973987	4.781359518268857e-05	0.0001375119952131687
-10.905952976488244	4.7911303077907696e-05	0.00013704290123739415
-10.892946473236618	4.800931266779607e-05	0.00013668334047745034
-10.879939969984992	4.810762520002232e-05	0.0001364232865959103
-10.866933466733366	4.820624193435652e-05	0.00013625445170817319
-10.85392696348174	4.830516413434349e-05	0.00013617002846710857
-10.840920460230116	4.8404393068968155e-05	0.00013616448965869665
-10.827913956978488	4.8503930014542895e-05	0.00013623343445678948
-10.814907453726864	4.860377625448553e-05	0.0001363734731842925
-10.801900950475238	4.8703933078320105e-05	0.00013658214506229172
-10.788894447223612	4.880440178367529e-05	0.00013685786520889476
-10.775887943971986	4.890518367572927e-05	0.00013719989878258065
-10.76288144072036	4.900628006343499e-05	0.00013760836180265468
-10.749874937468734	4.9107692262961855e-05	0.00013808424957295617
-10.736868434217108	4.9209421599805125e-05	0.0001386294953231726
-10.723861930965484	4.931146940267972e-05	0.0001392470637052723
-10.710855427713856	4.9413837014289363e-05	0.0001399410861379069
-10.697848924462232	4.951652577811494e-05	0.00014071704825535658
-10.684842421210606	4.961953704485378e-05	0.0001415820441309501
-10.67183591795898	4.9722872176416466e-05	0.00014254511798172942
-10.658829414707354	4.982653253871039e-05	0.00014361772282711627
-10.645822911455728	4.993051950530347e-05	0.00014481433818402945
-10.632816408204102	5.0034834459977695e-05	0.0001461533073240373
-10.619809904952476	5.0139478787514236e-05	0.0001476579823894708
-10.606803401700851	5.0244453887349216e-05	0.00014935830725015808
-10.593796898449224	5.034976116080614e-05	0.00015129303188854415
-10.5807903951976	5.045540202053278e-05	0.00015351285090414724
-10.567783891945973	5.056137788461701e-05	0.00015608491270591163
-10.554777388694347	5.0667690179362346e-05	0.00015909938775138244
-10.541770885442721	5.077434034039818e-05	0.00016267916100809465
-10.528764382191095	5.0881329804908226e-05	0.00016699428999833454
-10.51575787893947	5.09886600246201e-05	0.00017228369694533008
-10.502751375687843	5.1096332456368465e-05	0.00017888755798667333
-10.489744872436217	5.1204348568534286e-05	0.00018729431950248454
-10.476738369184591	5.1312709827500136e-05	0.00019820329002784298
-10.463731865932967	5.142141771685704e-05	0.00021258708996563236
-10.450725362681341	5.153047372818964e-05	0.0002316764751375544
-10.437718859429715	5.163987935441483e-05	0.00025660697076479444
-10.42471235617809	5.174963610321548e-05	0.000287093102091851
-10.411705852926463	5.185974548393979e-05	0.0003184918728385
-10.398699349674837	5.1970209019591707e-05	0.0003396700260578367
-10.385692846423211	5.208102824072469e-05	0.00033971784457986764
-10.372686343171585	5.21922046843315e-05	0.0003206562745132757
-10.35967983991996	5.230373989573156e-05	0.0002949065849130461
-10.346673336668335	5.241563543190164e-05	0.00027230131990729767
-10.333666833416707	5.252789285381532e-05	0.0002562897879326842
-10.320660330165083	5.264051373132794e-05	0.0002468984079898595
-10.307653826913457	5.275349964739551e-05	0.0002433175072847904
-10.294647323661831	5.286685219085818e-05	0.00024495705722960004
-10.281640820410205	5.2980572957217476e-05	0.0002517496333395153
-10.268634317158579	5.309466355662984e-05	0.0002642202683442729
-10.255627813906953	5.320912559836355e-05	0.0002834580327839564
-10.242621310655327	5.332396070911738e-05	0.00031081146403710846
-10.229614807403703	5.343917052158531e-05	0.00034667253389031316
-10.216608304152075	5.3554756680673776e-05	0.0003873050203762052
-10.20360180090045	5.367072083184432e-05	0.00042073618448823513
-10.190595297648825	5.378706464187477e-05	0.0004304006013277073
-10.177588794397199	5.390378977165877e-05	0.00041186294100714615
-10.164582291145573	5.402089790440545e-05	0.0003786349432647329
-10.151575787893947	5.413839072843096e-05	0.00034618755359183684
-10.13856928464232	5.4256269937158486e-05	0.0003216447501136477
-10.125562781390695	5.4374537243551124e-05	0.0003060062346721404
-10.11255627813907	5.449319435790745e-05	0.00029820213450537647
-10.099549774887443	5.4612243006291195e-05	0.00029705969974236357
-10.086543271635819	5.4731684926201396e-05	0.0003018994468341196
-10.073536768384193	5.4851521860355135e-05	0.00031265564883142805
-10.060530265132567	5.497175556423706e-05	0.0003299128314259159
-10.04752376188094	5.509238780332382e-05	0.0003549855362782184
-10.034517258629315	5.521342034986443e-05	0.00039006028156174377
-10.021510755377689	5.5334854989097515e-05	0.00043831586988485327
-10.008504252126063	5.545669351392224e-05	0.0005036761915351295
-9.995497748874437	5.5578937727451816e-05	0.0005892174804221773
-9.98249124562281	5.5701589451007116e-05	0.0006925882517424542
-9.969484742371186	5.582465049991381e-05	0.0007993572650073499
-9.95647823911956	5.5948122717253135e-05	0.0008842220939057066
-9.943471735867934	5.607200794377487e-05	0.0009254684625582543
-9.930465232616308	5.619630803332942e-05	0.0009155465833097232
-9.917458729364682	5.632102485686463e-05	0.0008676729802762351
-9.904452226113056	5.644616028677163e-05	0.000810337162551189
-9.89144572286143	5.6571716213649204e-05	0.0007609808467230472
-9.878439219609804	5.6697694535978727e-05	0.0007180347622478545
-9.865432716358178	5.682409715845882e-05	0.0006793200570057722
-9.852426213106554	5.695092600344065e-05	0.0006531771348476934
-9.839419709854928	5.707818300415557e-05	0.0006500562485635131
-9.826413206603302	5.720587009527822e-05	0.0006752184142723161
-9.813406703351676	5.73339892371294e-05	0.0007274874093233796
-9.80040020010005	5.7462542385366966e-05	0.0007968520047785255
-9.787393696848424	5.7591531523182304e-05	0.0008646685168175461
-9.774387193596798	5.772095863354476e-05	0.0009142255329821491
-9.761380690345172	5.785082571518885e-05	0.000934594907951225
-9.748374187093546	5.798113477484268e-05	0.0009131055863950133
-9.735367683841922	5.8111887836109766e-05	0.0008496166237287328
-9.722361180590294	5.82430869324746e-05	0.0007681402771053669
-9.70935467733867	5.837473410241767e-05	0.0006969919067948416
-9.696348174087044	5.8506831407401094e-05	0.0006514659640624032
-9.683341670835418	5.8639380912772765e-05	0.0006354974828954862
-9.670335167583792	5.877238469920165e-05	0.0006480474386009183
-9.657328664332166	5.890584485834793e-05	0.0006852867491465853
-9.64432216108054	5.903976349264095e-05	0.0007402132720051302
-9.631315657828914	5.9174142721829526e-05	0.0008037061377191845
-9.61830915457729	5.930898467298995e-05	0.0008626347130251677
-9.605302651325662	5.944429148485586e-05	0.0008956232108970896
-9.592296148074038	5.958006531203708e-05	0.0008872778840516293
-9.579289644822412	5.971630831969055e-05	0.0008492795756397387
-9.566283141570786	5.9853022686628954e-05	0.000810590014115542
-9.55327663831916	5.9990210605764815e-05	0.0007885674140821752
-9.540270135067534	6.0127874280335725e-05	0.000777115834168618
-9.527263631815908	6.0266015927123995e-05	0.0007562393481711505
-9.514257128564282	6.040463777401417e-05	0.0007122768388568845
-9.501250625312656	6.0543742064878e-05	0.0006520494810190458
-9.48824412206103	6.068333106168389e-05	0.000592695885965222
-9.475237618809405	6.082340702595612e-05	0.0005420974997095707
-9.46223111555778	6.0963972246530496e-05	0.0004961560562539713
-9.449224612306153	6.110502901712778e-05	0.0004501634257394471
-9.436218109054527	6.124657964712288e-05	0.00040610632346582687
-9.423211605802901	6.1388626462211e-05	0.00036815528635858463
-9.410205102551275	6.153117179907852e-05	0.0003378558943395449
-9.39719859929965	6.167421800695738e-05	0.0003144601622474541
-9.384192096048023	6.181776745128875e-05	0.00029651742024372485
-9.371185592796397	6.196182251716476e-05	0.00028268312119439365
-9.358179089544773	6.210638558923343e-05	0.0002719184012189846
-9.345172586293147	6.225145908411722e-05	0.00026346757321271674
-9.332166083041521	6.239704541799451e-05	0.00025678958899510995
-9.319159579789895	6.254314702647257e-05	0.00025149622189046816
-9.30615307653827	6.268976636680801e-05	0.0002473063687967736
-9.293146573286643	6.283690589636848e-05	0.0002440143498334546
-9.280140070035017	6.29845681062724e-05	0.00024146834737392986
-9.267133566783391	6.313275548286423e-05	0.0002395557825496386
-9.254127063531765	6.328147054179833e-05	0.0002381933728655694
-9.241120560280141	6.343071580772186e-05	0.0002373203699784776
-9.228114057028513	6.358049381993691e-05	0.0002368940034004341
-9.215107553776889	6.373080713384383e-05	0.00023688650897535357
-9.202101050525263	6.388165832593717e-05	0.00023728335860484506
-9.189094547273637	6.40330499790398e-05	0.00023808247426937434
-9.176088044022011	6.418498469729084e-05	0.00023929433629188424
-9.163081540770385	6.433746509904026e-05	0.00024094300638832777
-9.150075037518759	6.449049381762606e-05	0.00024306820014385888
-9.137068534267133	6.464407350870172e-05	0.0002457286818042803
-9.124062031015509	6.479820683158444e-05	0.0002490074426105826
-9.111055527763881	6.495289647645563e-05	0.00025301939969779585
-9.098049024512257	6.510814513882579e-05	0.0002579227724116562
-9.08504252126063	6.526395553296815e-05	0.0002639359432267119
-9.072036018009005	6.542033039391715e-05	0.00027136261794380445
-9.059029514757379	6.557727247247236e-05	0.0002806296222108706
-9.046023011505753	6.573478452687187e-05	0.0002923438065755013
-9.033016508254127	6.589286934977068e-05	0.00030737690716065025
-9.0200100050025	6.605152973648831e-05	0.0003269874777906967
-9.007003501750876	6.621076850554797e-05	0.0003529778073448897
-8.993996998499249	6.637058849179311e-05	0.0003878291298963221
-8.980990495247624	6.653099254572137e-05	0.000434565762343575
-8.967983991995997	6.66919835394797e-05	0.0004955582225408817
-8.954977488744372	6.685356435942591e-05	0.0005685256884956358
-8.941970985492746	6.70157379111247e-05	0.0006388117208822042
-8.92896448224112	6.717850711968065e-05	0.0006769372669992446
-8.915957978989494	6.734187492196675e-05	0.0006607846682398222
-8.902951475737868	6.750584428738549e-05	0.0006026819665314598
-8.889944972486244	6.767041818434016e-05	0.0005335452671926255
-8.876938469234616	6.783559961587304e-05	0.00047352127640543085
-8.863931965982992	6.800139159746088e-05	0.0004280518734003369
-8.850925462731364	6.816779716212196e-05	0.00039572044696756237
-8.83791895947974	6.833481935941688e-05	0.0003735791966615887
-8.824912456228114	6.850246127210191e-05	0.00035903104478984815
-8.811905952976488	6.867072598404356e-05	0.0003501906293599255
-8.798899449724862	6.883961660975046e-05	0.000345802765923664
-8.785892946473236	6.900913627749805e-05	0.00034509414568606456
-8.772886443221612	6.917928814420549e-05	0.0003476569513124472
-8.759879939969984	6.93500753765619e-05	0.0003533796030755765
-8.74687343671836	6.95215011634609e-05	0.0003624213943372867
-8.733866933466732	6.969356871855403e-05	0.0003752281021882631
-8.720860430215108	6.986628127292338e-05	0.0003925903918824414
-8.707853926963482	7.003964207619173e-05	0.0004157504700826875
-8.694847423711856	7.021365440285088e-05	0.00044655695307749266
-8.68184092046023	7.038832154859787e-05	0.00048762793375300983
-8.668834417208604	7.056364682178629e-05	0.0005423311607219983
-8.655827913956978	7.073963356063473e-05	0.0006139508602155397
-8.642821410705352	7.091628512445602e-05	0.0007025828536757484
-8.629814907453728	7.109360488632976e-05	0.0007986880722425926
-8.6168084042021	7.127159624931156e-05	0.0008800600675820114
-8.603801900950476	7.145026263311038e-05	0.0009292599847373628
-8.59079539769885	7.162960748186009e-05	0.0009576334380104745
-8.577788894447224	7.18096342633423e-05	0.00098984897537302
-8.564782391195598	7.19903464611038e-05	0.0010286157210314117
-8.551775887943972	7.217174758800127e-05	0.0010485681197240915
-8.538769384692346	7.235384117787458e-05	0.0010294731350525277
-8.52576288144072	7.253663078521377e-05	0.000987060597092082
-8.512756378189096	7.272011998982197e-05	0.00095099551534783
-8.499749874937468	7.290431239448392e-05	0.0009302458282477444
-8.486743371685844	7.308921162052506e-05	0.0009103674855059918
-8.473736868434216	7.327482132002405e-05	0.0008774983967618777
-8.460730365182592	7.346114516904034e-05	0.0008394278585444059
-8.447723861930966	7.36481868606198e-05	0.0008153718296118884
-8.43471735867934	7.383595011056787e-05	0.0008188594120766002
-8.421710855427714	7.402443867410291e-05	0.0008561100024678803
-8.408704352176088	7.421365631377075e-05	0.0009291298524991554
-8.395697848924463	7.440360682542391e-05	0.0010333625216322195
-8.382691345672836	7.459429403056106e-05	0.0011500614229091877
-8.369684842421211	7.478572177177512e-05	0.0012465096376749196
-8.356678339169584	7.497789391686105e-05	0.0012947610378393204
-8.34367183591796	7.517081436225759e-05	0.001283629542976672
-8.330665332666333	7.536448703027165e-05	0.001221380111011694
-8.317658829414707	7.555891586608077e-05	0.0011396798435173716
-8.304652326163081	7.575410483995348e-05	0.0010684017299786852
-8.291645822911455	7.595005795502097e-05	0.0010122549140461068
-8.278639319659831	7.614677923506452e-05	0.0009627873443092128
-8.265632816408203	7.634427273284228e-05	0.0009216346498572836
-8.25262631315658	7.654254252342785e-05	0.0009008911930461494
-8.239619809904951	7.674159272086367e-05	0.0009103094183163796
-8.226613306653327	7.694142745373611e-05	0.0009529551535552017
-8.213606803401701	7.714205088416026e-05	0.0010256509143464765
-8.200600300150075	7.734346720122964e-05	0.0011206504718614951
-8.18759379689845	7.754568062212641e-05	0.0012317585979837453
-8.174587293646823	7.774869539323159e-05	0.0013528055860094756
-8.161580790395197	7.795251578912588e-05	0.00146184451773268
-8.148574287143571	7.815714610981406e-05	0.001525129125919511
-8.135567783891947	7.836259069160523e-05	0.0015254441562329024
-8.12256128064032	7.856885388712875e-05	0.0014760566141519549
-8.109554777388695	7.877594009653155e-05	0.0014098751786760788
-8.096548274137069	7.898385373217298e-05	0.0013596093925761776
-8.083541770885443	7.919259924871191e-05	0.0013477066155694883
-8.070535267633817	7.940218112356678e-05	0.001375343157119291
-8.057528764382191	7.961260387023827e-05	0.0014136608770919379
-8.044522261130565	7.982387202609686e-05	0.0014169179852765446
-8.031515757878939	8.003599016781493e-05	0.0013608969919642888
-8.018509254627315	8.024896289382522e-05	0.0012680708837948806
-8.005502751375687	8.046279484386076e-05	0.0011805480106590327
-7.992496248124062	8.067749068108032e-05	0.0011171472306656938
-7.979489744872436	8.08930551032816e-05	0.0010629509945634386
-7.966483241620811	8.110949284378943e-05	0.0009910745877231841
-7.953476738369185	8.132680866301811e-05	0.0008957049612817736
-7.940470235117559	8.15450073595736e-05	0.0007951283209159943
-7.927463731865933	8.176409376003946e-05	0.0007070682337780854
-7.914457228614307	8.198407272808073e-05	0.0006373754821790145
-7.901450725362682	8.220494915944787e-05	0.0005844795944097703
-7.888444222111056	8.242672798353112e-05	0.0005447743432310803
-7.87543771885943	8.264941416247229e-05	0.0005149191538762476
-7.862431215607804	8.28730126978261e-05	0.0004923632813814693
-7.8494247123561784	8.309752862090125e-05	0.0004752809608309372
-7.8364182091045524	8.332296699786745e-05	0.0004623927808244943
-7.8234117058529264	8.35493329356396e-05	0.00045280809452397097
-7.8104052026013004	8.37766315691102e-05	0.0004459110304475544
-7.7973986993496744	8.400486807591534e-05	0.0004412840297564058
-7.784392196098049	8.423404766544351e-05	0.0004386590528735468
-7.771385692846423	8.446417558938268e-05	0.0004378887801552711
-7.758379189594797	8.469525712273551e-05	0.0004389330659199109
-7.745372686343171	8.492729759712603e-05	0.0004418585140307796
-7.732366183091545	8.516030236760397e-05	0.00044685138326494567
-7.71935967983992	8.539427683007528e-05	0.00045424642394908954
-7.706353176588294	8.56292264193037e-05	0.00046457699501789573
-7.693346673336668	8.58651566093549e-05	0.0004786548405586455
-7.680340170085042	8.610207291270822e-05	0.0004976895989617924
-7.667333666833416	8.633998088192207e-05	0.0005234512835937677
-7.654327163581791	8.657888610086317e-05	0.0005584380696782576
-7.641320660330165	8.681879420691097e-05	0.0006058575673607569
-7.628314157078539	8.705971086764297e-05	0.0006687659872053331
-7.615307653826913	8.730164179371336e-05	0.0007467288866019883
-7.602301150575288	8.754459273718762e-05	0.0008281605848973195
-7.589294647323662	8.778856948943314e-05	0.0008839314699622403
-7.576288144072036	8.803357788633726e-05	0.0008834781685373994
-7.56328164082041	8.82796238066419e-05	0.0008295283737186354
-7.550275137568784	8.852671316339489e-05	0.0007545633304444355
-7.537268634317159	8.877485191849388e-05	0.0006856909147852086
-7.524262131065533	8.902404607913361e-05	0.0006325779960583144
-7.511255627813907	8.92743016887021e-05	0.0005949530768211142
-7.498249124562281	8.952562484043636e-05	0.0005697299236439024
-7.485242621310655	8.97780216677635e-05	0.0005539022431246821
-7.47223611805903	9.003149835451474e-05	0.0005452395794818266
-7.459229614807404	9.028606111849413e-05	0.0005422758556802298
-7.446223111555778	9.054171623346097e-05	0.0005441609211788156
-7.433216608304152	9.079847001458585e-05	0.0005505392089082406
-7.420210105052526	9.105632881967196e-05	0.0005614899144192886
-7.407203601800901	9.131529906480917e-05	0.0005775307760830239
-7.394197098549275	9.15753871946201e-05	0.0005996797973933932
-7.381190595297649	9.183659971867542e-05	0.0006295505303943738
-7.368184092046023	9.209894318562561e-05	0.0006693770142008892
-7.3551775887943975	9.236242418897422e-05	0.0007216073582448912
-7.3421710855427715	9.262704938073352e-05	0.000787100987996836
-7.3291645822911455	9.289282545277278e-05	0.0008605068528739768
-7.3161580790395195	9.315975915225039e-05	0.0009249024158292096
-7.3031515757878935	9.342785727173286e-05	0.0009587213021140517
-7.290145072536268	9.36971266595199e-05	0.0009597171708529695
-7.277138569284642	9.3967574207654e-05	0.0009500955726553517
-7.264132066033016	9.423920686568721e-05	0.0009535361104570095
-7.25112556278139	9.451203163535205e-05	0.0009830283362418646
-7.238119059529764	9.478605556212383e-05	0.0010448888682489388
-7.225112556278139	9.50612857538724e-05	0.0011434478012435356
-7.212106053026513	9.533772936753948e-05	0.0012800756768489574
-7.199099549774887	9.561539360947169e-05	0.0014457180832991856
-7.186093046523261	9.58942857479661e-05	0.0016136458655947594
-7.173086543271635	9.617441310227903e-05	0.0017509141732789946
-7.16008004002001	9.645578304251501e-05	0.0018414879944419482
-7.147073536768384	9.673840300461478e-05	0.0018900274562015928
-7.134067033516758	9.70222804718146e-05	0.0019223680189123238
-7.121060530265132	9.730742298186268e-05	0.001969331858191148
-7.108054027013507	9.759383814200717e-05	0.0020362823819229936
-7.095047523761881	9.788153360601459e-05	0.0021139409332587844
-7.082041020510255	9.817051708660429e-05	0.0021971466875775336
-7.069034517258629	9.846079636344207e-05	0.0022594277020050457
-7.056028014007003	9.875237926371128e-05	0.0022495645038292933
-7.043021510755378	9.904527368820304e-05	0.002143970105787929
-7.030015007503752	9.933948758178435e-05	0.001971378258878609
-7.017008504252126	9.963502896337406e-05	0.0017860340735680325
-7.0040020010005	9.993190590862344e-05	0.0016350090414468665
-6.990995497748874	0.00010023012655346886	0.0015414827376228901
-6.977988994497249	0.00010052969910245846	0.0015088283623198029
-6.964982491245623	0.00010083063181454133	0.0015290050644550801
-6.951975987993997	0.00010113293301949877	0.001583073854658834
-6.938969484742371	0.00010143661110850744	0.0016435702924898488
-6.925962981490746	0.00010174167453735894	0.001694757331262342
-6.91295647823912	0.00010204813183189998	0.001745319831761738
-6.899949974987494	0.00010235599157570885	0.0018040385194766362
-6.886943471735868	0.00010266526242808105	0.0018679043460980704
-6.873936968484242	0.00010297595311026253	0.0019488749456255672
-6.860930465232617	0.00010328807241433147	0.0020819173582066197
-6.847923961980991	0.0001036016292008668	0.002297046250838042
-6.834917458729365	0.0001039166323933971	0.002594357810912662
-6.821910955477739	0.00010423309099460987	0.0029322042007143834
-6.808904452226113	0.0001045510140764705	0.0032381190879134936
-6.7958979489744875	0.00010487041077988923	0.003437384393656373
-6.7828914457228615	0.00010519129031538732	0.003468574628748722
-6.7698849424712355	0.00010551366197031342	0.003302866746843991
-6.7568784392196095	0.00010583753510273741	0.002970262849760541
-6.7438719359679835	0.00010616291914811171	0.0025558424371157074
-6.730865432716358	0.0001064898236173839	0.0021539823937434255
-6.717858929464732	0.00010681825808889212	0.0018192743069760375
-6.704852426213106	0.0001071482322267947	0.0015616796180003556
-6.69184592296148	0.0001074797557687468	0.001369463166262297
-6.678839419709855	0.00010781283852867585	0.0012267419353204634
-6.665832916458229	0.00010814749040111149	0.001120053363588891
-6.652826413206603	0.00010848372135929818	0.0010394312421876384
-6.639819909954977	0.00010882154145686052	0.0009778247981004906
-6.626813406703351	0.00010916096082813631	0.000930297154147941
-6.613806903451726	0.00010950198968695535	0.0008933755089878259
-6.6008004002001	0.00010984463833341174	0.0008645901700247149
-6.587793896948474	0.00011018891714609236	0.0008421618392501218
-6.574787393696848	0.0001105348365947334	0.0008247920248525276
-6.561780890445222	0.00011088240722967324	0.0008115223307957331
-6.548774387193597	0.00011123163967974303	0.0008016392941487815
-6.535767883941971	0.0001115825446806884	0.0007946094829270889
-6.522761380690345	0.00011193513302998337	0.000790034970322262
-6.509754877438719	0.00011228941563246053	0.0007876228235856875
-6.496748374187093	0.00011264540347388774	0.0007871645398394023
-6.483741870935468	0.00011300310763373567	0.0007885228871352679
-6.470735367683842	0.0001133625392806259	0.0007916246754320344
-6.457728864432216	0.00011372370967155376	0.0007964587999338413
-6.44472236118059	0.00011408663016188036	0.0008030796260213302
-6.431715857928965	0.00011445131220033655	0.0008116165609215464
-6.418709354677339	0.00011481776732702453	0.0008222916337691233
-6.405702851425713	0.0001151860071755273	0.0008354482714172384
-6.392696348174087	0.00011555604348845172	0.0008515964443053248
-6.379689844922461	0.000115927888089562	0.0008714821680054774
-6.366683341670836	0.00011630155290853761	0.0008961927752708654
-6.35367683841921	0.00011667704997764261	0.0009273113491866658
-6.340670335167584	0.00011705439142506435	0.0009671252930110175
-6.327663831915958	0.00011743358948346216	0.0010188435279693264
-6.314657328664332	0.00011781465648497136	0.001086585822098085
-6.301650825412707	0.0001181976048645339	0.0011743303447450115
-6.288644322161081	0.00011858244716889121	0.001281769755957618
-6.275637818909455	0.00011896919604215128	0.0013946823225190474
-6.262631315657829	0.00011935786423911132	0.001476533210129416
-6.249624812406203	0.00011974846462470268	0.001488095145848356
-6.2366183091545775	0.00012014101016621925	0.0014318113183621195
-6.2236118059029515	0.00012053551394874962	0.001348815352192334
-6.2106053026513255	0.00012093198916007797	0.0012742493176740588
-6.1975987993996995	0.00012133044910989099	0.0012210802637705465
-6.184592296148074	0.00012173090721612212	0.0011894636656683
-6.171585792896448	0.00012213337700706095	0.0011759578828014483
-6.158579289644822	0.00012253787213689638	0.0011773490143184295
-6.145572786393196	0.00012294440637017345	0.0011916464091197287
-6.13256628314157	0.0001233529935922295	0.001218189241374179
-6.119559779889945	0.0001237636478040871	0.001257622501214195
-6.106553276638319	0.00012417638313277912	0.0013119668026404518
-6.093546773386693	0.00012459121382724092	0.0013847945584852805
-6.080540270135067	0.00012500815425364742	0.001481313655058103
-6.067533766883441	0.00012542721890818065	0.0016076134676852316
-6.054527263631816	0.00012584842241447625	0.0017670238348190814
-6.04152076038019	0.00012627177951562985	0.0019503096486710447
-6.028514257128564	0.0001266973050927378	0.0021231110459578595
-6.015507753876938	0.00012712501415224065	0.0022383812696983307
-6.002501250625312	0.0001275549218289207	0.0022899423571636213
-5.989494747373687	0.0001279870433961161	0.0023298833324268964
-5.976488244122061	0.00012842139425972565	0.002414540027835921
-5.963481740870435	0.0001288579899579867	0.0025615025246832346
-5.950475237618809	0.00012929684617080106	0.0027349617067607968
-5.937468734367184	0.0001297379787121855	0.0028475571085092577
-5.924462231115558	0.00013018140354170704	0.0028216751932435002
-5.911455727863932	0.00013062713675127124	0.002675494742102158
-5.898449224612306	0.00013107519458921413	0.002496413979872769
-5.88544272136068	0.00013152559343521109	0.0023520062403955544
-5.872436218109055	0.0001319783498211491	0.002265877125230853
-5.859429714857429	0.00013243348042657477	0.0022386160532269495
-5.846423211605803	0.0001328910020830243	0.002265970474144785
-5.833416708354177	0.00013335093176658486	0.0023462706057021387
-5.820410205102551	0.00013381328660944103	0.002482072320318829
-5.807403701850926	0.00013427808389798734	0.0026783929252283123
-5.7943971985993	0.00013474534107582592	0.0029358347907155746
-5.781390695347674	0.00013521507574065783	0.0032366003171273583
-5.768384192096048	0.00013568730565260978	0.0035357479747433196
-5.755377688844422	0.00013616204873045934	0.003786375421068078
-5.742371185592797	0.00013663932305951754	0.003979237356277476
-5.729364682341171	0.00013711914688774307	0.004151464234291913
-5.716358179089545	0.00013760153862540925	0.004379530301753309
-5.703351675837919	0.00013808651685842666	0.004746374729058256
-5.6903451725862935	0.00013857410033990547	0.0053013294889033835
-5.6773386693346675	0.00013906430799326408	0.006030294192337471
-5.6643321660830415	0.00013955715891766918	0.006821444423827372
-5.6513256628314155	0.00014005267238614838	0.007491371082709031
-5.6383191595797895	0.0001405508678569145	0.007906727540311964
-5.625312656328164	0.0001410517649585996	0.008014046250745532
-5.612306153076538	0.000141555383505243	0.007834741801181377
-5.599299649824912	0.00014206174349773448	0.007555763339213817
-5.586293146573286	0.00014257086511848538	0.007432476945875455
-5.57328664332166	0.00014308276874186454	0.007609310487930121
-5.560280140070035	0.00014359747493108976	0.008070873733142414
-5.547273636818409	0.00014411500444022618	0.008648393536502597
-5.534267133566783	0.00014463537822273498	0.009104455757775076
-5.521260630315157	0.00014515861742170344	0.009306524578570396
-5.508254127063532	0.00014568474338327864	0.009223298807934932
-5.495247623811906	0.0001462137776604422	0.008858015085001947
-5.48224112056028	0.0001467457420002427	0.008359459551629644
-5.469234617308654	0.000147280658359894	0.007956809158717437
-5.456228114057028	0.00014781854890821844	0.007760184832070305
-5.443221610805403	0.00014835943601332335	0.007739558370727151
-5.430215107553777	0.0001489033422751307	0.007847009661051008
-5.417208604302151	0.00014945029049306946	0.008097674458016124
-5.404202101050525	0.00015000030369138884	0.008535104924204062
-5.391195597798899	0.0001505534051173818	0.009220864033162468
-5.378189094547274	0.0001511096182322813	0.010239746066068589
-5.365182591295648	0.00015166896673457497	0.011607582041178732
-5.352176088044022	0.00015223147454535013	0.013156714955622095
-5.339169584792396	0.0001527971658176197	0.014585366539917599
-5.32616308154077	0.00015336606493787652	0.015731262032271487
-5.313156578289145	0.00015393819652842478	0.016687324000936532
-5.300150075037519	0.00015451358545703897	0.0174959314226385
-5.287143571785893	0.00015509225682330818	0.01782542137429599
-5.274137068534267	0.00015567423598483732	0.01716831979770561
-5.261130565282642	0.00015625954853304425	0.015496390288585404
-5.248124062031016	0.0001568482203224697	0.013425029512338149
-5.23511755877939	0.0001574402774584538	0.011581669383519011
-5.222111055527764	0.0001580357462940274	0.010226045750286294
-5.209104552276138	0.00015863465345977712	0.009349930026918196
-5.1960980490245126	0.00015923702583431343	0.008821375030820477
-5.1830915457728866	0.00015984289056714118	0.008452993976265644
-5.1700850425212606	0.00016045227508398874	0.00810017705242394
-5.1570785392696346	0.00016106520707281913	0.007765259105933731
-5.1440720360180086	0.00016168171450414714	0.007543345581314309
-5.131065532766383	0.00016230182563203854	0.007509838309431416
-5.118059029514757	0.00016292556897856691	0.007701246897311442
-5.105052526263131	0.00016355297336756447	0.008142856297650769
-5.092046023011505	0.000164184067909523	0.008862973236939298
-5.079039519759879	0.0001648188820011498	0.00987488232039646
-5.066033016508254	0.00016545744533869033	0.011111263545396821
-5.053026513256628	0.00016609978792458957	0.012339458232080935
-5.040020010005002	0.0001667459400634952	0.013249319385447933
-5.027013506753376	0.00016739593236358985	0.013818165228795087
-5.014007003501751	0.00016804979574891465	0.01441986007427698
-5.001000500250125	0.0001687075614575928	0.01544432196629264
-4.987993996998499	0.0001693692610513775	0.01699608118632967
-4.974987493746873	0.00017003492640610407	0.018841918535682067
-4.961980990495247	0.0001707045897376691	0.02056460593521603
-4.948974487243621	0.000171378283584378	0.0218316428643357
-4.935967983991995	0.0001720560408237093	0.022422412608577358
-4.922961480740369	0.0001727378946757563	0.022213623550246142
-4.909954977488745	0.00017342387869767606	0.021242356641551385
-4.896948474237119	0.00017411402680567178	0.019672085178466303
-4.883941970985493	0.0001748083732607819	0.017883285832713702
-4.870935467733867	0.0001755069526834241	0.016349954809041
-4.857928964482241	0.00017620980005972342	0.015345712128747913
-4.844922461230615	0.00017691695073840386	0.014928685909953443
-4.831915957978989	0.00017762844044122428	0.015076073899141784
-4.818909454727363	0.00017834430526653122	0.015775082786948724
-4.805902951475737	0.00017906458169558714	0.017059962663970363
-4.792896448224113	0.00017978930659079406	0.019028086207867
-4.779889944972487	0.00018051851720612966	0.021851420904045904
-4.766883441720861	0.00018125225119647315	0.025778578596097113
-4.753876938469235	0.00018199054661582892	0.031089144964118076
-4.740870435217609	0.00018273344192043517	0.03789561744694836
-4.727863931965983	0.0001834809759801992	0.04564992907464249
-4.714857428714357	0.00018423318808502565	0.052612952287265924
-4.701850925462731	0.0001849901179399316	0.056637438105833215
-4.688844422211105	0.00018575180568691785	0.05757280210636728
-4.6758379189594805	0.00018651829189508806	0.05756353552224691
-4.6628314157078545	0.0001872896175747485	0.058230394373967376
-4.6498249124562285	0.00018806582417651985	0.05889454537027616
-4.6368184092046025	0.00018884695361254256	0.05779847348824374
-4.6238119059529765	0.00018963304824060057	0.054881434789657124
-4.6108054027013505	0.00019042415088765807	0.05214434332166318
-4.5977988994497245	0.00019122030484453045	0.051542485798415694
-4.5847923961980985	0.000192021553884425	0.053938929956083514
-4.5717858929464725	0.000192827942253615	0.05908189754722781
-4.5587793896948465	0.00019363951469453244	0.06518423812473972
-4.545772886443222	0.0001944563164373303	0.0686640720677939
-4.532766383191596	0.0001952783932158697	0.06640012479012214
-4.51975987993997	0.00019610579127482541	0.059147479641040945
-4.506753376688344	0.0001969385573696858	0.050440058176108415
-4.493746873436718	0.000197776738777522	0.0429854895317755
-4.480740370185092	0.0001986203833082012	0.03771443691081022
-4.467733866933466	0.00019946953930460865	0.034629406788744044
-4.45472736368184	0.00020032425565086331	0.03351171887034743
-4.441720860430214	0.00020118458178985943	0.034152597973192034
-4.42871435717859	0.00020205056771038787	0.03627515111235191
-4.415707853926964	0.0002029222639825523	0.039311991806822544
-4.402701350675338	0.00020379972173689698	0.04233986573148529
-4.389694847423712	0.00020468299269049695	0.04437489032353925
-4.376688344172086	0.00020557212915162104	0.04484794491169286
-4.36368184092046	0.00020646718402828057	0.04402799734924201
-4.350675337668834	0.00020736821082745216	0.0429571780869632
-4.337668834417208	0.00020827526368139004	0.042960532088324954
-4.324662331165582	0.00020918839733774508	0.04504531294727587
-4.311655827913956	0.00021010766717333151	0.049534157122995026
-4.298649324662332	0.00021103312921633144	0.05567207261418905
-4.285642821410706	0.00021196484013652483	0.06097685068953673
-4.27263631815908	0.00021290285727026959	0.06189568551271807
-4.259629814907454	0.00021384723861450627	0.057135798635981394
-4.246623311655828	0.00021479804285107207	0.0491993903614365
-4.233616808404202	0.00021575532934448027	0.04129549490410178
-4.220610305152576	0.00021671915815735243	0.034990456680097703
-4.20760380190095	0.00021768959006562838	0.03052730866693454
-4.194597298649324	0.00021866668655556865	0.02767596342128964
-4.1815907953977	0.00021965050984529277	0.026170916004491396
-4.168584292146074	0.00022064112289077453	0.025849031005056533
-4.155577788894448	0.0002216385893932804	0.02667690838277592
-4.142571285642822	0.0002226429738223512	0.028747838007551207
-4.129564782391196	0.00022365434141558005	0.03225229238458738
-4.11655827913957	0.00022467275818682797	0.037357366733994035
-4.103551775887944	0.00022569829095098193	0.043847006202288874
-4.090545272636318	0.00022673100732084617	0.05045715825136099
-4.077538769384692	0.0002277709757398938	0.054617819299727866
-4.064532266133066	0.00022881826546272688	0.054086673851045375
-4.051525762881441	0.00022987294660081758	0.04939283657796334
-4.038519259629815	0.00023093509011218316	0.0432606287413424
-4.025512756378189	0.0002320047678228132	0.037966335757769754
-4.012506253126563	0.00023308205243977032	0.034404039015109134
-3.9994997498749374	0.0002341670175572963	0.03266622136424058
-3.9864932466233114	0.00023525973768356856	0.03261723534088201
-3.9734867433716854	0.00023636028824192135	0.03408152872471715
-3.9604802401200594	0.00023746874558816522	0.03679160693574768
-3.9474737368684334	0.00023858518702879472	0.0403521140075801
-3.934467233616809	0.00023970969083175753	0.04439730999560765
-3.921460730365183	0.0002408423362376677	0.04859872515276009
-3.908454227113557	0.00024198320348167712	0.05264576718129488
-3.895447723861931	0.00024313237380613195	0.056887072211661116
-3.882441220610305	0.00024428992947611583	0.06256566921893503
-3.869434717358679	0.00024545595378644425	0.0707319849779755
-3.856428214107053	0.00024663053109807986	0.08082547996287148
-3.843421710855427	0.00024781374682836255	0.08983410777580803
-3.830415207603801	0.00024900568749164353	0.0929191823611033
-3.817408704352175	0.00025020644069739806	0.08706376118365544
-3.804402201100551	0.0002514160951839761	0.07475019835275853
-3.791395697848925	0.0002526347408182694	0.06115342235182841
-3.778389194597299	0.0002538624686291291	0.04951169295593583
-3.765382691345673	0.0002550993708183569	0.04061569528806552
-3.752376188094047	0.0002563455407764703	0.034145183153750924
-3.739369684842421	0.00025760107310512925	0.029554473008744697
-3.726363181590795	0.0002588660636437812	0.026380565396973643
-3.713356678339169	0.0002601406094681069	0.024300234947417065
-3.700350175087543	0.00026142480893842635	0.02311660367412738
-3.6873436718359187	0.00026271876169370323	0.02273758781342139
-3.6743371685842927	0.00026402256868740537	0.023160951890501158
-3.6613306653326667	0.0002653363322048241	0.024461158488203627
-3.6483241620810407	0.00026666015588094893	0.026752019086837775
-3.6353176588294147	0.0002679941447301104	0.030055234382895257
-3.6223111555777887	0.00026933840516218943	0.03396228449727712
-3.6093046523261627	0.00027069304500648705	0.03719301325409763
-3.5962981490745367	0.0002720581735308203	0.0379698357133228
-3.5832916458229107	0.0002734339014776044	0.03579575164970272
-3.5702851425712847	0.0002748203410708472	0.03210001763291903
-3.5572786393196605	0.0002762176060575605	0.028542523175551948
-3.5442721360680345	0.0002776258117179742	0.025900099669979415
-3.5312656328164085	0.0002790450749043938	0.024298380763545624
-3.5182591295647825	0.00028047551405374627	0.02364841212151425
-3.5052526263131565	0.0002819172492214417	0.023861325450792448
-3.4922461230615305	0.00028337040211501296	0.024913440790941266
-3.4792396198099045	0.000284835096104441	0.026847990174568293
-3.4662331165582785	0.00028631145626767385	0.02972668879606255
-3.4532266133066525	0.0002877996094052815	0.033486122629544646
-3.4402201100550283	0.00028929968407942486	0.03768877730597253
-3.4272136068034023	0.0002908118106423885	0.04151050754443286
-3.4142071035517763	0.00029233612126133846	0.04453842817865583
-3.4012006003001503	0.000293872749950963	0.047549065502906385
-3.3881940970485243	0.0002954218326122193	0.05191886120522293
-3.3751875937968983	0.0002969835070575355	0.058835985356906706
-3.3621810905452723	0.00029855791304156387	0.06922823811871459
-3.3491745872936463	0.0003001451923002607	0.08363771789301022
-3.3361680840420203	0.0003017454885869686	0.10147594132124338
-3.3231615807903943	0.00030335894770283645	0.1198825695521587
-3.31015507753877	0.0003049857175256854	0.1336016076987312
-3.297148574287144	0.0003066259480699607	0.13775230729003352
-3.284142071035518	0.0003082797914942814	0.13185844361152788
-3.271135567783892	0.0003099474021600601	0.11886601736780877
-3.258129064532266	0.00031162893665814817	0.10188349056827084
-3.24512256128064	0.0003133245538659013	0.0842342979645827
-3.232116058029014	0.00031503441495905893	0.06878301919535301
-3.219109554777388	0.0003167586834811331	0.056693449014005415
-3.206103051525762	0.00031849752537171927	0.047798474883825603
-3.193096548274138	0.00032025110901190423	0.04148001722269479
-3.180090045022512	0.00032201960526134776	0.03714404368199786
-3.167083541770886	0.000323803187520566	0.03435565406448282
-3.15407703851926	0.0003256020317582431	0.03284349784954166
-3.141070535267634	0.0003274163165672972	0.03247500434569128
-3.128064032016008	0.000329246223216062	0.03323045179397022
-3.115057528764382	0.0003310919356818154	0.03517040971805896
-3.102051025512756	0.00033295364072127853	0.03837817233256824
-3.08904452226113	0.00033483152790880766	0.04287061959146188
-3.076038019009504	0.0003367257896847997	0.04844988291108665
-3.0630315157578796	0.0003386366214249703	0.05445388492860326
-3.0500250125062536	0.00034056422148287524	0.05996685583163586
-3.0370185092546276	0.0003425087912397595	0.06498277356741122
-3.0240120060030016	0.00034447053517916437	0.07050703129508684
-3.0110055027513756	0.00034644966093111407	0.07668181462881518
-2.9979989994997496	0.0003484463793343995	0.08182598274981445
-2.9849924962481236	0.00035046090450263634	0.08346052708474971
-2.9719859929964976	0.0003524934538837732	0.07980142865582218
-2.9589794897448716	0.0003545442483141592	0.07147821558542167
-2.9459729864932473	0.0003566135120987024	0.06145260141319364
-2.9329664832416213	0.00035870147306982236	0.05234561987109532
-2.9199599799899953	0.000360808362655729	0.04513386671012831
-2.9069534767383693	0.00036293441594204	0.03983045272323582
-2.8939469734867433	0.00036507987176659373	0.036128871674178886
-2.8809404702351173	0.00036724497276630075	0.03353553702746259
-2.8679339669834913	0.0003694299654607436	0.0315047003717821
-2.8549274637318653	0.000371635100338108	0.029759770053295775
-2.8419209604802393	0.0003738606319142468	0.02838006846776686
-2.8289144572286133	0.0003761068188271599	0.027519692146414587
-2.815907953976989	0.00037837392391837366	0.027235906087969552
-2.802901450725363	0.0003806622143081029	0.027523199446778834
-2.789894947473737	0.0003829719614831806	0.0283762217087703
-2.776888444222111	0.0003853034413924261	0.02982203880143819
-2.763881940970485	0.0003876569345239167	0.031934790292536874
-2.750875437718859	0.00039003272600734995	0.03484726890715917
-2.737868934467233	0.0003924311057010854	0.03876393541756029
-2.724862431215607	0.00039485236829783776	0.04396833110341902
-2.711855927963981	0.0003972968134058341	0.05079371575351499
-2.698849424712357	0.0003997647456686071	0.05947850953858802
-2.685842921460731	0.0004022564748619173	0.06982881270999275
-2.672836418209105	0.0004047723159913419	0.0810018160174375
-2.659829914957479	0.00040731258941029136	0.09243638404702215
-2.646823411705853	0.0004098776209342514	0.1055254137788405
-2.633816908454227	0.00041246774194236835	0.12317049057578877
-2.620810405202601	0.00041508328950567996	0.14741672701946817
-2.607803901950975	0.00041772460649835974	0.17687698948746755
-2.594797398699349	0.00042039204173072164	0.20373868070990886
-2.581790895447723	0.0004230859500642392	0.21485919065776238
-2.5687843921960987	0.0004258066925471038	0.2036365091884499
-2.5557778889444727	0.0004285546365473403	0.1784517414584379
-2.5427713856928467	0.00043133015587715207	0.1523570745899634
-2.5297648824412207	0.00043413363095345936	0.13263635571170107
-2.5167583791895947	0.00043696544891613787	0.12112856282227125
-2.5037518759379687	0.0004398260037986601	0.11742887426231896
-2.4907453726863427	0.0004427156966546608	0.1202417094439081
-2.4777388694347167	0.0004456349357292444	0.12706507114966958
-2.4647323661830907	0.00044858413660964214	0.13409617672750873
-2.4517258629314664	0.0004515637223928559	0.13815811442612658
-2.4387193596798404	0.00045457412384131146	0.1377422906275776
-2.4257128564282144	0.0004576157795677105	0.13113371530511353
-2.4127063531765884	0.0004606891361998988	0.11803662280273086
-2.3996998499249624	0.00046379464856538544	0.1020557960831453
-2.3866933466733364	0.00046693277987530646	0.08745002989026107
-2.3736868434217104	0.0004701040019173819	0.07616361938509597
-2.3606803401700844	0.00047330879524631886	0.06833397912627626
-2.3476738369184584	0.0004765476493856502	0.06351527631724829
-2.3346673336668324	0.0004798210630377886	0.061297200141585906
-2.321660830415208	0.00048312954428075816	0.06147064386091783
-2.308654327163582	0.0004864736108127765	0.06404805891783683
-2.295647823911956	0.0004898537901503186	0.06925774958960207
-2.28264132066033	0.000493270619863706	0.07750824902083531
-2.269634817408704	0.0004967246478218001	0.08926741639573776
-2.256628314157078	0.0005002164324225955	0.1046172276040096
-2.243621810905452	0.0005037465428517907	0.12212949772951043
-2.230615307653826	0.0005073155593346979	0.1379402912256762
-2.2176088044022	0.0005109240734004761	0.14771795920391617
-2.204602301150576	0.000514572688145476	0.15104095393134842
-2.19159579789895	0.0005182620185366638	0.15211061241808033
-2.178589294647324	0.0005219926916600892	0.15452447714729467
-2.165582791395698	0.0005257653470527313	0.1562544937796676
-2.152576288144072	0.000529580636981275	0.15115997410615112
-2.139569784892446	0.0005334392267638544	0.13689511252309883
-2.12656328164082	0.0005373417951011206	0.11823832152229574
-2.113556778389194	0.000541289034384107	0.10099263896845789
-2.100550275137568	0.0005452816510544967	0.08765387984547857
-2.087543771885942	0.0005493203659470147	0.07812448131118299
-2.0745372686343178	0.0005534059146564685	0.07139255974259218
-2.0615307653826918	0.000557539047899791	0.06663521877497969
-2.0485242621310658	0.0005617205319153884	0.06354672764084413
-2.0355177588794398	0.000565951148838284	0.0620072680461482
-2.0225112556278138	0.0005702316971256671	0.061818432437374504
-2.0095047523761878	0.0005745629919593487	0.06278872273776237
-1.9964982491245618	0.0005789458656960678	0.06491378107124879
-1.9834917458729358	0.0005833811683007006	0.06836209856733755
-1.9704852426213098	0.0005878697678047828	0.0733730597350345
-1.9574787393696855	0.0005924125507850153	0.08026807985385254
-1.9444722361180595	0.00059701042285909	0.08951247254957917
-1.9314657328664335	0.0006016643091695251	0.10177260938503918
-1.9184592296148075	0.0006063751549261198	0.11800716935512778
-1.9054527263631815	0.0006111439259269824	0.139606858119673
-1.8924462231115555	0.0006159716091115319	0.1684994063558286
-1.8794397198599295	0.0006208592131531354	0.2069942487057197
-1.8664332166083035	0.0006258077690151076	0.2568314660215707
-1.8534267133566775	0.0006308183305869797	0.31649513313493594
-1.8404202101050515	0.0006358919753081116	0.3776235956883969
-1.8274137068534273	0.0006410298048024066	0.4280087415311439
-1.8144072036018013	0.0006462329455693139	0.4651474084507191
-1.8014007003501753	0.0006515025496607318	0.4974514535297422
-1.7883941970985493	0.0006568397954075378	0.5234661005498494
-1.7753876938469233	0.0006622458881583304	0.5242968341681561
-1.7623811905952973	0.0006677220610378232	0.488398247024205
-1.7493746873436713	0.0006732695757432072	0.43152871168522167
-1.7363681840920453	0.0006788897233648283	0.37884874801901935
-1.7233616808404193	0.000684583825228513	0.3440666564164133
-1.710355177588795	0.000690353233768648	0.32772234857445803
-1.697348674337169	0.0006961993334431149	0.3205250394176824
-1.684342171085543	0.0007021235416502236	0.30739741143164145
-1.671335667833917	0.00070812730972869	0.2792396525663018
-1.658329164582291	0.0007142121239357424	0.24163991489826175
-1.645322661330665	0.0007203795064970597	0.20566427826832445
-1.632316158079039	0.0007266310166842427	0.17747810963589905
-1.619309654827413	0.0007329682519277014	0.1582493626699797
-1.606303151575787	0.0007393928489760615	0.1472853294319577
-1.593296648324161	0.0007459064850829922	0.14384938882910248
-1.5802901450725368	0.0007525108792657553	0.1476616911796348
-1.5672836418209108	0.0007592077935755226	0.15862405952357872
-1.5542771385692848	0.0007659990344379697	0.175707668561203
-1.5412706353176588	0.0007728864540444969	0.1947088010099901
-1.5282641320660328	0.0007798719517728703	0.20677151414010508
-1.5152576288144068	0.0007869574756881326	0.20378687714598942
-1.5022511255627808	0.0007941450240795955	0.18788129827589306
-1.4892446223111548	0.0008014366470807666	0.1688443983973832
-1.4762381190595288	0.0008088344483151433	0.15430438999158502
-1.4632316158079046	0.000816340586635822	0.14724401382254404
-1.4502251125562786	0.0008239572779339399	0.14841424513052281
-1.4372186093046526	0.0008316867969870856	0.158332566202807
-1.4242121060530266	0.0008395314794075182	0.17799980230282653
-1.4112056028014006	0.0008474937236689906	0.20854917778202153
-1.3981990995497746	0.00085557599318975	0.24924919080543295
-1.3851925962981486	0.0008637808185228968	0.29290591883994455
-1.3721860930465226	0.0008721107996290112	0.32199812184972043
-1.3591795897948966	0.0008805686082277164	0.31814808580455156
-1.3461730865432706	0.0008891569902679253	0.2827521890393021
-1.3331665832916464	0.0008978787684783551	0.23501580440378056
-1.3201600800400204	0.0009067368450361712	0.19106839059967795
-1.3071535767883944	0.0009157342043454308	0.15668412538451493
-1.2941470735367684	0.0009248739159281039	0.13170640707681425
-1.2811405702851424	0.0009341591374429914	0.11428192085519451
-1.2681340670335164	0.0009435931178175538	0.10258522567124484
-1.2551275637818904	0.0009531792005474937	0.09528854392056407
-1.2421210605302644	0.0009629208270905965	0.09166006400406257
-1.2291145572786384	0.0009728215404609664	0.09149005176710101
-1.2161080540270142	0.0009828849889336189	0.09495836085681708
-1.2031015507753882	0.0009931149299461373	0.10258347795041445
-1.1900950475237622	0.0010035152341477671	0.11516432193681425
-1.1770885442721362	0.001014089889659675	0.1334112964433194
-1.1640820410205102	0.0010248430064890846	0.15668538830759693
-1.1510755377688842	0.0010357788211851071	0.1804264878884605
-1.1380690345172582	0.001046901701665326	0.1948787112148349
-1.1250625312656322	0.001058216152304392	0.19183834270070144
-1.1120560280140062	0.0010697268192358944	0.17456018131113926
-1.099049524762382	0.0010814384958992562	0.15369201011180333
-1.086043021510756	0.0010933561288620774	0.13686992363581985
-1.07303651825913	0.0011054848239110404	0.12668614722670457
-1.060030015007504	0.0011178298524426866	0.12335234065429002
-1.047023511755878	0.0011303966581447389	0.12672762149478956
-1.034017008504252	0.0011431908640218147	0.13715195689281812
-1.021010505252626	0.0011562182797579812	0.15571809935604197
-1.008004002001	0.0011694849094338045	0.1842502858599191
-0.9949974987493739	0.0011829969596575118	0.2246846654688005
-0.9819909954977479	0.0011967608480565328	0.27674713622831715
-0.9689844922461237	0.0012107832122516538	0.33252041860870085
-0.9559779889944977	0.0012250709192458409	0.3713585684392786
-0.9429714857428717	0.0012396310753401973	0.3702162156308312
-0.9299649824912457	0.00125447103650711	0.3291553810474869
-0.9169584792396197	0.0012695984193746845	0.27119350468171544
-0.9039519759879937	0.0012850211127363176	0.21676696496606362
-0.8909454727363677	0.0013007472897050842	0.1735522036988023
-0.8779389694847417	0.0013167854205071716	0.14157439335760824
-0.8649324662331157	0.001333144285983856	0.11858617819235262
-0.8519259629814915	0.0013498329918112395	0.10232796644334186
-0.8389194597298655	0.0013668609835311152	0.09109173751723576
-0.8259129564782395	0.0013842380623997341	0.08372544061716813
-0.8129064532266135	0.0014019744021355196	0.07952293370023944
-0.7998999499749875	0.001420080566625015	0.07812929835845706
-0.7868934467233615	0.001438567528632806	0.07948924768628318
-0.7738869434717355	0.0014574466896026816	0.08384078760269298
-0.7608804402201095	0.0014767299006069878	0.0917520612616114
-0.7478739369684835	0.0014964294845417614	0.10419318074397144
-0.7348674337168575	0.0015165582596468052	0.122601461327006
-0.7218609304652333	0.0015371295644133198	0.14877606149950706
-0.7088544272136073	0.0015581572840492885	0.18409368133256454
-0.6958479239619813	0.001579655878531483	0.2269433482044505
-0.6828414207103553	0.0016016404124142847	0.2678609739006429
-0.6698349174587293	0.0016241265865081234	0.2882303760803332
-0.6568284142071033	0.0016471307715482109	0.27453823310288084
-0.6438219109554773	0.0016706700440259903	0.23494079720147076
-0.6308154077038512	0.0016947622243422833	0.18875154888257828
-0.6178089044522252	0.0017194259174467819	0.1483081721973799
-0.604802401200601	0.0017446805561437406	0.11682494334740356
-0.591795897948975	0.0017705464473245502	0.09331939692819713
-0.578789394697349	0.0017970448212903944	0.07588657175149471
-0.565782891445723	0.0018241978844457662	0.06284124988862494
-0.552776388194097	0.0018520288756479486	0.05292867502002707
-0.539769884942471	0.001880562126454044	0.04526521560875374
-0.526763381690845	0.0019098231256620135	0.03923739245564406
-0.513756878439219	0.001939838588430387	0.03441789085849567
-0.500750375187593	0.001970636530405412	0.030505773650718715
-0.487743871935967	0.0020022463472725294	0.027286058747501007
-0.4747373686843428	0.0020346989001908122	0.024602790122523976
-0.4617308654327168	0.002068026607626172	0.022341078062149022
-0.4487243621810908	0.0021022635441625415	0.020415018532903728
-0.4357178589294648	0.002137445546883776	0.018759468769832033
-0.4227113556778388	0.0021736103300398213	0.017324371876850098
-0.4097048524262128	0.0022107976087512027	0.016070785290424827
-0.3966983491745868	0.0022490492325626388	0.014968062788859426
-0.3836918459229608	0.0022884093298216612	0.013991827943559687
-0.3706853426713348	0.0023289244638580175	0.013122497862113502
-0.35767883941971057	0.002370643802151462	0.012344194570776956
-0.34467233616808457	0.0024136192997221695	0.011643932914323418
-0.33166583291645857	0.0024579058981561985	0.011011008091990293
-0.31865932966483257	0.0025035617418993628	0.010436528982592064
-0.30565282641320657	0.002550648413468082	0.00991305909791762
-0.29264632316158057	0.002599231189642559	0.009434337813413074
-0.27963981990995457	0.002649379320755485	0.008995062061198045
-0.26663331665832857	0.002701166335640992	0.00859071398238298
-0.25362681340670257	0.0027546703748725365	0.008217423820041314
-0.24062031015507657	0.002809974555522343	0.007871860057652724
-0.22761380690345234	0.0028671673708918766	0.00755114078667074
-0.21460730365182634	0.0029263431291612907	0.007252761738313351
-0.20160080040020034	0.002987602435459258	0.006974537488243615
-0.18859429714857434	0.0030510527223818196	0.006714553143915669
-0.17558779389694834	0.0031168088347470757	0.006471124426693509
-0.16258129064532234	0.003184993675083625	0.006242764517255028
-0.14957478739369634	0.0032557389173125673	0.006028156381185368
-0.13656828414207034	0.0033291857971317063	0.005826129559360238
-0.12356178089044434	0.003405485988784651	0.005635640614833348
-0.11055527763882012	0.0034848025794194104	0.005455756589152094
-0.09754877438719411	0.003567311153771735	0.005285640947352066
-0.08454227113556811	0.0036532010039758145	0.005124541590289189
-0.07153576788394211	0.0037426764815196023	0.004971780591822017
-0.058529264632316114	0.003835958510998272	0.004826745381004027
-0.04552276138069011	0.0039332862886222175	0.004688881139776502
-0.03251625812906411	0.004034919191971076	0.004557684226920822
-0.019509754877438112	0.004141138932105992	0.0044326964717191775
-0.006503251625812112	0.004252251984273037	0.004313500207260512
0.006503251625813888	0.0043685923398029125	0.004199713934863958
0.019509754877438112	0.004490524629292003	0.004090988528793638
0.03251625812906411	0.004618447676232873	0.003987003904981967
0.04552276138069011	0.004752798551103332	0.0038874660894321345
0.058529264632316114	0.004894057209153924	0.003792104631821558
0.07153576788394211	0.005042751811135671	0.003700670318253718
0.08454227113556811	0.005199464845731971	0.003612933143762209
0.09754877438719411	0.005364840196359855	0.0035286805110819053
0.11055527763882012	0.005539591324384419	0.0034477156269526743
0.12356178089044612	0.005724510777139757	0.0033698560712892567
0.13656828414207034	0.005920481274036882	0.0032949325180480216
0.14957478739369634	0.006128488680358535	0.003222787589403864
0.16258129064532234	0.006349637248382112	0.0031532748274656353
0.17558779389694834	0.006585167594225783	0.003086257769736367
0.18859429714857434	0.006836477990675216	0.0030216091164124714
0.20160080040020034	0.007105149698984126	0.002959209979078392
0.21460730365182634	0.007392977245386123	0.002898949201749601
0.22761380690345234	0.007702004783328942	0.002840722746265012
0.24062031015507834	0.00803456998787877	0.0027844331351069007
0.25362681340670434	0.008393357327328377	0.002729988945465056
0.26663331665832857	0.00878146308124228	0.002677304349192
0.27963981990995457	0.009202475168561763	0.002626298693887197
0.29264632316158057	0.009660571776542115	0.0025768961208632035
0.30565282641320657	0.01016064402910044	0.002529025216337133
0.31865932966483257	0.010708449627274463	0.0024826186924793436
0.33166583291645857	0.011310806715097321	0.002437613095447766
0.34467233616808457	0.011975840433110285	0.0023939485377300063
0.35767883941971057	0.01271329910330754	0.0023515684525349245
0.37068534267133657	0.01353496331315629	0.0023104193681153795
0.3836918459229608	0.014455180187335603	0.002270450700165849
0.3966983491745868	0.015491568150379886	0.002231614560649131
0.4097048524262128	0.016665956481111244	0.002193865581575416
0.4227113556778388	0.018005652027933583	0.0021571607523260816
0.4357178589294648	0.01954516743689305	0.002121459269416759
0.4487243621810908	0.021328608815777583	0.0020867223975434834
0.4617308654327168	0.023413018168530253	0.002052913340957141
0.4747373686843428	0.025873116815664843	0.0020199971242769177
0.4877438719359688	0.028808131714334606	0.0019879404819930224
0.5007503751875948	0.03235175628117282	0.001956711755832008
0.513756878439219	0.036686874520116985	0.001926280799461666
0.526763381690845	0.042067558620359935	0.0018966188898361658
0.539769884942471	0.04885211416591395	0.0018676986447010435
0.552776388194097	0.05755245744455295	0.0018394939457401227
0.565782891445723	0.06890577730673253	0.0018119798669442577
0.578789394697349	0.08396970400374615	0.0017851326077703566
0.591795897948975	0.10421615362398962	0.0017589294307374104
0.604802401200601	0.13150289797624692	0.0017333486031153589
0.617808904452227	0.16751826273641113	0.0017083693423852742
0.6308154077038512	0.21172168668781932	0.001683971765228276
0.6438219109554773	0.2568313605906879	0.0016601368397258787
0.6568284142071033	0.28568823443588576	0.0016368463405952438
0.6698349174587293	0.28178966421843255	0.001614082807174566
0.6828414207103553	0.24851504856990048	0.0015918295040407981
0.6958479239619813	0.20473859739275002	0.001570070383990152
0.7088544272136073	0.16508444888443363	0.001548790053286564
0.7218609304652333	0.13441116900827	0.0015279737389687353
0.7348674337168593	0.1123411838761087	0.0015076072580896271
0.7478739369684853	0.09710641508772866	0.001487676988789488
0.7608804402201095	0.08704965854137836	0.0014681698430097923
0.7738869434717355	0.08096909087416293	0.0014490732408060092
0.7868934467233615	0.07810260987663442	0.001430375086126312
0.7998999499749875	0.07804903148573394	0.0014120637439265504
0.8129064532266135	0.08071085375431353	0.0013941280186069438
0.8259129564782395	0.08627732362906337	0.0013765571336135096
0.8389194597298655	0.09525139745487288	0.001359340712186352
0.8519259629814915	0.1085217407318354	0.0013424687591233608
0.8649324662331175	0.12747145491454115	0.0013259316435616508
0.8779389694847417	0.15406720787246397	0.0013097200826691635
0.8909454727363677	0.19070219898932628	0.0012938251261863654
0.9039519759879937	0.23909792262382545	0.001278238141801613
0.9169584792396197	0.29680691183859786	0.001262950801278806
0.9299649824912457	0.3508692887735084	0.0012479550672996886
0.9429714857428717	0.37699206585966205	0.0012332431809972677
0.9559779889944977	0.35920444351252945	0.001218807650093523
0.9689844922461237	0.3097865407299638	0.001204641237662507
0.9819909954977497	0.2536818614049843	0.0011907369514431165
0.9949974987493757	0.20607209377059865	0.0011770880336882117
1.008004002001	0.1707656652107301	0.0011636879514950182
1.021010505252626	0.14662074045749496	0.0011505303876353512
1.034017008504252	0.13158810571376933	0.0011376092318066133
1.047023511755878	0.12411588257335426	0.0011249185723162247
1.060030015007504	0.12343237950737385	0.0011124526881537422
1.07303651825913	0.1294448173405116	0.0011002060414452286
1.086043021510756	0.14230500402640833	0.0010881732702547886
1.099049524762382	0.16117825927416585	0.0010763491817313842
1.112056028014008	0.18171695604280558	0.0010647287455596288
1.1250625312656322	0.19434971456815386	0.001053307087713895
1.1380690345172582	0.19004245483289461	0.0010420794845116266
1.1510755377688842	0.17064158245605554	0.0010310413569113441
1.1640820410205102	0.14632967352643544	0.0010201882650910932
1.1770885442721362	0.12495543505408302	0.0010095159032401657
1.1900950475237622	0.10913748350178376	0.0009990200946128347
1.2031015507753882	0.09873555886285601	0.0009886967867720475
1.2161080540270142	0.09292526829051173	0.0009785420470559414
1.2291145572786402	0.09100896670087288	0.0009685520582366491
1.2421210605302662	0.09260754048958253	0.0009587231143598496
1.2551275637818904	0.09768980904717084	0.0009490516167758312
1.2681340670335164	0.10665874222376848	0.0009395340703231003
1.2811405702851424	0.12048613076925185	0.0009301670796767469
1.2941470735367684	0.14072700007010286	0.0009209473458600126
1.3071535767883944	0.16932623889601506	0.000911871662886865
1.3201600800400204	0.20781483307802062	0.0009029369145496791
1.3331665832916464	0.2547179861431432	0.0008941400713385894
1.3461730865432724	0.3004947322342124	0.0008854781874830797
1.3591795897948984	0.32579731372964027	0.000876948398117805
1.3721860930465226	0.31581159967175787	0.0008685479165584375
1.3851925962981486	0.27834459137324896	0.0008602740316799862
1.3981990995497746	0.2339297753310331	0.0008521241054167961
1.4112056028014006	0.19632873627138536	0.0008440955703512554
1.4242121060530266	0.16963884647239802	0.0008361859273809946
1.4372186093046526	0.15348194029060902	0.0008283927435076555
1.4502251125562786	0.14662603165844823	0.0008207136496859446
1.4632316158079046	0.1482448104371572	0.0008131463387662796
1.4762381190595306	0.15787531805603927	0.0008056885635181477
1.4892446223111566	0.17430229161478317	0.0007983381347169693
1.5022511255627808	0.19317416978993185	0.0007910929193141181
1.5152576288144068	0.20546673031613572	0.0007839508386771055
1.5282641320660328	0.20294894376702732	0.000776909866875175
1.5412706353176588	0.1875641318841591	0.0007699680290645938
1.5542771385692848	0.16875720098012947	0.0007631233998859344
1.5672836418209108	0.15383532743939676	0.0007563741019656067
1.5802901450725368	0.14558792656081698	0.0007497183044504752
1.5932966483241628	0.14453470919867195	0.0007431542215817766
1.6063031515757888	0.15078317302477406	0.0007366801113545263
1.619309654827413	0.1648145694127371	0.0007302942741899132
1.632316158079039	0.1875188304415859	0.0007239950516834126
1.645322661330665	0.2193148431126627	0.000717780825370995
1.658329164582291	0.2577525237608892	0.000711650015563503
1.671335667833917	0.29450463177158503	0.0007056010802083401
1.684342171085543	0.3183999322085588	0.0006996325137886839
1.697348674337169	0.32822441063859065	0.0006937428462607809
1.710355177588795	0.33683045454218596	0.0006879306420382036
1.723361680840421	0.35856657081353893	0.0006821944990056394
1.736368184092047	0.399761551306426	0.0006765330475586584
1.7493746873436713	0.4553567639207733	0.0006709449496834496
1.7623811905952973	0.5059512339202636	0.000665428898069198
1.7753876938469233	0.5266183775317392	0.00065998361523667
1.7883941970985493	0.5126432188995895	0.0006546078527154275
1.8014007003501753	0.4827529001812212	0.0006493003902405814
1.8144072036018013	0.4497312647695245	0.0006440600349668646
1.8274137068534273	0.4080100067460878	0.0006388856207089066
1.8404202101050533	0.35200485292328043	0.0006337760072331333
1.8534267133566793	0.2900485434076706	0.0006287300795323469
1.8664332166083035	0.2340148968423288	0.0006237467471533753
1.8794397198599295	0.189099120159409	0.0006188249435348236
1.8924462231115555	0.15498047088728806	0.0006139636253688074
1.9054527263631815	0.12947584248688837	0.0006091617719682363
1.9184592296148075	0.11038248387745164	0.0006044183846963813
1.9314657328664335	0.09599693764617723	0.0005997324863448172
1.9444722361180595	0.08512221130982223	0.0005951031206158364
1.9574787393696855	0.0769291540442888	0.0005905293515382493
1.9704852426213115	0.07084183082525841	0.0005860102629621222
1.9834917458729358	0.0664760643608433	0.0005815449580363063
1.9964982491245618	0.06357012332149181	0.0005771325587160536
2.0095047523761878	0.061911892850535444	0.0005727722052742967
2.0225112556278138	0.06137516758207284	0.0005684630558476789
2.0355177588794398	0.06203689219280528	0.0005642042859753671
2.0485242621310658	0.06412651389333957	0.0005599950881547411
2.0615307653826918	0.06783405844227486	0.0005558346714239493
2.0745372686343178	0.07330216862789463	0.0005517222609526806
2.0875437718859438	0.08096050444686276	0.0005476570976185036
2.1005502751375698	0.09174375641136878	0.0005436384376472647
2.113556778389194	0.10650971995787073	0.0005396655522077465
2.12656328164082	0.12467636258244752	0.0005357377270650554
2.139569784892446	0.1425223812672426	0.0005318542622158029
2.152576288144072	0.15384223210918957	0.0005280144715391621
2.165582791395698	0.15604138792077504	0.0005242176824666878
2.178589294647324	0.15367982990951	0.0005204632356485828
2.19159579789895	0.15189785159612967	0.0005167504846459448
2.204602301150576	0.15024879649041933	0.0005130787956170169
2.217608804402202	0.14441514788796728	0.0005094475470114324
2.230615307653826	0.13195498491101842	0.0005058561292949904
2.243621810905452	0.11501443153396129	0.0005023039446536703
2.256628314157078	0.0979314373136374	0.0004987904067182969
2.269634817408704	0.0837099741837305	0.0004953149403096324
2.28264132066033	0.07320421790421117	0.0004918769811598223
2.295647823911956	0.06612879277919159	0.0004884759756756951
2.308654327163582	0.06194985486936899	0.0004851113806877416
2.321660830415208	0.06026368958125172	0.0004817826632055322
2.334667333666834	0.060897450100601436	0.0004784893001897883
2.34767383691846	0.06391642533698394	0.00047523077832523075
2.3606803401700844	0.06960103453616273	0.0004720065938017548
2.3736868434217104	0.07838265661519084	0.00046881625209704847
2.3866933466733364	0.09062244310978329	0.00046565926776676037
2.3996998499249624	0.1058964386030028	0.00046253516424654695
2.4127063531765884	0.12171082216730555	0.0004594434736507891
2.4257128564282144	0.13356550543189916	0.00045638373657597153
2.4387193596798404	0.1386243186263738	0.0004533555019236024
2.4517258629314664	0.13781756493137687	0.00045035832670414777
2.4647323661830924	0.1328015333549052	0.0004473917758737178
2.4777388694347167	0.12560762863013686	0.0004444554221441077
2.4907453726863427	0.11992047193603461	0.0004415488458326955
2.5037518759379687	0.11926642263567044	0.000438671634678367
2.5167583791895947	0.12574845490950293	0.0004358233836987413
2.5297648824412207	0.1403997119746846	0.00043300369502174973
2.5427713856928467	0.16297135062160872	0.00043021217773975273
2.5557778889444727	0.18972455480957628	0.00042744844775777224
2.5687843921960987	0.21047726128570077	0.0004247121276517163
2.5817908954477247	0.21233197784274238	0.00042200284652194053
2.5947973986993507	0.19297562884299457	0.00041932023986357425
2.607803901950975	0.1636096225699285	0.0004166639494265212
2.620810405202601	0.13588740204639382	0.0004140336230871178
2.633816908454227	0.11459129287749936	0.0004114289147163497
2.646823411705853	0.09935340582401853	0.000408849484066387
2.659829914957479	0.08749931327589344	0.0004062949966321394
2.672836418209105	0.07646156414530592	0.00040376512354911576
2.685842921460731	0.06569406251464338	0.0004012595414737419
2.698849424712357	0.05608916137306763	0.00039877793245579607
2.711855927963983	0.048286705668314056	0.0003963199838565856
2.724862431215607	0.04225450982838863	0.0003938853882123894
2.737868934467233	0.03763003036883683	0.0003914738431528564
2.750875437718859	0.03403197363145294	0.0003890850512796584
2.763881940970485	0.031217613126263366	0.0003867187200818911
2.776888444222111	0.029069081015235754	0.0003843745618314909
2.789894947473737	0.02751116749215954	0.00038205229348486913
2.802901450725363	0.026482112123228263	0.0003797516366005338
2.815907953976989	0.025941400551851457	0.0003774723172366157
2.828914457228615	0.025878707099902032	0.00037521406586549233
2.841920960480241	0.026319360542114145	0.00037297661729951415
2.8549274637318653	0.027330808077606017	0.0003707597105823135
2.8679339669834913	0.029033255540637848	0.0003685630889268543
2.8809404702351173	0.03161545806691213	0.00036638649962938974
2.8939469734867433	0.035353216917416885	0.0003642296939816436
2.9069534767383693	0.04062122624857811	0.0003620924272017545
2.9199599799899953	0.04787091115702424	0.0003599744583666631
2.9329664832416213	0.057468524189655645	0.00035787555032396057
2.9459729864932473	0.06911657223996581	0.0003557954696188359
2.9589794897448733	0.08076639795087392	0.0003537339864341238
2.9719859929964976	0.08829724081447432	0.00035169087452835424
2.9849924962481236	0.08824508455039004	0.00034966591114338197
2.9979989994997496	0.0816812768328482	0.00034765887695797915
3.0110055027513773	0.07314030115739079	0.0003456695560233314
3.0240120060030016	0.06606739110311688	0.00034369773569131734
3.037018509254626	0.06094897686759826	0.0003417432065541126
3.0500250125062536	0.056336853376592666	0.0003398057623930084
3.063031515757878	0.051015519064774084	0.00033788520010935574
3.0760380190095056	0.04531844870552415	0.00033598131967516043
3.08904452226113	0.04022829179388221	0.0003340939240658036
3.1020510255127576	0.036315388495652634	0.00033222281922284935
3.115057528764382	0.03370058301382217	0.00033036781397921544
3.1280640320160096	0.03231059107334133	0.0003285287200210929
3.141070535267634	0.03204622969356108	0.000326705351833656
3.1540770385192616	0.03286776386490631	0.0003248975266452181
3.167083541770886	0.03483341999857992	0.00032310506438149034
3.18009004502251	0.038122495730736006	0.0003213277876177312
3.193096548274138	0.043060705000163124	0.0003195655215334492
3.206103051525762	0.05014471285688815	0.00031781809385833526
3.21910955477739	0.06002436988197901	0.00031608533483595824
3.232116058029014	0.07331505614718392	0.00031436707717213963
3.245122561280642	0.09000908831684673	0.0003126631559969839
3.258129064532266	0.10851258426664812	0.00031097340881602875
3.271135567783894	0.1254000123378195	0.0003092976754768273
3.284142071035518	0.13667100637688423	0.0003076357981238731
3.2971485742871423	0.13868476776862138	0.00030598762115052747
3.31015507753877	0.12988109742737897	0.00030435299117603787
3.3231615807903943	0.11334523162017596	0.000302731756996355
3.336168084042022	0.09457716731510757	0.0003011237695458302
3.3491745872936463	0.07778952583086918	0.00029952888186579596
3.362181090545274	0.06481864544037019	0.0002979469490668185
3.3751875937968983	0.05577293237330849	0.00029637782828995096
3.388194097048526	0.04996401177262022	0.00029482137867509195
3.4012006003001503	0.04628577498506492	0.00029327746133356314
3.4142071035517745	0.043268262276740854	0.00029174593929448545
3.4272136068034023	0.03967419037345954	0.00029022667750089326
3.4402201100550265	0.03544232553903326	0.0002887195427482281
3.4532266133066543	0.03137069861213415	0.000287224403676567
3.4662331165582785	0.02808105628464208	0.00028574113072610263
3.4792396198099063	0.02574839264012696	0.0002842695961162711
3.4922461230615305	0.024332583968199595	0.0002828096738047847
3.5052526263131583	0.02377192204735179	0.00028136123946875813
3.5182591295647825	0.02406080338031591	0.00027992417047850715
3.5312656328164067	0.02526495236981441	0.0002784983458506973
3.5442721360680345	0.027486690298438088	0.0002770836462506754
3.5572786393196587	0.030721845843032836	0.0002756799539340715
3.5702851425712865	0.034502867168307416	0.0002742871527494639
3.5832916458229107	0.0374774900782362	0.0002729051280914163
3.5962981490745385	0.037903736934250754	0.0002715337668862672
3.6093046523261627	0.03546103917751564	0.0002701729575594891
3.6223111555777905	0.03167090098661818	0.0002688225900239205
3.6353176588294147	0.02813609155799157	0.0002674825556416849
3.648324162081039	0.025564605544567742	0.00026615274721042415
3.6613306653326667	0.024055077398352553	0.0002648330589370973
3.674337168584291	0.023508874736612673	0.0002635233864147768
3.6873436718359187	0.023803933042393033	0.0002622236265966693
3.700350175087543	0.024817110398917985	0.00026093367779400634
3.7133566783391707	0.026442558217047885	0.0002596534396239747
3.726363181590795	0.02872783608560925	0.00025838281301415744
3.7393696848424227	0.031996272857921504	0.0002571217001663406
3.752376188094047	0.036761508805589926	0.00025587000455018494
3.7653826913456747	0.043600520018635014	0.0002546276308703632
3.778389194597299	0.05302965423115569	0.00025339448505645734
3.791395697848923	0.06505850717236339	0.0002521704742397546
3.804402201100551	0.07808293221346085	0.0002509555067335967
3.817408704352175	0.08788920242002785	0.0002497494920219445
3.830415207603803	0.08983813623503045	0.00024855234072840293
3.843421710855427	0.08381521374879985	0.0002473639646122239
3.856428214107055	0.07398380192149923	0.0002461842765452138
3.869434717358679	0.06425990608373966	0.0002450131904941921
3.882441220610307	0.056689364787128715	0.0002438506215043379
3.895447723861931	0.051872546762430916	0.00024269648567920576
3.9084542271135554	0.049314011110669576	0.00024155070017783942
3.921460730365183	0.047770119623233076	0.00024041318318002158
3.9344672336168074	0.046004070401304165	0.00023928385388916062
3.947473736868435	0.04359215592372212	0.0002381626325033137
3.9604802401200594	0.04084643007502231	0.00023704944020652707
3.973486743371687	0.03821663547363896	0.00023594419915007325
3.9864932466233114	0.03622585523574162	0.00023484683244534565
3.999499749874939	0.03548565699430695	0.00023375726414387454
4.012506253126563	0.03645021487537792	0.0002326754192192304
4.025512756378188	0.03931414139699985	0.00023160122356946644
4.038519259629815	0.043872133058796	0.00023053460397970404
4.05152576288144	0.04907950645873316	0.00022947548813179175
4.064532266133067	0.05285097813909301	0.00022842380457854805
4.077538769384692	0.05320202954704989	0.0002273794827307718
4.090545272636319	0.04985261523349627	0.00022634245285113597
4.103551775887944	0.04418819908439919	0.00022531264603675716
4.116558279139571	0.03812214443270434	0.0002242899942092036
4.129564782391196	0.03301730319946672	0.00022327443010228265
4.14257128564282	0.02936038298702459	0.00022226588724827412
4.155577788894448	0.027125283816865298	0.00022126429997082475
4.168584292146072	0.026161773191429427	0.00022026960337084844
4.1815907953977	0.026378239394777125	0.00021928173330809653
4.194597298649324	0.02779989758322421	0.00021830062641381431
4.207603801900952	0.03058012901697682	0.00021732622004577706
4.220610305152576	0.034972674988843155	0.00021635845230405515
4.233616808404204	0.04118768156337593	0.00021539726201358356
4.246623311655828	0.04894359682709115	0.00021444258870895183
4.259629814907456	0.056624864500810945	0.0002134943726280758
4.27263631815908	0.06104992454313651	0.0002125525547048701
4.285642821410704	0.059912729647026874	0.0002116170765561476
4.298649324662332	0.0546781550362887	0.0002106878804685186
4.311655827913956	0.04884419420769426	0.0002097649093989462
4.324662331165584	0.044776375544230085	0.0002088481069524306
4.337668834417208	0.04321963782659921	0.00020793741738822646
4.350675337668836	0.043924344539939764	0.00020703278559197624
4.36368184092046	0.045792730540917814	0.00020613415709103133
4.376688344172088	0.046905979803270825	0.00020524147802369885
4.389694847423712	0.045643887329139265	0.00020435469513868654
4.402701350675336	0.042207589670046786	0.00020347375579266025
4.415707853926964	0.03816806750108703	0.0002025986079319253
4.428714357178588	0.03493201030414428	0.00020172920009076112
4.441720860430216	0.03318340768153705	0.00020086548137887572
4.45472736368184	0.033145436194906064	0.00020000740148540253
4.467733866933468	0.03493318220885833	0.0001991549106508117
4.480740370185092	0.03872310834521142	0.0001983079596794557
4.49374687343672	0.04469924003843917	0.0001974664999121467
4.506753376688344	0.05266848474154706	0.00019663048324503052
4.5197598799399685	0.06123178997293177	0.00019579986209639078
4.532766383191596	0.06724530074946244	0.0001949745894109789
4.5457728864432205	0.06767642497838078	0.00019415461865790462
4.558779389694848	0.06305886859578291	0.000193339903810541
4.5717858929464725	0.05700639000865804	0.00019253039935129834
4.5847923961981	0.0526244110092966	0.00019172606026374162
4.5977988994497245	0.05116516503135782	0.00019092684201604815
4.610805402701352	0.052529395260524914	0.00019013270056777998
4.6238119059529765	0.05550691770505933	0.00018934359235234233
4.636818409204601	0.05793471874123168	0.00018855947427964814
4.6498249124562285	0.058262120045715626	0.00018778030372401666
4.662831415707853	0.05730350708043752	0.00018700603851973252
4.6758379189594805	0.056865937350398355	0.0001862366369548285
4.688844422211105	0.057090572925434624	0.00018547205776653364
4.7018509254627325	0.05590999484401682	0.00018471226013372366
4.714857428714357	0.05132976060274819	0.0001839572036702597
4.7278639319659845	0.04404029308553259	0.00018320684842565438
4.740870435217609	0.036354078664469935	0.00018246115487119408
4.7538769384692365	0.029807166129774076	0.00018172008389671923
4.766883441720861	0.02476756441246042	0.0001809835968117346
4.779889944972485	0.021057103726432214	0.0001802516553279787
4.792896448224113	0.0183894875500743	0.00017952422156553016
4.805902951475737	0.016525900041877484	0.0001788012580465903
4.818909454727365	0.015304664542013402	0.0001780827276801622
4.831915957978989	0.014635121326657785	0.0001773685937630498
4.844922461230617	0.01448598088007802	0.00017665881998751853
4.857928964482241	0.014870751958423578	0.00017595337041298453
4.870935467733869	0.015814733153664107	0.00017525220947556264
4.883941970985493	0.01727175253578528	0.0001745553019832924
4.896948474237117	0.018993886284942807	0.00017386261310425866
4.909954977488745	0.020534757219950128	0.00017317410837647262
4.922961480740369	0.021543908786015975	0.0001724897536815595
4.935967983991997	0.021886515945764184	0.00017180951526118982
4.948974487243621	0.021504040418661607	0.0001711333596965403
4.961980990495249	0.02055911532556076	0.00017046125392305989
4.974987493746873	0.01933716920336881	0.0001697931652006046
4.987993996998501	0.017928422346147777	0.00016912906113242254
5.001000500250125	0.016438450578333708	0.00016846890964450356
5.014007003501749	0.015175095165126273	0.0001678126789995682
5.027013506753377	0.014344825106437864	0.00016716033777097739
5.040020010005001	0.013805482015794013	0.00016651185485550002
5.053026513256629	0.013145412129944356	0.00016586719946143358
5.066033016508253	0.012086881454329235	0.0001652263411159316
5.079039519759881	0.010785926591701411	0.0001645892496378032
5.092046023011505	0.009569290201626224	0.00016395589516027265
5.105052526263133	0.00861964791233305	0.0001633262481085529
5.118059029514757	0.007969082690460816	0.00016270027920883834
5.131065532766382	0.007590140119292266	0.0001620779594802002
5.144072036018009	0.0074428222166978975	0.00016145926021993162
5.157078539269634	0.007477374302860995	0.0001608441530219773
5.170085042521261	0.007630632958823269	0.0001602326097518425
5.183091545772886	0.00786725299974933	0.00015962460256258026
5.196098049024513	0.008240851961694107	0.00015902010387369714
5.209104552276138	0.008871982269951895	0.000158419086380035
5.2221110555277654	0.00988128217248918	0.00015782152304499864
5.23511755877939	0.011345948039338083	0.00015722738709811335
5.2481240620310174	0.01321701054936808	0.00015663665202581
5.261130565282642	0.015157802710885404	0.00015604929157608805
5.274137068534266	0.016537254341641328	0.00015546527975718316
5.287143571785894	0.016941608273514652	0.00015488459082357853
5.300150075037518	0.016586835535494227	0.00015430719927789216
5.313156578289146	0.015846868667135805	0.00015373307987909257
5.32616308154077	0.014866307136210177	0.0001531622076221817
5.339169584792398	0.013679374945672507	0.00015259455774452313
5.352176088044022	0.012299685640524527	0.00015203010572406583
5.36518259129565	0.010835429807450336	0.00015146882727334887
5.378189094547274	0.009510469100178942	0.0001509106983352826
5.391195597798898	0.008504515554495828	0.0001503556950861462
5.404202101050526	0.007876409304824361	0.0001498037939279273
5.41720860430215	0.007609847581513063	0.00014925497148576827
5.430215107553778	0.0076510710153359085	0.00014870920461140802
5.443221610805402	0.00789968213500658	0.00014816647037441122
5.45622811405703	0.008216400713138783	0.0001476267460581715
5.469234617308654	0.008516845600288758	0.0001470900091661287
5.482241120560282	0.008809512457998991	0.00014655623740655876
5.495247623811906	0.009052973646350382	0.00014602540870389813
5.50825412706353	0.009131979912843424	0.0001454975011887516
5.521260630315158	0.009068384302555521	0.00014497249319711525
5.534267133566782	0.009013592652605373	0.0001444503632638261
5.54727363681841	0.008997558051398347	0.00014393109012633687
5.560280140070034	0.00892371080602461	0.00014341465272393883
5.573286643321662	0.00878089297612894	0.00014290103018665956
5.586293146573286	0.008611690399250693	0.00014239020184037
5.599299649824914	0.008335247361427323	0.00014188214720101122
5.612306153076538	0.007873578844676432	0.00014137684597614886
5.625312656328163	0.007349243290135976	0.00014087427806142028
5.63831915957979	0.006938688183172337	0.00014037442353098672
5.651325662831415	0.006650912811933196	0.00013987726265030087
5.664332166083042	0.006325779200779258	0.00013938277586134085
5.677338669334667	0.005835919407725099	0.00013889094378971567
5.690345172586294	0.0052514438494472016	0.00013840174722823395
5.703351675837919	0.004729727041244858	0.0001379151671534462
5.716358179089546	0.004360009326967229	0.0001374311847168741
5.729364682341171	0.004143874440059814	0.00013694978123346413
5.742371185592798	0.004017446937829017	0.00013647093819024736
5.755377688844423	0.003874225375916529	0.00013599463724500716
5.768384192096047	0.0036335508147901097	0.0001355208602213942
5.781390695347675	0.003310813425395076	0.0001350495891024872
5.794397198599299	0.002982045170987213	0.00013458080603290234
5.807403701850927	0.0027037302351232695	0.00013411449332456638
5.820410205102551	0.0024927010368146485	0.000133650633443394
5.833416708354179	0.002345550661496776	0.0001331892090128406
5.846423211605803	0.002255187543913517	0.00013273020280746284
5.859429714857431	0.0022174400851910914	0.0001322735977627998
5.872436218109055	0.0022321894712459267	0.00013181937696271628
5.885442721360679	0.002300922414559037	0.0001313675236426226
5.898449224612307	0.0024186018988101576	0.00013091802118248008
5.911455727863931	0.0025585425072465195	0.0001304708531119081
5.924462231115559	0.0026675527744333127	0.00013002600310940693
5.937468734367183	0.002704210203826163	0.00012958345499169965
5.950475237618811	0.002676191856803456	0.0001291431927187281
5.963481740870435	0.002602937423567986	0.00012870520039875988
5.976488244122063	0.0024923469418786093	0.000128269462266406
5.989494747373687	0.002373157269573878	0.00012783596270504738
6.002501250625311	0.002284712657214083	0.00012740468623240186
6.015507753876939	0.002234105205064396	0.00012697561749452912
6.028514257128563	0.002183139171703985	0.00012654874127848714
6.041520760380191	0.0020809422995912152	0.00012612404250356146
6.054527263631815	0.001921803930584276	0.00012570150621460385
6.067533766883443	0.0017460339389020474	0.00012528111758869365
6.080540270135067	0.0015896417169919408	0.00012486286193280627
6.093546773386695	0.0014646601992237551	0.00012444672467359918
6.106553276638319	0.0013691363524634959	0.000124032691372844
6.1195597798899435	0.0012974285657679774	0.00012362074770977394
6.132566283141571	0.0012444440981895788	0.0001232108794911868
6.1455727863931955	0.001206653855654105	0.00012280307263790036
6.158579289644823	0.0011820972320121248	0.00012239731320018432
6.1715857928964475	0.001170237086344672	0.00012199358733855359
6.184592296148075	0.001171905768846182	0.00012159188133986643
6.1975987993996995	0.0011893323104990028	0.00012119218160133727
6.210605302651327	0.0012259883970912044	0.00012079447463619886
6.2236118059029515	0.0012853731249016231	0.0001203987470764778
6.236618309154579	0.0013665598807898194	0.00012000498566100415
6.2496248124062035	0.0014540119370616278	0.00011961317724551446
6.262631315657828	0.0015088837723509219	0.00011922330879210463
6.2756378189094555	0.0014899706957045566	0.00011883536737766764
6.28864432216108	0.0014000618688423394	0.00011844934018023778
6.3016508254127075	0.0012820607603558631	0.00011806521449597707
6.314657328664332	0.0011721689368342503	0.0001176829777185251
6.3276638319159595	0.0010833265005789627	0.0001173026173482139
6.340670335167584	0.0010150853146220218	0.00011692412099151284
6.3536768384192115	0.0009631549233450887	0.00011654747635736484
6.366683341670836	0.0009232970916084327	0.00011617267125707542
6.37968984492246	0.0008922550368731796	0.00011579969360475673
6.392696348174088	0.0008677190097051701	0.00011542853140689147
6.405702851425712	0.000848094136921218	0.00011505917277965239
6.41870935467734	0.0008322869622224838	0.00011469160593147176
6.431715857928964	0.0008195493661791176	0.0001143258191674823
6.444722361180592	0.0008093727430654729	0.000113961800888851
6.457728864432216	0.0008014184001289282	0.00011359953959722002
6.470735367683844	0.0007954725896426318	0.00011323902387927465
6.483741870935468	0.0007914181650939822	0.00011288024242472883
6.496748374187092	0.0007892177249099186	0.00011252318400722938
6.50975487743872	0.0007889051354471599	0.00011216783750200854
6.522761380690344	0.0007905837378299196	0.00011181419186401254
6.535767883941972	0.0007944305863968326	0.00011146223613733852
6.548774387193596	0.0008007069425126634	0.00011111195947011154
6.561780890445224	0.0008097761281005145	0.00011076335108128887
6.574787393696848	0.0008221309007886424	0.0001104164002874164
6.587793896948476	0.0008384339560270071	0.00011007109648741853
6.6008004002001	0.0008595772831384574	0.00010972742916537381
6.613806903451724	0.0008867693312154534	0.0001093853878896267
6.626813406703352	0.0009216638955253931	0.00010904496231189942
6.639819909954976	0.0009665520879763578	0.00010870614217051155
6.652826413206604	0.0010246492039738264	0.00010836891728494003
6.665832916458228	0.001100520042730646	0.00010803327754893566
6.678839419709856	0.0012006883522404088	0.00010769921294584428
6.69184592296148	0.0013344250533955382	0.00010736671353461791
6.704852426213108	0.00151446000491251	0.00010703576945403359
6.717858929464732	0.0017565020192973346	0.00010670637092091706
6.73086543271636	0.0020742033467410215	0.0001063785082270341
6.743871935967984	0.0024630783278726254	0.00010605217174852744
6.756878439219609	0.0028728049727009264	0.0001057273519267099
6.769884942471236	0.0032017301264953835	0.00010540403928605002
6.782891445722861	0.0033636208705574155	0.00010508222442384696
6.795897948974488	0.003364983269609989	0.00010476189801011948
6.808904452226113	0.0032629739786074197	0.00010444305079115868
6.82191095547774	0.003070808632439137	0.00010412567358120128
6.834917458729365	0.0027861283366032996	0.00010380975726509423
6.847923961980992	0.002467023950865399	0.0001034952928071764
6.860930465232617	0.0021935770899403906	0.00010318227123473633
6.873936968484241	0.0020058438335638362	0.00010287068364844831
6.886943471735869	0.0019014597712792014	0.00010256052121671022
6.899949974987493	0.0018523039412375875	0.00010225177517420025
6.912956478239121	0.0018232196276382062	0.00010194443682676191
6.925962981490745	0.0017978886947299655	0.00010163849754785126
6.938969484742373	0.0017783781498668105	0.0001013339487752063
6.951975987993997	0.001759577116442368	0.00010103078201151305
6.964982491245625	0.0017349917441423779	0.00010072898882984571
6.977988994497249	0.00171320631550953	0.00010042856086200924
6.990995497748873	0.0017001880049130058	0.00010012948980919756
7.004002001000501	0.001692049098956816	9.983176743377786e-05
7.017008504252125	0.001699654264685213	9.953538555795838e-05
7.030015007503753	0.001751605709793158	9.924033607033866e-05
7.043021510755377	0.0018693781604923743	9.894661092157975e-05
7.056028014007005	0.002046445273206965	9.865420212240572e-05
7.069034517258629	0.0022302428131770746	9.83631017423825e-05
7.082041020510257	0.002327709252404997	9.807330191413666e-05
7.095047523761881	0.002280071644493953	9.778479482769331e-05
7.108054027013505	0.002133471959334887	9.749757273236348e-05
7.121060530265133	0.001986243730310422	9.721162793996374e-05
7.134067033516757	0.0019008576457526516	9.692695281338093e-05
7.147073536768385	0.0018814916739317011	9.664353977778539e-05
7.160080040020009	0.001885526559783135	9.636138131152716e-05
7.173086543271637	0.001850544142779964	9.608046995523978e-05
7.186093046523261	0.00173914184593138	9.580079829962784e-05
7.199099549774889	0.001564644280178662	9.552235899668027e-05
7.212106053026513	0.0013740424679542507	9.524514473946422e-05
7.2251125562781375	0.0012073707789342913	9.496914829631997e-05
7.238119059529765	0.0010796709319597086	9.469436247588892e-05
7.2511255627813895	0.0009902141220129446	9.442078014021416e-05
7.264132066033017	0.0009339860092070218	9.414839420684995e-05
7.2771385692846415	0.0009066913218978012	9.387719764708535e-05
7.290145072536269	0.0009050101395564614	9.36071834823915e-05
7.3031515757878935	0.000923206022464762	9.333834479108294e-05
7.316158079039521	0.000946459627318097	9.307067469177532e-05
7.3291645822911455	0.0009488205838524832	9.280416636114897e-05
7.342171085542773	0.0009114329456733072	9.253881302684341e-05
7.3551775887943975	0.0008439420985272283	9.227460796334963e-05
7.368184092046022	0.000770791288522088	9.201154449300919e-05
7.3811905952976495	0.0007075756332909355	9.17496159881237e-05
7.394197098549274	0.0006581871712629805	9.14888158753957e-05
7.4072036018009015	0.0006211856953736161	9.122913762038554e-05
7.420210105052526	0.0005940406843744084	9.097057473883563e-05
7.4332166083041535	0.00057461601500719	9.071312080088934e-05
7.446223111555778	0.0005614574054887411	9.045676941354941e-05
7.4592296148074055	0.0005537448227109776	9.020151423344558e-05
7.47223611805903	0.0005512122047206525	8.994734896405898e-05
7.485242621310654	0.0005541193892584229	8.969426735561115e-05
7.498249124562282	0.000563296502853472	8.944226320040105e-05
7.511255627813906	0.000580260049575565	8.91913303381342e-05
7.524262131065534	0.0006073622191525851	8.894146265092662e-05
7.537268634317158	0.0006477950865817483	8.869265406685756e-05
7.550275137568786	0.0007048348610957378	8.84448985539743e-05
7.56328164082041	0.0007787240823711183	8.819819012662045e-05
7.576288144072038	0.0008590278687334862	8.795252284332644e-05
7.589294647323662	0.0009166583856553556	8.77078907997042e-05
7.602301150575286	0.0009169675045470616	8.746428813721785e-05
7.615307653826914	0.0008573007236801766	8.72217090406302e-05
7.628314157078538	0.0007704325948034718	8.698014772989815e-05
7.641320660330166	0.0006874016564926144	8.673959847449453e-05
7.65432716358179	0.0006204903493466363	8.650005557631069e-05
7.667333666833418	0.0005701214987473557	8.62615133832012e-05
7.680340170085042	0.0005330213758584224	8.602396627876985e-05
7.69334667333667	0.0005057658854867864	8.578740869213952e-05
7.706353176588294	0.0004856915310047505	8.55518350846296e-05
7.719359679839918	0.00047091306885160833	8.531723996396678e-05
7.732366183091546	0.00046014409122885347	8.508361786530028e-05
7.74537268634317	0.00045252393332506635	8.485096337440545e-05
7.758379189594798	0.0004474907311129428	8.461927111036438e-05
7.771385692846422	0.00044469714449202336	8.438853572534377e-05
7.78439219609805	0.0004439581071573606	8.415875191747357e-05
7.7973986993496744	0.0004452218729414925	8.392991441419362e-05
7.810405202601302	0.00044855898845697073	8.370201798213461e-05
7.8234117058529264	0.00045416694337407915	8.347505742833938e-05
7.836418209104554	0.00046239108157197784	8.324902759049291e-05
7.8494247123561784	0.00047376520236719344	8.302392334069708e-05
7.862431215607803	0.0004890782827419171	8.279973959723907e-05
7.8754377188594304	0.0005094760724556613	8.257647129827905e-05
7.888444222111055	0.0005366035410769854	8.235411343293642e-05
7.9014507253626824	0.000572770011851409	8.213266100809413e-05
7.914457228614307	0.0006210220567341995	8.191210907970703e-05
7.9274637318659344	0.0006847105642600049	8.169245273070835e-05
7.940470235117559	0.0007654855473686606	8.147368707434044e-05
7.9534767383691864	0.0008583675386727441	8.125580726781045e-05
7.966483241620811	0.000946732079956214	8.103880849352763e-05
7.979489744872435	0.0010102138626422175	8.08226859683181e-05
7.992496248124063	0.001048262667182942	8.060743494420208e-05
8.005502751375687	0.001086015936395457	8.039305069784675e-05
8.018509254627315	0.0011497428462460269	8.017952854844079e-05
8.031515757878939	0.001244471138394987	7.996686383937579e-05
8.044522261130567	0.0013484748724708062	7.975505195412236e-05
8.057528764382191	0.0014266035865539983	7.954408829480286e-05
8.070535267633819	0.0014597907123947707	7.933396830384076e-05
8.083541770885443	0.001461726236406502	7.912468745674417e-05
8.096548274137067	0.0014666654193722373	7.891624124711782e-05
8.109554777388695	0.0015015706205242507	7.870862521541788e-05
8.12256128064032	0.00156681053808716	7.850183491675544e-05
8.135567783891947	0.0016402422435689568	7.829586594865212e-05
8.148574287143571	0.001685359178415391	7.809071392717026e-05
8.161580790395199	0.0016590866865768827	7.788637450478753e-05
8.174587293646823	0.0015452174092988047	7.76828433625143e-05
8.187593796898451	0.0013776599757143737	7.74801162118921e-05
8.200600300150075	0.001211131684648814	7.727818878411341e-05
8.2136068034017	0.0010805829294242564	7.70770568472301e-05
8.226613306653327	0.0009941575285399296	7.687671620004721e-05
8.239619809904951	0.0009439404932739537	7.66771626562468e-05
8.25262631315658	0.0009143928645576338	7.647839207325369e-05
8.265632816408203	0.0008923665475381037	7.628040032203742e-05
8.278639319659831	0.0008785571887486299	7.608318331131514e-05
8.291645822911455	0.0008846767766979013	7.58867369718974e-05
8.304652326163083	0.0009224271282114449	7.569105726012992e-05
8.317658829414707	0.0009995948498965346	7.549614015955886e-05
8.330665332666335	0.001118055319697775	7.530198168892444e-05
8.34367183591796	0.0012635488850138987	7.510857788028957e-05
8.356678339169584	0.0013888440300149352	7.491592479835774e-05
8.369684842421211	0.0014237364442869493	7.47240185322573e-05
8.382691345672836	0.0013416215590482672	7.453285519953834e-05
8.395697848924463	0.001193507401589411	7.434243093762394e-05
8.408704352176088	0.0010463911510244506	7.415274191191479e-05
8.421710855427715	0.0009343608031724404	7.396378431734352e-05
8.43471735867934	0.0008646168494889084	7.377555436605121e-05
8.447723861930967	0.000834528572096982	7.358804829959986e-05
8.460730365182592	0.0008391155673306283	7.340126238086775e-05
8.473736868434216	0.0008697392399920068	7.321519289993361e-05
8.486743371685844	0.0009089812104523531	7.30298361693027e-05
8.499749874937468	0.0009346136152179607	7.284518852768151e-05
8.512756378189096	0.0009412786529632289	7.266124633220628e-05
8.52576288144072	0.0009483600817874471	7.247800596799081e-05
8.538769384692348	0.0009747579529211237	7.229546384246444e-05
8.551775887943972	0.0010153290713411645	7.211361638403968e-05
8.5647823911956	0.001038788615524533	7.193246004855158e-05
8.577788894447224	0.0010158714761928644	7.175199131359555e-05
8.590795397698848	0.0009564918965540015	7.157220667275421e-05
8.603801900950476	0.0008969084229984992	7.139310264892007e-05
8.6168084042021	0.0008612795517176641	7.121467578252716e-05
8.629814907453728	0.0008482752295997376	7.103692264709416e-05
8.642821410705352	0.0008346955575639914	7.085983982224597e-05
8.65582791395698	0.0007930152494908249	7.068342391935989e-05
8.668834417208604	0.000720075505936113	7.050767156902005e-05
8.681840920460232	0.0006370060917602061	7.03325794222387e-05
8.694847423711856	0.0005628185167276811	7.015814415334276e-05
8.70785392696348	0.0005039777720864391	6.998436245297945e-05
8.720860430215108	0.00045955457791779786	6.981123103988462e-05
8.733866933466732	0.00042659990715210316	6.963874664733805e-05
8.74687343671836	0.0004023577599899797	6.946690603482075e-05
8.759879939969984	0.0003847797591376434	6.929570597569157e-05
8.772886443221612	0.0003724928466446453	6.912514326951058e-05
8.785892946473236	0.00036466625418540843	6.89552147343786e-05
8.798899449724864	0.00036090600875915424	6.878591720194116e-05
8.811905952976488	0.0003612037768465637	6.861724753381981e-05
8.824912456228116	0.0003659430515389195	6.844920260784537e-05
8.83791895947974	0.00037596398744921267	6.828177931372803e-05
8.850925462731364	0.00039268597613739686	6.811497457603899e-05
8.863931965982992	0.0004182601735861491	6.79487853215699e-05
8.876938469234616	0.00045560974758895867	6.778320850864272e-05
8.889944972486244	0.0005078495522663484	6.761824110834702e-05
8.902951475737868	0.0005757130036087021	6.745388011419884e-05
8.915957978989496	0.0006509163608238167	6.729012253370303e-05
8.92896448224112	0.0007082306867207677	6.712696539512564e-05
8.941970985492748	0.000714766712690218	6.696440575060247e-05
8.954977488744372	0.0006642357171362523	6.68024406623724e-05
8.967983991995997	0.0005851250535464647	6.664106721210317e-05
8.980990495247624	0.000507411870967367	6.648028250488824e-05
8.993996998499249	0.000443928528981119	6.632008365548003e-05
9.007003501750876	0.0003956921324248519	6.616046780594242e-05
9.0200100050025	0.0003597861100204103	6.600143210866438e-05
9.033016508254128	0.0003329797318786243	6.5842973736574e-05
9.046023011505753	0.0003127098578956655	6.568508987803146e-05
9.05902951475738	0.0002971350459366473	6.552777773771723e-05
9.072036018009005	0.0002849731749833273	6.53710345447367e-05
9.085042521260629	0.0002753357904186071	6.52148575345235e-05
9.098049024512257	0.00026760321652830044	6.505924396627005e-05
9.111055527763881	0.0002613385164552673	6.490419111426782e-05
9.124062031015509	0.0002562299722060901	6.474969626868443e-05
9.137068534267133	0.00025205288073493204	6.459575673578577e-05
9.15007503751876	0.00024864408901603685	6.44423698427099e-05
9.163081540770385	0.00024588489781796063	6.428953292525463e-05
9.176088044022013	0.00024368950592501548	6.413724334042303e-05
9.189094547273637	0.00024199717980266655	6.398549846009516e-05
9.202101050525261	0.0002407669864906703	6.383429567169419e-05
9.215107553776889	0.00023997434936762208	6.368363237607699e-05
9.228114057028513	0.00023960896468566695	6.353350599597185e-05
9.241120560280141	0.00023967380799805316	6.338391396365495e-05
9.254127063531765	0.00024018510162771012	6.323485373072035e-05
9.267133566783393	0.00024117323362993215	6.30863227595313e-05
9.280140070035017	0.00024268473657385048	6.293831853543264e-05
9.293146573286645	0.00024478557242024745	6.279083854732193e-05
9.30615307653827	0.00024756615281296135	6.264388030696733e-05
9.319159579789897	0.00025114878715637445	6.249744134467772e-05
9.332166083041521	0.00025569864181096413	6.235151919276039e-05
9.345172586293145	0.00026143987305915495	6.220611141027899e-05
9.358179089544773	0.00026867941018726693	6.206121556862065e-05
9.371185592796397	0.00027784181611423264	6.191682924783226e-05
9.384192096048025	0.0002895190322923513	6.17729500459463e-05
9.39719859929965	0.0003045357246224123	6.162957557243054e-05
9.410205102551277	0.00032401458333819466	6.148670346051155e-05
9.423211605802901	0.0003493684489904725	6.134433134241668e-05
9.43621810905453	0.00038199491763557525	6.120245687690762e-05
9.449224612306153	0.00042224773210253197	6.106107773284908e-05
9.462231115557778	0.00046777424028088266	6.092019158954187e-05
9.475237618809405	0.0005140470766547001	6.077979614227402e-05
9.48824412206103	0.0005602770687169745	6.063988910143259e-05
9.501250625312657	0.0006126290047760996	6.050046819028321e-05
9.514257128564282	0.0006755378835143766	6.0361531138641844e-05
9.52726363181591	0.0007420367678970807	6.022307570063834e-05
9.540270135067534	0.000797260110378839	6.008509963684183e-05
9.553276638319161	0.0008335134651418219	5.994760072325356e-05
9.566283141570786	0.0008594584309327136	5.981057674664392e-05
9.57928964482241	0.0008901599489390399	5.967402550810519e-05
9.592296148074038	0.0009261633748713916	5.9537944820609034e-05
9.605302651325662	0.0009472721425465291	5.9402332515223755e-05
9.61830915457729	0.0009322913784467479	5.9267186423905827e-05
9.631315657828914	0.00088100373592781	5.913250440170437e-05
9.644322161080542	0.0008129885019930727	5.899828431454868e-05
9.657328664332166	0.0007482670132651359	5.886452403425224e-05
9.670335167583794	0.0006965146474307016	5.8731221452390514e-05
9.683341670835418	0.0006595452395810053	5.859837446986482e-05
9.696348174087042	0.0006376771297773587	5.8465980998678724e-05
9.70935467733867	0.0006348831070410732	5.833403896204903e-05
9.722361180590294	0.0006571803191190995	5.820254630117816e-05
9.735367683841922	0.0007093556128247025	5.8071500960821254e-05
9.748374187093546	0.0007923634097400933	5.794090090160964e-05
9.761380690345174	0.0008965643747927965	5.781074409583198e-05
9.774387193596798	0.000992155531742922	5.768102853143109e-05
9.787393696848426	0.0010357038574418942	5.755175219734898e-05
9.80040020010005	0.00100482465364371	5.7422913100624307e-05
9.813406703351678	0.0009206254044341611	5.7294509264949056e-05
9.826413206603302	0.000823006611488486	5.716653871534749e-05
9.839419709854926	0.0007379972177146144	5.703899949160984e-05
9.852426213106554	0.0006759797681836766	5.691188964673799e-05
9.865432716358178	0.0006413879541709022	5.6785207242393554e-05
9.878439219609806	0.0006364127985063472	5.665895035378288e-05
9.89144572286143	0.0006625015153095548	5.6533117065771243e-05
9.904452226113058	0.0007205545946283864	5.640770547254981e-05
9.917458729364682	0.0008069904398331218	5.6282713679411955e-05
9.93046523261631	0.0009049302804068349	5.615813980297535e-05
9.943471735867934	0.0009802960935032523	5.603398197051579e-05
9.956478239119559	0.0009989368717704394	5.591023832440811e-05
9.969484742371186	0.0009485514544701479	5.578690700780431e-05
9.98249124562281	0.0008439731508993464	5.566398618050972e-05
9.995497748874438	0.0007198962444090462	5.554147401520826e-05
10.008504252126063	0.0006067535996756579	5.5419368685361015e-05
10.02151075537769	0.0005165797677968431	5.529766838341388e-05
10.034517258629315	0.0004488936491761075	5.5176371310139416e-05
10.047523761880942	0.00039921530397457605	5.505547567563607e-05
10.060530265132567	0.00036307749248132293	5.4934979696330544e-05
10.07353676838419	0.00033708652437214326	5.481488160441472e-05
10.086543271635819	0.00031893764832480187	5.469517963729853e-05
10.099549774887443	0.0003072084099358108	5.457587204660275e-05
10.11255627813907	0.0003011811456158364	5.4456957089721314e-05
10.125562781390695	0.0003007491132823725	5.4338433034373246e-05
10.138569284642323	0.0003064048513057305	5.4220298163154546e-05
10.151575787893947	0.0003192802550480156	5.410255075832815e-05
10.164582291145575	0.0003411295425983507	5.398518911636785e-05
10.177588794397199	0.000373896253510031	5.3868211551177936e-05
10.190595297648823	0.00041791396383084045	5.3751616370556476e-05
10.20360180090045	0.00046732846014685414	5.363540190594929e-05
10.216608304152075	0.0005047149860525346	5.351956648902423e-05
10.229614807403703	0.0005076342134551215	5.340410846155219e-05
10.242621310655327	0.0004720774641858716	5.328902617673936e-05
10.255627813906955	0.0004176514136977616	5.317431799889416e-05
10.268634317158579	0.0003647450994368473	5.3059982295766694e-05
10.281640820410207	0.00032204386810441576	5.294601744809668e-05
10.294647323661831	0.00029026696106759786	5.283242184517256e-05
10.307653826913459	0.0002675346332844386	5.2719193883055127e-05
10.320660330165083	0.0002518292432333036	5.260633196479958e-05
10.333666833416707	0.00024168128880419637	5.249383451055856e-05
10.346673336668335	0.00023624301228564182	5.238169993970754e-05
10.35967983991996	0.0002352286736028164	5.226992668461161e-05
10.372686343171587	0.0002388457751421047	5.215851318540743e-05
10.385692846423211	0.0002476629469990721	5.204745789266774e-05
10.398699349674839	0.00026214860888595926	5.1936759261517196e-05
10.411705852926463	0.0002812941210273978	5.182641575696145e-05
10.424712356178091	0.0003000214072991225	5.171642585155567e-05
10.437718859429715	0.0003084065740561748	5.160678803362018e-05
10.45072536268134	0.0002991060349728514	5.1497500787256456e-05
10.463731865932967	0.0002762385966623704	5.138856261299729e-05
10.476738369184591	0.000249984595576791	5.1279972014817155e-05
10.48974487243622	0.00022690761837873552	5.1171727509014e-05
10.502751375687843	0.0002087239691751508	5.1063827619768354e-05
10.515757878939471	0.00019490487177398208	5.095627087292609e-05
10.528764382191095	0.0001844251129978769	5.084905581009824e-05
10.541770885442723	0.00017637596114972176	5.074218097655958e-05
10.554777388694347	0.00017007908476474043	5.06356449236911e-05
10.567783891945972	0.00016505528987131868	5.052944621475319e-05
10.5807903951976	0.0001609706489641427	5.0423583419334506e-05
10.593796898449224	0.0001575915791783844	5.031805511623855e-05
10.606803401700851	0.00015475281428201093	5.02128598821594e-05
10.619809904952476	0.0001523357185424512	5.010799631721685e-05
10.632816408204103	0.00015025381704025786	5.000346301364811e-05
10.645822911455728	0.00014844312880213373	4.98992585842295e-05
10.658829414707355	0.00014685565236882692	4.979538164240349e-05
10.67183591795898	0.0001454549224645385	4.9691830804943216e-05
10.684842421210604	0.00014421293845034988	4.958860470383186e-05
10.697848924462232	0.00014310801209893587	4.948570197338409e-05
10.710855427713856	0.00014212323979578834	4.938312126079314e-05
10.723861930965484	0.00014124540503790417	4.928086121036568e-05
10.736868434217108	0.00014046418191171473	4.9178920483505806e-05
10.749874937468736	0.00013977155238353856	4.9077297742727843e-05
10.76288144072036	0.00013916137789360405	4.89759916584287e-05
10.775887943971988	0.00013862908438766475	4.887500091332875e-05
10.788894447223612	0.00013817143230610007	4.877432418870509e-05
10.801900950475236	0.00013778635182093435	4.8673960177270104e-05
10.814907453726864	0.0001374728295334693	4.857390758250535e-05
10.827913956978488	0.00013723083733219177	4.8474165101564104e-05
10.840920460230116	0.0001370612972302343	4.8374731454026154e-05
10.85392696348174	0.00013696607866175992	4.827560535813902e-05
10.866933466733368	0.00013694802661390337	4.8176785539033595e-05
10.879939969984992	0.00013701102104746177	4.80782707263927e-05
10.89294647323662	0.0001371600696434827	4.798005966510921e-05
10.905952976488244	0.00013740143804441551	4.7882151097522474e-05
10.918959479739872	0.00013774282380463188	4.778454377307728e-05
10.931965982991496	0.00013819358310385166	4.768723645598438e-05
10.94497248624312	0.0001387650226507553	4.759022790845613e-05
10.957978989494748	0.0001394707738485712	4.749351690158665e-05
10.970985492746372	0.00014032727237667242	4.7397102213575515e-05
10.983991995998	0.00014135437490148117	4.730098262950566e-05
10.996998499249624	0.00014257615645474342	4.720515694034422e-05
11.010005002501252	0.00014402194876039776	4.710962393794649e-05
11.023011505752876	0.00014572770390663958	4.701438242782352e-05
11.036018009004504	0.00014773780266530423	4.691943122292486e-05
11.049024512256128	0.00015010747835042526	4.682476913342448e-05
11.062031015507753	0.0001529061038163526	4.6730394978822254e-05
11.07503751875938	0.0001562217052247794	4.6636307591829684e-05
11.088044022011005	0.00016016724343059785	4.654250580238273e-05
11.101050525262632	0.0001648894774896048	4.644898845052037e-05
11.114057028514257	0.00017058164982541868	4.6355754377058744e-05
11.127063531765884	0.00017750189285303808	4.6262802441465745e-05
11.140070035017509	0.00018600026758219812	4.6170131491107824e-05
11.153076538269136	0.00019655882373093014	4.60777403945567e-05
11.16608304152076	0.00020985097557624233	4.5985628019051816e-05
11.179089544772385	0.00022682797964646007	4.589379323638454e-05
11.192096048024013	0.0002488375410737431	4.580223492756108e-05
11.205102551275637	0.00027775873554414243	4.571095197825059e-05
11.218109054527265	0.000316055523201908	4.5619943280117425e-05
11.231115557778889	0.00036640254065356537	4.552920772971092e-05
11.244122061030517	0.00043001627078187443	4.543874422768823e-05
11.25712856428214	0.000502726672980347	4.534855168258911e-05
11.270135067533769	0.000571580364645552	4.525862900983668e-05
11.283141570785393	0.0006223461736237779	4.516897512529816e-05
11.296148074037017	0.0006566110608771103	4.507958895427766e-05
11.309154577288645	0.000689890483029143	4.4990469426964275e-05
11.322161080540269	0.0007279576931258358	4.490161547598959e-05
11.335167583791897	0.000756049941059822	4.481302604364412e-05
11.348174087043521	0.0007553782007246879	4.472470007621521e-05
11.361180590295149	0.00072221867383504	4.463663652098937e-05
11.374187093546773	0.0006658795563072584	4.454883433868684e-05
11.3871935967984	0.0006000261507305149	4.446129248769637e-05
11.400200100050025	0.0005395884065622081	4.4374009934289305e-05
11.413206603301653	0.0004965301892078111	4.428698565273059e-05
11.426213106553277	0.00047604632295406013	4.4200218616952114e-05
11.439219609804901	0.0004777065620324983	4.411370781121082e-05
11.452226113056529	0.0004971720031269333	4.402745221965265e-05
11.465232616308153	0.0005270225742270984	4.394145083685963e-05
11.478239119559781	0.0005579266488551227	4.3855702657746853e-05
11.491245622811405	0.0005786174516908549	4.3770206687221425e-05
11.504252126063033	0.000579931494427699	4.368496192586058e-05
11.517258629314657	0.000561957064936558	4.3599967391116934e-05
11.530265132566285	0.0005291551005210948	4.351522209944392e-05
11.54327163581791	0.0004870655616940889	4.343072507062562e-05
11.556278139069533	0.0004438797897086122	4.334647533066338e-05
11.569284642321161	0.000404726180351922	4.326247190888921e-05
11.582291145572785	0.0003707833697363938	4.3178713846514505e-05
11.595297648824413	0.0003425075231320296	4.3095200179310567e-05
11.608304152076037	0.0003186552035693291	4.301192995526115e-05
11.621310655327665	0.0002970226517865493	4.292890221901935e-05
11.63431715857929	0.00027689387443796676	4.2846116034556125e-05
11.647323661830917	0.0002581242057693167	4.2763570451631594e-05
11.660330165082541	0.00024085488252545417	4.268126454332055e-05
11.673336668334166	0.00022640814882213256	4.259919737037432e-05
11.686343171585793	0.00021620999006022323	4.251736800453543e-05
11.699349674837418	0.0002108579743832495	4.2435775532534414e-05
11.712356178089045	0.00021037071770813043	4.2354419029222434e-05
11.72536268134067	0.00021440358078450572	4.227329758144105e-05
11.738369184592298	0.0002219613543388288	4.219241028469156e-05
11.751375687843922	0.00023146008370611426	4.2111756226814734e-05
11.76438219109555	0.00024251553845278107	4.203133451263774e-05
11.777388694347174	0.0002574864150581835	4.1951144244434246e-05
11.790395197598798	0.00027917981548175597	4.187118453080618e-05
11.803401700850426	0.00030640667164338886	4.179145448601762e-05
11.81640820410205	0.0003300801110583951	4.1711953223555476e-05
11.829414707353678	0.00033525847725424107	4.163267986923014e-05
11.842421210605302	0.0003152197366147469	4.155363354418906e-05
11.85542771385693	0.00027986629503717886	4.147481337746228e-05
11.868434217108554	0.00024325788191137399	4.1396218508849e-05
11.881440720360182	0.00021255929372909765	4.131784807015482e-05
11.894447223611806	0.00018892037879325585	4.123970120639697e-05
11.907453726863434	0.00017118677686422945	4.1161777061926585e-05
11.920460230115058	0.00015786846995824444	4.108407479064269e-05
11.933466733366682	0.00014773748692797906	4.1006593545556136e-05
11.94647323661831	0.00013989891574306412	4.0929332481787206e-05
11.959479739869934	0.00013372581580739507	4.085229076511432e-05
11.972486243121562	0.00012878240688374287	4.077546756175998e-05
11.985492746373186	0.00012476412575446183	4.069886203927897e-05
11.998499249624814	0.00012145582632316909	4.0622473375440116e-05
12.011505752876438	0.00011870372618771885	4.054630074890042e-05
12.024512256128066	0.00011639678172603585	4.047034333609645e-05
12.03751875937969	0.00011445432632228858	4.039460033244957e-05
12.050525262631314	0.00011281785553329815	4.031907091883724e-05
12.063531765882942	0.00011144559766962381	4.024375429390048e-05
12.076538269134566	0.000110309015914134	4.016864965339373e-05
12.089544772386194	0.00010939072753579637	4.0093756201620145e-05
12.102551275637818	0.00010868356350524078	4.0019073141217554e-05
12.115557778889446	0.00010819067679868066	3.9944599680485915e-05
12.12856428214107	0.00010792677864779332	3.9870335031277904e-05
12.141570785392698	0.00010792077231225328	3.979627841421696e-05
12.154577288644322	0.0001082202961194545	3.972242904859424e-05
12.167583791895947	0.00010889899952815085	3.964878615181355e-05
12.180590295147574	0.00011006770924992804	3.9575348959042245e-05
12.193596798399199	0.0001118906705316336	3.9502116700118606e-05
12.206603301650826	0.00011460647039818195	3.94290886047699e-05
12.21960980490245	0.00011854563781943384	3.9356263912160294e-05
12.232616308154078	0.00012411020939251394	3.928364186644995e-05
12.245622811405703	0.00013160619674734697	3.921122171390845e-05
12.25862931465733	0.00014069234688673937	3.9139002703914016e-05
12.271635817908955	0.00014933607521727676	3.9066984083291345e-05
12.284642321160579	0.00015354478771989477	3.899516511207679e-05
12.297648824412207	0.00015044179417267323	3.8923545050195685e-05
12.31065532766383	0.00014180441023980972	3.88521231537986e-05
12.323661830915459	0.00013177782541229366	3.878089869813195e-05
12.336668334167083	0.00012299687588912533	3.870987094845013e-05
12.34967483741871	0.00011614396387815695	3.863903917666889e-05
12.362681340670335	0.00011100730284319127	3.8568402662697565e-05
12.375687843921963	0.00010717976827090414	3.8497960679895193e-05
12.388694347173587	0.0001043019063963202	3.842771251971744e-05
12.401700850425215	0.00010210648727559946	3.8357657461518535e-05
12.414707353676839	0.0001004056694428046	3.828779479675415e-05
12.427713856928463	9.906938524717468e-05	3.821812381887835e-05
12.44072036018009	9.8007393913635e-05	3.814864382600813e-05
12.453726863431715	9.715651803343661e-05	3.807935411337393e-05
12.466733366683343	9.647202188201032e-05	3.8010253985309994e-05
12.479739869934967	9.592187483331571e-05	3.79413427502584e-05
12.492746373186595	9.548293272421127e-05	3.787261971588407e-05
12.505752876438219	9.513837712804563e-05	3.780408419096215e-05
12.518759379689847	9.487598065183178e-05	3.7735735494370815e-05
12.531765882941471	9.468691957126296e-05	3.766757294210166e-05
12.544772386193095	9.456495383475261e-05	3.759959585780681e-05
12.557778889444723	9.450585765147235e-05	3.753180356735886e-05
12.570785392696347	9.450702423419166e-05	3.746419539507606e-05
12.583791895947975	9.45671943071158e-05	3.7396770672715185e-05
12.5967983991996	9.46862750341726e-05	3.732952873602979e-05
12.609804902451227	9.486522730439706e-05	3.7262468919996294e-05
12.622811405702851	9.510600709261574e-05	3.7195590565808345e-05
12.635817908954479	9.541155207926089e-05	3.712889301643596e-05
12.648824412206103	9.578580869451514e-05	3.706237561473813e-05
12.661830915457728	9.62337980585648e-05	3.699603771301074e-05
12.674837418709355	9.676172206096734e-05	3.692987866232844e-05
12.68784392196098	9.7377113525976e-05	3.686389781720756e-05
12.700850425212607	9.808903745434083e-05	3.679809453505101e-05
12.713856928464232	9.890835365866657e-05	3.673246817792464e-05
12.72686343171586	9.984805556728649e-05	3.6667018105784877e-05
12.739869934967484	0.00010092370560388364	3.6601743691355715e-05
12.752876438219111	0.00010215399523971769	3.653664429648096e-05
12.765882941470736	0.00010356146853263137	3.6471719295660954e-05
12.77888944472236	0.00010517346282590267	3.640696806539445e-05
12.791895947973988	0.00010702334179035766	3.6342389983845536e-05
12.804902451225612	0.00010915212691342546	3.627798443162078e-05
12.81790895447724	0.00011161067906595434	3.621375078877165e-05
12.830915457728864	0.0001144626494851142	3.6149688442232986e-05
12.843921960980492	0.00011778852150279295	3.608579678049395e-05
12.856928464232116	0.00012169122005656341	3.602207519981526e-05
12.869934967483744	0.00012630400580260215	3.5958523088575056e-05
12.882941470735368	0.00013180174371563158	3.589513984481041e-05
12.895947973986996	0.0001384172163695352	3.583192487066622e-05
12.90895447723862	0.0001464650476814544	3.57688775648457e-05
12.921960980490244	0.00015637713869676162	3.5705997338597584e-05
12.934967483741872	0.00016875533175109148	3.56432835917353e-05
12.947973986993496	0.00018444882890578107	3.558073574017051e-05
12.960980490245124	0.00020466312926248342	3.551835319270946e-05
12.973986993496748	0.00023109415391264765	3.54561353681504e-05
12.986993496748376	0.00026602371198614083	3.539408168240499e-05
13.0	0.0003121215881478623	3.5332191557713166e-05
NEXT_SITE