PARAMETERS	16	4.0	2.0	16	0	-40.088761785684
#OMEGA	VALUE
-13.0	3.5841966306460193e-05	0.0010095452427749674
-12.986993496748374	3.590554573218441e-05	0.00095408602891911
-12.973986993496748	3.5969295677062973e-05	0.0008971749282593589
-12.960980490245122	3.603321675638149e-05	0.0008438259419755179
-12.947973986993496	3.609730958686885e-05	0.0007876139651571412
-12.934967483741872	3.616157478913973e-05	0.0007307532679662332
-12.921960980490246	3.6226012983697764e-05	0.0006848474285361394
-12.90895447723862	3.6290624798485105e-05	0.000650563138678617
-12.895947973986994	3.635541085744709e-05	0.0006116290661677404
-12.882941470735368	3.6420371795409245e-05	0.0005533781003680405
-12.869934967483742	3.648550824308927e-05	0.00048142209393509106
-12.856928464232116	3.655082083875438e-05	0.0004116032337042608
-12.84392196098049	3.661631021978362e-05	0.0003532562291725938
-12.830915457728864	3.668197703365905e-05	0.0003076970628322906
-12.817908954477238	3.6747821921090384e-05	0.00027284457853482547
-12.804902451225614	3.681384552933764e-05	0.0002461204888488666
-12.791895947973988	3.688004851454263e-05	0.00022538772701441445
-12.778889444722362	3.694643152973853e-05	0.00020906714226542888
-12.765882941470736	3.701299523162227e-05	0.00019603272289503426
-12.75287643821911	3.7079740280998585e-05	0.00018548567418241735
-12.739869934967484	3.714666733711791e-05	0.00017685495521746475
-12.726863431715858	3.721377707166518e-05	0.00016972707141960086
-12.713856928464232	3.728107015266158e-05	0.00016379829842882998
-12.700850425212606	3.7348547252458175e-05	0.00015884243107533447
-12.687843921960981	3.741620904429421e-05	0.00015468892184389293
-12.674837418709355	3.7484056213621386e-05	0.0001512079264154309
-12.66183091545773	3.755208943578836e-05	0.00014829997060306077
-12.648824412206103	3.762030939769012e-05	0.00014588875301124737
-12.635817908954477	3.7688716786665744e-05	0.00014391611905184565
-12.622811405702851	3.775731229871404e-05	0.00014233858117806975
-12.609804902451225	3.7826096626836225e-05	0.0001411249849857521
-12.5967983991996	3.7895070463811464e-05	0.0001402550753776266
-12.583791895947973	3.796423451629671e-05	0.00013971883083641057
-12.570785392696347	3.8033589485508834e-05	0.00013951652809707227
-12.557778889444723	3.8103136083544875e-05	0.000139659590751684
-12.544772386193097	3.81728750156185e-05	0.00014017238047414615
-12.531765882941471	3.824280699915583e-05	0.0001410952284736089
-12.518759379689845	3.831293275291525e-05	0.00014248920542225818
-12.505752876438219	3.838325299654333e-05	0.00014444343062025577
-12.492746373186593	3.8453768452240134e-05	0.000147086181770395
-12.479739869934967	3.852447985275287e-05	0.00015060174925218828
-12.466733366683341	3.8595387923945346e-05	0.00015525589583686994
-12.453726863431715	3.866649340389383e-05	0.00016143365759779815
-12.44072036018009	3.873779703189584e-05	0.0001696926324298298
-12.427713856928465	3.880929954458434e-05	0.00018082747813774613
-12.414707353676839	3.888100169147091e-05	0.00019590940759461883
-12.401700850425213	3.895290421940256e-05	0.00021615845861500116
-12.388694347173587	3.902500788055541e-05	0.0002422337490305404
-12.37568784392196	3.909731342854883e-05	0.00027217574456595006
-12.362681340670335	3.9169821626328094e-05	0.00029824239823594834
-12.349674837418709	3.924253323384086e-05	0.0003080841294230696
-12.336668334167083	3.931544902091577e-05	0.0002962016083771779
-12.323661830915459	3.938856975282956e-05	0.00027102970144232685
-12.310655327663833	3.946189620707141e-05	0.00024455854125282617
-12.297648824412207	3.953542915879904e-05	0.00022299436988093557
-12.28464232116058	3.96091693898315e-05	0.00020745837997548922
-12.271635817908955	3.9683117685429536e-05	0.00019711675127831452
-12.258629314657329	3.9757274833740475e-05	0.00019085642487193244
-12.245622811405703	3.9831641626464354e-05	0.00018780580804478308
-12.232616308154077	3.990621886229562e-05	0.0001874128848554646
-12.21960980490245	3.9981007335820884e-05	0.00018941356583912494
-12.206603301650825	4.005600785550456e-05	0.00019379903579963553
-12.1935967983992	4.013122122870083e-05	0.00020080988211212958
-12.180590295147574	4.02066482648733e-05	0.00021095807235338437
-12.167583791895948	4.028228977814852e-05	0.00022505549861395746
-12.154577288644322	4.035814659164583e-05	0.00024416582868735937
-12.141570785392696	4.043421952604209e-05	0.0002692238406427627
-12.12856428214107	4.051050940900858e-05	0.0002997678839514739
-12.115557778889444	4.0587017070103926e-05	0.0003315240751380344
-12.102551275637818	4.0663743346325276e-05	0.00035580519884637063
-12.089544772386192	4.074068907722328e-05	0.00036679793515848047
-12.076538269134566	4.081785510379188e-05	0.00037005662918687676
-12.063531765882942	4.089524227468555e-05	0.00037725335905736124
-12.050525262631316	4.097285144355478e-05	0.00039678295318701373
-12.03751875937969	4.1050683461718585e-05	0.00043161720916928825
-12.024512256128064	4.1128739190487984e-05	0.00047939605223223936
-12.011505752876438	4.120701949339445e-05	0.000532148890703632
-11.998499249624812	4.128552523841034e-05	0.0005796437024733203
-11.985492746373186	4.136425729972526e-05	0.0006134471838480371
-11.97248624312156	4.144321655163985e-05	0.0006277166467845152
-11.959479739869934	4.152240387533812e-05	0.0006237604914526296
-11.94647323661831	4.1601820155778846e-05	0.0006081494657244058
-11.933466733366684	4.168146628225067e-05	0.0005817476895113582
-11.920460230115058	4.176134315070357e-05	0.0005413935636308098
-11.907453726863432	4.1841451655089124e-05	0.0004906527949407602
-11.894447223611806	4.1921792701793414e-05	0.00044017512169503004
-11.88144072036018	4.200236719587025e-05	0.0003990358340147937
-11.868434217108554	4.208317604781353e-05	0.00037042848451218635
-11.855427713856928	4.2164220176998946e-05	0.0003538460250634978
-11.842421210605302	4.224550049902742e-05	0.0003479351921847895
-11.829414707353678	4.2327017938492695e-05	0.00035185722758734883
-11.816408204102052	4.240877343175686e-05	0.0003657111994392892
-11.803401700850426	4.249076790896478e-05	0.0003906090906153903
-11.7903951975988	4.25730023058124e-05	0.00042847180757144
-11.777388694347174	4.265547757031918e-05	0.0004809925926871905
-11.764382191095548	4.2738194646174676e-05	0.000546405100030789
-11.751375687843922	4.282115448861479e-05	0.0006134035856470987
-11.738369184592296	4.2904358053541536e-05	0.0006595682123042845
-11.72536268134067	4.298780630529464e-05	0.0006693592583510988
-11.712356178089045	4.307150020921302e-05	0.0006550729577480263
-11.699349674837418	4.3155440737296935e-05	0.000643754195348567
-11.686343171585793	4.323962886776389e-05	0.0006542085844922774
-11.673336668334167	4.3324065576944015e-05	0.0006929601683621778
-11.660330165082541	4.340875185659954e-05	0.0007568860622354512
-11.647323661830915	4.3493688695162014e-05	0.0008328262514492035
-11.63431715857929	4.357887708794639e-05	0.0008994464091274246
-11.621310655327663	4.3664318038594274e-05	0.0009354040208743308
-11.608304152076037	4.375001255441102e-05	0.0009344821252612601
-11.595297648824411	4.3835961641924825e-05	0.0009180247628267635
-11.582291145572785	4.3922166319987355e-05	0.0009178594892336189
-11.569284642321161	4.4008627610114814e-05	0.0009510434422351777
-11.556278139069535	4.409534653970759e-05	0.0010121378825824756
-11.54327163581791	4.4182324140162876e-05	0.001076264255168602
-11.530265132566283	4.4269561449428174e-05	0.0011203701432962454
-11.517258629314657	4.435705950356361e-05	0.0011538231824109735
-11.504252126063031	4.444481935816924e-05	0.0012099267767788913
-11.491245622811405	4.453284206140662e-05	0.0013112596336622984
-11.47823911955978	4.4621128672539534e-05	0.0014553868994064967
-11.465232616308153	4.470968025305222e-05	0.0016251414590625624
-11.452226113056529	4.479849787519807e-05	0.0018055925977475962
-11.439219609804903	4.4887582610453336e-05	0.0019702899953985
-11.426213106553277	4.4976935538287854e-05	0.0020661004912120307
-11.413206603301651	4.5066557746831215e-05	0.002062443121832569
-11.400200100050025	4.5156450323768915e-05	0.0019829653232320554
-11.387193596798399	4.5246614367555615e-05	0.0018608893624681988
-11.374187093546773	4.533705098064278e-05	0.0017040815137222554
-11.361180590295147	4.5427761265814937e-05	0.0015037321873230258
-11.348174087043521	4.5518746340178495e-05	0.0012741236860438487
-11.335167583791897	4.5610007324281554e-05	0.0010543450306584878
-11.32216108054027	4.57015453371179e-05	0.0008713704897520547
-11.309154577288645	4.5793361513446484e-05	0.0007297684265523685
-11.296148074037019	4.588545699013569e-05	0.0006230453719225926
-11.283141570785393	4.597783290472002e-05	0.0005427733408839286
-11.270135067533767	4.607049040794564e-05	0.0004818774415076277
-11.25712856428214	4.6163430654555526e-05	0.00043512546515644956
-11.244122061030515	4.625665480351149e-05	0.00039880672556991126
-11.231115557778889	4.635016401699499e-05	0.00037031440257895287
-11.218109054527265	4.644395947350777e-05	0.00034781068623523925
-11.205102551275637	4.653804234644454e-05	0.000329990110227385
-11.192096048024013	4.66324138205243e-05	0.0003159195435618045
-11.179089544772387	4.672707508635021e-05	0.0003049318497395648
-11.16608304152076	4.68220273387443e-05	0.0002965560571673853
-11.153076538269135	4.691727178129934e-05	0.0002904726456659512
-11.140070035017509	4.701280962537968e-05	0.00028648692123711683
-11.127063531765883	4.710864208123944e-05	0.00028451663314765785
-11.114057028514257	4.72047703738987e-05	0.00028459246121304016
-11.10105052526263	4.7301195729376744e-05	0.0002868722132453039
-11.088044022011005	4.739791938213056e-05	0.00029167184937684
-11.07503751875938	4.7494942572390286e-05	0.0002995187877505856
-11.062031015507754	4.759226654638127e-05	0.00031123416547496063
-11.049024512256128	4.768989256098699e-05	0.00032804551382126235
-11.036018009004502	4.778782187297992e-05	0.00035170082779445444
-11.023011505752876	4.78860557520111e-05	0.00038444126652925625
-11.01000500250125	4.798459547283862e-05	0.00042835122781437196
-10.996998499249624	4.808344230855521e-05	0.00048290776197712493
-10.983991995997998	4.818259755512422e-05	0.0005395102868782642
-10.970985492746372	4.82820624991831e-05	0.0005773677715418257
-10.957978989494748	4.838183844724231e-05	0.0005757673462818413
-10.944972486243122	4.848192670070528e-05	0.0005379968210610375
-10.931965982991496	4.8582328580959455e-05	0.00048711832388081966
-10.91895947973987	4.868304540284196e-05	0.0004415614048665084
-10.905952976488244	4.87840784989535e-05	0.0004076969340051084
-10.892946473236618	4.8885429201228625e-05	0.0003852949479791201
-10.879939969984992	4.898709885658992e-05	0.00037236715854560565
-10.866933466733366	4.9089088809517456e-05	0.0003671039450784397
-10.85392696348174	4.9191400422254894e-05	0.0003683534635544605
-10.840920460230116	4.9294035056268726e-05	0.0003756448006039248
-10.827913956978488	4.939699408135212e-05	0.00038911321122991893
-10.814907453726864	4.950027888006581e-05	0.0004093560315878708
-10.801900950475238	4.960389083863426e-05	0.0004370081994063968
-10.788894447223612	4.9707831343615005e-05	0.0004715962889489944
-10.775887943971986	4.981210180377005e-05	0.0005097544174912372
-10.76288144072036	4.991670362453071e-05	0.0005458430469741371
-10.749874937468734	5.0021638223984866e-05	0.0005786383435042453
-10.736868434217108	5.0126907021885714e-05	0.0006158736615610172
-10.723861930965484	5.0232511455083895e-05	0.0006678853107987548
-10.710855427713856	5.033845295709938e-05	0.0007395818355703243
-10.697848924462232	5.0444732980325924e-05	0.0008250131706752928
-10.684842421210606	5.055135297349356e-05	0.0009036271379793126
-10.67183591795898	5.065831440587143e-05	0.0009507821802217098
-10.658829414707354	5.076561874173269e-05	0.0009620784149610984
-10.645822911455728	5.0873267465445515e-05	0.0009549180170334015
-10.632816408204102	5.098126205804743e-05	0.0009498783497700058
-10.619809904952476	5.1089604015341905e-05	0.0009599010416407872
-10.606803401700851	5.119829484712124e-05	0.0009895536927339021
-10.593796898449224	5.130733605474003e-05	0.0010442112936730474
-10.5807903951976	5.141672916242346e-05	0.0011351690876046927
-10.567783891945973	5.1526475697394325e-05	0.00127266072778498
-10.554777388694347	5.1636577196201294e-05	0.0014542466190365921
-10.541770885442721	5.17470351987237e-05	0.0016491666601510246
-10.528764382191095	5.1857851262493426e-05	0.0017949410844670943
-10.51575787893947	5.1969026946596664e-05	0.0018474479662315968
-10.502751375687843	5.208056382233206e-05	0.0018396296663097944
-10.489744872436217	5.219246346610529e-05	0.0018425675287844223
-10.476738369184591	5.230472746797776e-05	0.0018937843039219526
-10.463731865932967	5.241735741978726e-05	0.00198310725937878
-10.450725362681341	5.2530354930246936e-05	0.002080756999933042
-10.437718859429715	5.264372161206676e-05	0.002177759616698305
-10.42471235617809	5.275745908694951e-05	0.0023071430390779746
-10.411705852926463	5.28715689858128e-05	0.002522073776284439
-10.398699349674837	5.298605294834502e-05	0.0028567837057764667
-10.385692846423211	5.310091262678007e-05	0.0033013648864298473
-10.372686343171585	5.321614967879196e-05	0.003795759259712428
-10.35967983991996	5.33317657721577e-05	0.004280377775742972
-10.346673336668335	5.344776258608963e-05	0.004758960389465328
-10.333666833416707	5.3564141803907894e-05	0.005213609174460121
-10.320660330165083	5.368090512392065e-05	0.005481584611178647
-10.307653826913457	5.3798054250653315e-05	0.005356303001185947
-10.294647323661831	5.391559090206499e-05	0.004824274500432879
-10.281640820410205	5.4033516798779324e-05	0.004099744351862444
-10.268634317158579	5.4151833679183525e-05	0.003417564186514954
-10.255627813906953	5.42705432831081e-05	0.0028913680994431257
-10.242621310655327	5.438964736825813e-05	0.0025384205473059085
-10.229614807403703	5.450914769511428e-05	0.0023424583277434907
-10.216608304152075	5.4629046039256224e-05	0.0022873457703153077
-10.20360180090045	5.474934418658872e-05	0.002366008275678344
-10.190595297648825	5.4870043928456624e-05	0.00257443736029761
-10.177588794397199	5.4991147066973944e-05	0.0028892406605854903
-10.164582291145573	5.5112655421130086e-05	0.0032306561207753326
-10.151575787893947	5.5234570814355344e-05	0.003456701426552855
-10.13856928464232	5.535689507563113e-05	0.0034559370399462885
-10.125562781390695	5.547963005581025e-05	0.003251861198961481
-10.11255627813907	5.5602777610741505e-05	0.0029392256256024485
-10.099549774887443	5.5726339602268915e-05	0.0025689322023030314
-10.086543271635819	5.585031791444095e-05	0.0021728680414789814
-10.073536768384193	5.5974714427531325e-05	0.0018025463419157894
-10.060530265132567	5.609953104535048e-05	0.001495117510597721
-10.04752376188094	5.622476967548362e-05	0.0012564088156358233
-10.034517258629315	5.635043223728431e-05	0.0010755463597794668
-10.021510755377689	5.647652066209652e-05	0.0009386607525591062
-10.008504252126063	5.6603036892477476e-05	0.0008340994491708997
-9.995497748874437	5.6729982882974817e-05	0.000753228189092181
-9.98249124562281	5.685736059757307e-05	0.0006899111812540548
-9.969484742371186	5.698517201246922e-05	0.000639827924351799
-9.95647823911956	5.7113419115628616e-05	0.0005999233563140915
-9.943471735867934	5.724210390578577e-05	0.0005680181787544036
-9.930465232616308	5.7371228390667994e-05	0.0005425444777622523
-9.917458729364682	5.750079459576618e-05	0.0005223688743548616
-9.904452226113056	5.7630804555786064e-05	0.0005066747722780596
-9.89144572286143	5.7761260314204144e-05	0.0004948845148272651
-9.878439219609804	5.789216392992902e-05	0.0004866091428350483
-9.865432716358178	5.8023517469307784e-05	0.00048161822072756433
-9.852426213106554	5.815532301833848e-05	0.0004798255566804688
-9.839419709854928	5.8287582668903326e-05	0.00048128921379830825
-9.826413206603302	5.842029852598518e-05	0.0004862265094131013
-9.813406703351676	5.8553472710221044e-05	0.0004950471880178497
-9.80040020010005	5.868710734779903e-05	0.0005084110733418745
-9.787393696848424	5.882120458877704e-05	0.0005273206053280077
-9.774387193596798	5.895576658188073e-05	0.0005532634890224042
-9.761380690345172	5.909079550037166e-05	0.0005884233349652268
-9.748374187093546	5.922629352439479e-05	0.0006359641742718081
-9.735367683841922	5.936226284575241e-05	0.0007003239676899309
-9.722361180590294	5.949870567500959e-05	0.0007871862101033189
-9.70935467733867	5.963562422772739e-05	0.0009020002644761771
-9.696348174087044	5.9773020743558725e-05	0.0010442427325602077
-9.683341670835418	5.991089746026912e-05	0.0011943170336213838
-9.670335167583792	6.004925664360172e-05	0.001302887479158521
-9.657328664332166	6.018810056307444e-05	0.0013189783609037775
-9.64432216108054	6.03274315091884e-05	0.0012490951636294767
-9.631315657828914	6.0467251780438325e-05	0.0011503252364497563
-9.61830915457729	6.0607563688419575e-05	0.0010707012973357743
-9.605302651325662	6.0748369563379256e-05	0.0010294922832776443
-9.592296148074038	6.088967174522342e-05	0.0010305348134546088
-9.579289644822412	6.103147258917918e-05	0.0010748065894989889
-9.566283141570786	6.117377446990258e-05	0.001165651825761338
-9.55327663831916	6.131657976404803e-05	0.0013091022392703877
-9.540270135067534	6.145989087247283e-05	0.0015087274907719106
-9.527263631815908	6.160371020946798e-05	0.0017499641577682912
-9.514257128564282	6.174804019887237e-05	0.001974542231053422
-9.501250625312656	6.18928832873955e-05	0.0020845709503953813
-9.48824412206103	6.203824192607676e-05	0.0020292150958899358
-9.475237618809405	6.218411858760486e-05	0.0018705722190408558
-9.46223111555778	6.233051576065574e-05	0.0017082449600414051
-9.449224612306153	6.247743594145483e-05	0.0015990757186732374
-9.436218109054527	6.26248816546493e-05	0.0015583283600200115
-9.423211605802901	6.277285542277689e-05	0.0015837799139890585
-9.410205102551275	6.292135979701907e-05	0.0016669194854660452
-9.39719859929965	6.307039733954856e-05	0.0017947559663992196
-9.384192096048023	6.321997062741502e-05	0.0019582901602901437
-9.371185592796397	6.337008225842933e-05	0.0021710789520986706
-9.358179089544773	6.35207348357314e-05	0.0024708165836313523
-9.345172586293147	6.367193099321433e-05	0.0029009821963851268
-9.332166083041521	6.382367336177364e-05	0.003494224090340836
-9.319159579789895	6.397596461016342e-05	0.004245568678110434
-9.30615307653827	6.412880740480631e-05	0.005062642027411357
-9.293146573286643	6.428220443810417e-05	0.005753094980467832
-9.280140070035017	6.443615842433026e-05	0.006137478393876017
-9.267133566783391	6.459067207531533e-05	0.006163219408873766
-9.254127063531765	6.474574813952749e-05	0.005868737912967603
-9.241120560280141	6.490138937165213e-05	0.005355251976646325
-9.228114057028513	6.505759854891213e-05	0.004797450574122619
-9.215107553776889	6.521437846218614e-05	0.004355023529161062
-9.202101050525263	6.537173191878409e-05	0.004088001272210762
-9.189094547273637	6.552966174822039e-05	0.00398186156928082
-9.176088044022011	6.568817079133371e-05	0.0040116720370180214
-9.163081540770385	6.584726191216639e-05	0.004154470210623984
-9.150075037518759	6.600693798908264e-05	0.004360375101465586
-9.137068534267133	6.616720192242909e-05	0.00453809474983502
-9.124062031015509	6.632805662554198e-05	0.004573424847829521
-9.111055527763881	6.64895050329628e-05	0.004423136747483514
-9.098049024512257	6.665155009677459e-05	0.004140938632093083
-9.08504252126063	6.681419478982153e-05	0.0037664993257289225
-9.072036018009005	6.69774420962721e-05	0.0033053406754787185
-9.059029514757379	6.714129503249122e-05	0.002796880459279394
-9.046023011505753	6.730575661884064e-05	0.002316369560013909
-9.033016508254127	6.747082990532505e-05	0.001915363912344703
-9.0200100050025	6.763651795882453e-05	0.0016025349442624348
-9.007003501750876	6.780282386165126e-05	0.00136424800138768
-8.993996998499249	6.796975071754474e-05	0.0011827286290952976
-8.980990495247624	6.813730165378118e-05	0.0010429522288721849
-8.967983991995997	6.830547981528934e-05	0.0009337420134535312
-8.954977488744372	6.847428836009861e-05	0.0008471233771336628
-8.941970985492746	6.864373047610339e-05	0.0007774519852058459
-8.92896448224112	6.881380937207027e-05	0.0007207073301682687
-8.915957978989494	6.898452826631374e-05	0.0006739897795891014
-8.902951475737868	6.915589040934478e-05	0.0006351773801510641
-8.889944972486244	6.932789906344272e-05	0.0006026940800859526
-8.876938469234616	6.950055751764328e-05	0.0005753526332493708
-8.863931965982992	6.967386908141027e-05	0.0005522470620662467
-8.850925462731364	6.98478370826372e-05	0.0005326781156222982
-8.83791895947974	7.002246487286534e-05	0.0005161009091214641
-8.824912456228114	7.019775582783883e-05	0.0005020876690791098
-8.811905952976488	7.037371333606934e-05	0.0004903009182563034
-8.798899449724862	7.055034081859812e-05	0.00048047399192874263
-8.785892946473236	7.072764171089929e-05	0.0004723967936858253
-8.772886443221612	7.090561947664664e-05	0.0004659053710872607
-8.759879939969984	7.108427759694447e-05	0.00046087434406572036
-8.74687343671836	7.126361957743299e-05	0.00045721153084321564
-8.733866933466732	7.144364894728916e-05	0.0004548543383166015
-8.720860430215108	7.162436926078097e-05	0.0004537676506900512
-8.707853926963482	7.180578408727545e-05	0.00045394308519530746
-8.694847423711856	7.198789702855812e-05	0.00045539960610074814
-8.68184092046023	7.217071170428913e-05	0.00045818561425703397
-8.668834417208604	7.235423176232825e-05	0.00046238277767829405
-8.655827913956978	7.253846086796578e-05	0.00046811206196617494
-8.642821410705352	7.272340271946565e-05	0.0004755426906816185
-8.629814907453728	7.290906103130101e-05	0.00048490516499721803
-8.6168084042021	7.309543954148179e-05	0.0004965100768170583
-8.603801900950476	7.328254202620954e-05	0.0005107753827928718
-8.59079539769885	7.34703722689023e-05	0.0005282662582509756
-8.577788894447224	7.365893409128077e-05	0.0005497538988377126
-8.564782391195598	7.384823133294027e-05	0.0005763030333002517
-8.551775887943972	7.403826786223089e-05	0.0006094026708194367
-8.538769384692346	7.422904757026227e-05	0.0006511599152124736
-8.52576288144072	7.442057437923033e-05	0.0007045773853612269
-8.512756378189096	7.461285223075986e-05	0.000773910321171023
-8.499749874937468	7.480588509856112e-05	0.0008649797811807192
-8.486743371685844	7.499967698143539e-05	0.000984896549687364
-8.473736868434216	7.519423189894514e-05	0.0011394733354446185
-8.460730365182592	7.538955390840041e-05	0.0013245778150015042
-8.447723861930966	7.558564708676219e-05	0.0015096784325275836
-8.43471735867934	7.578251553730375e-05	0.0016336676501457204
-8.421710855427714	7.59801633952728e-05	0.0016539051415698225
-8.408704352176088	7.617859482489386e-05	0.0016030657201218101
-8.395697848924463	7.637781401326205e-05	0.001553476069687032
-8.382691345672836	7.65778251780036e-05	0.0015553300802021441
-8.369684842421211	7.677863256594364e-05	0.0016276365777443402
-8.356678339169584	7.69802404518849e-05	0.0017676139260811574
-8.34367183591796	7.71826531429376e-05	0.001944716575594252
-8.330665332666333	7.738587496652904e-05	0.0020903668978782264
-8.317658829414707	7.758991028972151e-05	0.002135379225159606
-8.304652326163081	7.779476350455727e-05	0.0020884399402887333
-8.291645822911455	7.800043903549714e-05	0.002028324903875278
-8.278639319659831	7.820694132709693e-05	0.0020253724706417175
-8.265632816408203	7.841427487176311e-05	0.0021149768753304654
-8.25262631315658	7.862244417844444e-05	0.0023138512279632373
-8.239619809904951	7.883145379439238e-05	0.0026305958830268317
-8.226613306653327	7.904130829250455e-05	0.0030559046534424095
-8.213606803401701	7.9252012282649e-05	0.0035401627633729893
-8.200600300150075	7.946357040222729e-05	0.0039986084060996685
-8.18759379689845	7.967598732727676e-05	0.004369982589889632
-8.174587293646823	7.988926775137628e-05	0.004653308709812176
-8.161580790395197	8.010341642128438e-05	0.004870704182587282
-8.148574287143571	8.031843809841455e-05	0.005017889134227405
-8.135567783891947	8.05343375891443e-05	0.005071189167248691
-8.12256128064032	8.075111972560833e-05	0.005025899304825776
-8.109554777388695	8.096878937824403e-05	0.004914184759880702
-8.096548274137069	8.118735144813094e-05	0.004790668133877074
-8.083541770885443	8.140681087542845e-05	0.004679349609715611
-8.070535267633817	8.16271726279405e-05	0.004530569557754327
-8.057528764382191	8.184844171632566e-05	0.0042793195748422885
-8.044522261130565	8.207062317866498e-05	0.003954697877547653
-8.031515757878939	8.229372209189734e-05	0.0036648288998655243
-8.018509254627315	8.251774356848873e-05	0.003476948021501336
-8.005502751375687	8.274269275820867e-05	0.0033744879550636764
-7.992496248124062	8.296857484624276e-05	0.003296946361463382
-7.979489744872436	8.319539505008411e-05	0.003177414112727095
-7.966483241620811	8.342315863474337e-05	0.00296471172416668
-7.953476738369185	8.365187088910098e-05	0.002651100329842615
-7.940470235117559	8.388153715144231e-05	0.0022828848319946804
-7.927463731865933	8.411216278692013e-05	0.0019270021200196163
-7.914457228614307	8.434375321098031e-05	0.0016264255990058318
-7.901450725362682	8.457631386660225e-05	0.001390224284785857
-7.888444222111056	8.480985024172938e-05	0.0012094810829494929
-7.87543771885943	8.504436786360703e-05	0.0010713618957638449
-7.862431215607804	8.527987229700607e-05	0.0009647471821071507
-7.8494247123561784	8.551636914688743e-05	0.0008812851307686831
-7.8364182091045524	8.575386405718088e-05	0.0008149908343824119
-7.8234117058529264	8.599236271567001e-05	0.0007616184339341858
-7.8104052026013004	8.623187084866313e-05	0.000718138671987556
-7.7973986993496744	8.647239422576725e-05	0.0006823635565543773
-7.784392196098049	8.671393865389287e-05	0.000652689361242631
-7.771385692846423	8.695650998946647e-05	0.0006279228407449766
-7.758379189594797	8.720011411966766e-05	0.0006071633936091114
-7.745372686343171	8.744475699029586e-05	0.0005897223868337464
-7.732366183091545	8.769044457501707e-05	0.0005750672239138721
-7.71935967983992	8.793718290334152e-05	0.000562782043227128
-7.706353176588294	8.818497803597669e-05	0.0005525397389747333
-7.693346673336668	8.843383608758693e-05	0.0005440818058809471
-7.680340170085042	8.868376321602423e-05	0.000537203677850151
-7.667333666833416	8.893476562421565e-05	0.0005317439928194112
-7.654327163581791	8.918684955705469e-05	0.0005275767194337089
-7.641320660330165	8.944002130728546e-05	0.0005246054193168703
-7.628314157078539	8.96942872137263e-05	0.0005227591510852392
-7.615307653826913	8.994965366382335e-05	0.0005219896869472773
-7.602301150575288	9.020612709409459e-05	0.0005222698350145771
-7.589294647323662	9.04637139763631e-05	0.0005235927579153588
-7.576288144072036	9.072242084640081e-05	0.0005259722640876818
-7.56328164082041	9.098225428094686e-05	0.0005294441338976608
-7.550275137568784	9.124322090070525e-05	0.0005340686398656036
-7.537268634317159	9.150532738722017e-05	0.0005399345435764813
-7.524262131065533	9.176858045911729e-05	0.0005471650207201639
-7.511255627813907	9.203298689708372e-05	0.0005559262096285211
-7.498249124562281	9.229855352277383e-05	0.0005664394434379272
-7.485242621310655	9.256528721535151e-05	0.0005789987831084087
-7.47223611805903	9.283319490172026e-05	0.0005939963319292474
-7.459229614807404	9.31022835626294e-05	0.0006119591562632198
-7.446223111555778	9.337256023078666e-05	0.0006336037151289942
-7.433216608304152	9.364403198641735e-05	0.0006599168144960643
-7.420210105052526	9.391670597769242e-05	0.0006922763715968561
-7.407203601800901	9.419058939497127e-05	0.0007326296709774249
-7.394197098549275	9.446568948190404e-05	0.0007837456452443048
-7.381190595297649	9.474201354175982e-05	0.0008495291420130835
-7.368184092046023	9.501956893709362e-05	0.0009352562425251065
-7.3551775887943975	9.529836307664574e-05	0.0010471522409698508
-7.3421710855427715	9.5578403431551e-05	0.0011895759245784676
-7.3291645822911455	9.585969752923251e-05	0.0013564099325490409
-7.3161580790395195	9.614225295606627e-05	0.00151679346747291
-7.3031515757878935	9.642607735060871e-05	0.0016174790412729623
-7.290145072536268	9.671117841980603e-05	0.001632174361401395
-7.277138569284642	9.69975639172338e-05	0.0015997411640406023
-7.264132066033016	9.728524166874308e-05	0.0015816275761589838
-7.25112556278139	9.757421955347567e-05	0.0016144354456665289
-7.238119059529764	9.786450550919312e-05	0.0017048614227472836
-7.225112556278139	9.815610754126958e-05	0.001831320002192105
-7.212106053026513	9.844903371303282e-05	0.001941978662808319
-7.199099549774887	9.874329215309174e-05	0.0019854443292363078
-7.186093046523261	9.903889104567742e-05	0.001969088250852291
-7.173086543271635	9.93358386505161e-05	0.001951720551475522
-7.16008004002001	9.963414328495457e-05	0.001985201845010165
-7.147073536768384	9.993381332795703e-05	0.002094577162125688
-7.134067033516758	0.0001002348572287648	0.002288225649167197
-7.121060530265132	0.00010053728350434277	0.002566545958888611
-7.108054027013507	0.000100841100737048	0.0029326994619652824
-7.095047523761881	0.00010114631756819037	0.0034108715911271847
-7.082041020510255	0.00010145294272256855	0.0040386584990781405
-7.069034517258629	0.00010176098497816088	0.004815110977391512
-7.056028014007003	0.00010207045319365893	0.005646986454275638
-7.043021510755378	0.00010238135629769829	0.00635089006975853
-7.030015007503752	0.00010269370327786742	0.006730935224585233
-7.017008504252126	0.00010300750320491048	0.006687161034327649
-7.0040020010005	0.00010332276521585193	0.006275236126525474
-6.990995497748874	0.00010363949852443266	0.005664162764894343
-6.977988994497249	0.00010395771241367147	0.005043056070586194
-6.964982491245623	0.00010427741624441378	0.004525664519767991
-6.951975987993997	0.00010459861944733806	0.0041258231074089435
-6.938969484742371	0.0001049213315373887	0.00381075797600805
-6.925962981490746	0.00010524556209423608	0.003549691164108304
-6.91295647823912	0.00010557132078437004	0.00334093408996905
-6.899949974987494	0.00010589861734733308	0.003191581705329516
-6.886943471735868	0.00010622746160349195	0.0030834572975744212
-6.873936968484242	0.00010655786345015184	0.0029624724384581524
-6.860930465232617	0.00010688983286732956	0.0027583739127874374
-6.847923961980991	0.00010722337991375674	0.002457870046956856
-6.834917458729365	0.00010755851473254197	0.0021240867535224917
-6.821910955477739	0.00010789524754573065	0.0018231083886395272
-6.808904452226113	0.00010823358866129951	0.0015805701835952535
-6.7958979489744875	0.00010857354847138012	0.0013939034203630518
-6.7828914457228615	0.00010891513745381332	0.0012516966388789186
-6.7698849424712355	0.00010925836616693108	0.0011427031570044877
-6.7568784392196095	0.0001096032452622131	0.0010581479436477803
-6.7438719359679835	0.00010994978547662626	0.0009916720135317858
-6.730865432716358	0.000110297997634623	0.0009387606546070737
-6.717858929464732	0.0001106478926499177	0.0008962046272699142
-6.704852426213106	0.00011099948152681893	0.0008616990199162844
-6.69184592296148	0.00011135277536555854	0.0008335656101456923
-6.678839419709855	0.00011170778534475012	0.0008105649728556985
-6.665832916458229	0.00011206452275502876	0.0007917695803173475
-6.652826413206603	0.0001124229989624137	0.0007764775103682453
-6.639819909954977	0.00011278322544272523	0.0007641531744521091
-6.626813406703351	0.00011314521375738185	0.0007543861958986264
-6.613806903451726	0.00011350897556983153	0.0007468626765249065
-6.6008004002001	0.00011387452263722508	0.0007413451055939824
-6.587793896948474	0.00011424186682185145	0.0007376584796819907
-6.574787393696848	0.00011461102008147872	0.0007356810764881372
-6.561780890445222	0.00011498199447190771	0.0007353389320825521
-6.548774387193597	0.00011535480215907334	0.0007366035227106549
-6.535767883941971	0.00011572945540005986	0.0007394925305940214
-6.522761380690345	0.00011610596656719263	0.000744073943487189
-6.509754877438719	0.0001164843481300526	0.0007504741664253745
-6.496748374187093	0.00011686461267168546	0.0007588913905225425
-6.483741870935468	0.00011724677287383578	0.0007696162798789263
-6.470735367683842	0.00011763084153171288	0.000783063268416484
-6.457728864432216	0.00011801683154888387	0.0007998176446394334
-6.44472236118059	0.00011840475593971611	0.0008207064589009772
-6.431715857928965	0.00011879462783082051	0.0008469053757120815
-6.418709354677339	0.00011918646045450121	0.00088009850578874
-6.405702851425713	0.00011958026716885062	0.0009227105977694938
-6.392696348174087	0.0001199760614417622	0.000978216470046922
-6.379689844922461	0.00012037385685637059	0.0010514511813304317
-6.366683341670836	0.000120773667113383	0.001148542685548204
-6.35367683841921	0.00012117550603540916	0.0012751949190930034
-6.340670335167584	0.00012157938755896769	0.0014302306733179337
-6.327663831915958	0.00012198532574969612	0.001591318006764375
-6.314657328664332	0.0001223933347908046	0.0017047679230078883
-6.301650825412707	0.00012280342899151364	0.0017185495148129837
-6.288644322161081	0.00012321562278594378	0.001644056605819344
-6.275637818909455	0.00012362993073844475	0.0015434614172857852
-6.262631315657829	0.00012404636752816334	0.0014668148584748852
-6.249624812406203	0.00012446494798268315	0.0014339371297328318
-6.2366183091545775	0.00012488568704493996	0.0014482191651616905
-6.2236118059029515	0.00012530859979664744	0.0015062588860513815
-6.2106053026513255	0.00012573370145507745	0.001595222722756584
-6.1975987993996995	0.00012616100736828617	0.0016838459801683525
-6.184592296148074	0.0001265905330160022	0.0017304559526808427
-6.171585792896448	0.0001270222940299437	0.0017237713700133384
-6.158579289644822	0.00012745630617028159	0.0016994723457470773
-6.145572786393196	0.00012789258534173786	0.001701774307643067
-6.13256628314157	0.0001283311475879234	0.0017564690922696746
-6.119559779889945	0.000128772009101219	0.0018733360227727314
-6.106553276638319	0.0001292151862154478	0.0020475827302222083
-6.093546773386693	0.00012966069541897607	0.0022468047619750298
-6.080540270135067	0.00013010855333883686	0.002400785006162809
-6.067533766883441	0.00013055877675860472	0.0024383934579735866
-6.054527263631816	0.00013101138260962486	0.002357537591061609
-6.04152076038019	0.00013146638798522403	0.0022288633107132583
-6.028514257128564	0.00013192381012483434	0.0021283921913406445
-6.015507753876938	0.0001323836664337552	0.0020968848072115964
-6.002501250625312	0.00013284597446538982	0.002148551079655614
-5.989494747373687	0.000133310751940785	0.002286545321864897
-5.976488244122061	0.00013377801674718803	0.0025024244516680394
-5.963481740870435	0.0001342477869246128	0.002760147002921931
-5.950475237618809	0.0001347200806889326	0.0029903631332510727
-5.937468734367184	0.00013519491642277615	0.0031342766958708523
-5.924462231115558	0.0001356723126759718	0.003187745451785351
-5.911455727863932	0.0001361522881656585	0.00316828801767588
-5.898449224612306	0.00013663486179338324	0.0030884713816705656
-5.88544272136068	0.00013712005262711546	0.0029700487264526787
-5.872436218109055	0.00013760787991790036	0.002840393187487855
-5.859429714857429	0.00013809836309308654	0.0027169773688155985
-5.846423211605803	0.00013859152176187717	0.0026029864578032136
-5.833416708354177	0.00013908737572099206	0.0024881907531180136
-5.820410205102551	0.0001395859449466741	0.002362307583990253
-5.807403701850926	0.0001400872496071237	0.0022288175777471775
-5.7943971985993	0.00014059131006360914	0.002106956705481222
-5.781390695347674	0.0001410981468614736	0.002021257289882672
-5.768384192096048	0.0001416077807467886	0.0019866789281262065
-5.755377688844422	0.00014212023265958162	0.002006437784424997
-5.742371185592797	0.00014263552374016442	0.002073656389319223
-5.729364682341171	0.000143153675329577	0.0021673817860285993
-5.716358179089545	0.00014367470897302947	0.002254152345299354
-5.703351675837919	0.00014419864642079006	0.002308991446459574
-5.6903451725862935	0.00014472550963273711	0.0023316492479851236
-5.6773386693346675	0.00014525532077458436	0.0023401147053977445
-5.6643321660830415	0.00014578810223087046	0.0023518369001785944
-5.6513256628314155	0.00014632387660395985	0.002363524094243452
-5.6383191595797895	0.00014686266670638215	0.002359216865305047
-5.625312656328164	0.00014740449557626434	0.0023310498742571406
-5.612306153076538	0.00014794938647577638	0.002287205908900747
-5.599299649824912	0.00014849736288924387	0.002240217166485148
-5.586293146573286	0.00014904844853769195	0.00218298673416939
-5.57328664332166	0.0001496026673628581	0.0020997971159005813
-5.560280140070035	0.000150160043546399	0.001998673085994107
-5.547273636818409	0.00015072060151011257	0.0019040470013511612
-5.534267133566783	0.0001512843659076113	0.0018311847722775054
-5.521260630315157	0.00015185136164241886	0.0017823315152101227
-5.508254127063532	0.00015242161385764508	0.0017539646925692765
-5.495247623811906	0.00015299514795164004	0.0017417175519454098
-5.48224112056028	0.00015357198956755802	0.0017420230685283311
-5.469234617308654	0.00015415216460246128	0.0017523276390043474
-5.456228114057028	0.00015473569922341834	0.0017709133364715024
-5.443221610805403	0.00015532261983952633	0.001796683254057574
-5.430215107553777	0.0001559129531402137	0.0018289956042499833
-5.417208604302151	0.00015650672607359084	0.0018675526323475022
-5.404202101050525	0.00015710396585588704	0.0019123334598772912
-5.391195597798899	0.00015770469998355185	0.001963560271399878
-5.378189094547274	0.00015830895622881425	0.002021691160104977
-5.365182591295648	0.00015891676263601884	0.0020874370700133538
-5.352176088044022	0.0001595281475449406	0.002161804237485243
-5.339169584792396	0.00016014313957668502	0.002246167802179899
-5.32616308154077	0.00016076176763979433	0.00234238752794369
-5.313156578289145	0.00016138406094845514	0.002452983522513441
-5.300150075037519	0.00016201004900329163	0.0025813984173342908
-5.287143571785893	0.00016263976161035032	0.0027323791994559032
-5.274137068534267	0.0001632732288827654	0.002912500533636342
-5.261130565282642	0.00016391048124408947	0.0031307628257648545
-5.248124062031016	0.00016455154942807138	0.0033988447421128276
-5.23511755877939	0.00016519646448320824	0.0037294829046397027
-5.222111055527764	0.00016584525778884363	0.004128922077308528
-5.209104552276138	0.00016649796103829217	0.004577792728942542
-5.1960980490245126	0.0001671546062622653	0.005010595208101987
-5.1830915457728866	0.00016781522581665875	0.005348767804251864
-5.1700850425212606	0.00016847985240875385	0.005599727219879558
-5.1570785392696346	0.00016914851907001704	0.005871428358053876
-5.1440720360180086	0.0001698212591954018	0.006278932602564291
-5.131065532766383	0.00017049810651426078	0.006900749110835602
-5.118059029514757	0.00017117909512498475	0.007795556069963627
-5.105052526263131	0.0001718642594764619	0.00901026294087326
-5.092046023011505	0.00017255363439083737	0.010545494011199863
-5.079039519759879	0.00017324725504819227	0.012289954212273968
-5.066033016508254	0.00017394515701096847	0.014044266691147667
-5.053026513256628	0.00017464737621819548	0.015714909683339662
-5.040020010005002	0.00017535394898882117	0.017308761551505847
-5.027013506753376	0.00017606491203692176	0.01863459017668201
-5.014007003501751	0.0001767803024654846	0.019381592320413144
-5.001000500250125	0.0001775001577751789	0.01947797293044007
-4.987993996998499	0.0001782245158775675	0.01915170308797809
-4.974987493746873	0.00017895341508400442	0.018734274604836343
-4.961980990495247	0.00017968689412872774	0.01844339340156309
-4.948974487243621	0.00018042499215964458	0.018425274747894127
-4.935967983991995	0.0001811677487567609	0.01880763670945207
-4.922961480740369	0.0001819152039270744	0.019678743799124265
-4.909954977488745	0.00018266739811412247	0.021049988340045123
-4.896948474237119	0.00018342437220830732	0.02277953131982091
-4.883941970985493	0.00018418616754323214	0.024509444713558204
-4.870935467733867	0.0001849528259152411	0.02561148128304147
-4.857928964482241	0.00018572438956954151	0.025483973039291508
-4.844922461230615	0.00018650090123362162	0.024174834375259135
-4.831915957978989	0.00018728240409571217	0.02238381134733891
-4.818909454727363	0.00018806894182776812	0.020796629862822602
-4.805902951475737	0.0001888605585931291	0.01984376386695652
-4.792896448224113	0.00018965729903841488	0.01980385908537252
-4.779889944972487	0.00019045920831972651	0.020806225878306828
-4.766883441720861	0.00019126633208965682	0.02274187112068682
-4.753876938469235	0.00019207871652304753	0.025033556151240144
-4.740870435217609	0.00019289640831265942	0.026492255035805434
-4.727863931965983	0.0001937194546697274	0.02602607356407205
-4.714857428714357	0.00019454790335515781	0.023831340150500036
-4.701850925462731	0.00019538180266209793	0.02111394463072358
-4.688844422211105	0.00019622120143791832	0.01884975510132847
-4.6758379189594805	0.00019706614908043818	0.01740539523843554
-4.6628314157078545	0.00019791669556090685	0.01681552403353226
-4.6498249124562285	0.00019877289141978505	0.01702334374003711
-4.6368184092046025	0.00019963478777396126	0.017937770904491335
-4.6238119059529765	0.00020050243634150977	0.0193724943240019
-4.6108054027013505	0.00020137588942048534	0.021015595470706416
-4.5977988994497245	0.00020225519993377628	0.022580897498185593
-4.5847923961980985	0.00020314042140390232	0.023894007491479408
-4.5717858929464725	0.00020403160798343478	0.02482033584573362
-4.5587793896948465	0.00020492881445210998	0.02543436205849181
-4.545772886443222	0.00020583209623648013	0.02589928594041213
-4.532766383191596	0.0002067415094048064	0.026080398276086325
-4.51975987993997	0.00020765711069647974	0.02590962946014541
-4.506753376688344	0.00020857895750903133	0.025860272270533335
-4.493746873436718	0.0002095071079187827	0.026530472353906487
-4.480740370185092	0.00021044162069938643	0.028088104714380835
-4.467733866933466	0.00021138255531416572	0.03014303976894217
-4.45472736368184	0.00021232997193498804	0.03199506407529129
-4.441720860430214	0.00021328393145536584	0.03313801231238356
-4.42871435717859	0.0002142444954962297	0.03359466831040325
-4.415707853926964	0.00021521172641791875	0.033906953348983415
-4.402701350675338	0.000216185687337056	0.03454455542081869
-4.389694847423712	0.00021716644211422498	0.03534246252326989
-4.376688344172086	0.00021815405540492883	0.035876477398113615
-4.36368184092046	0.00021914859263538755	0.036109605691219904
-4.350675337668834	0.00022015012002840617	0.03639670353047686
-4.337668834417208	0.00022115870461891785	0.03709973392691168
-4.324662331165582	0.00022217441425487205	0.038335529953779535
-4.311655827913956	0.000223197317624102	0.04031567521257984
-4.298649324662332	0.00022422748425254824	0.043675359050134754
-4.285642821410706	0.0002252649845226884	0.04921352784100608
-4.27263631815908	0.0002263098896896354	0.05760148178386415
-4.259629814907454	0.00022736227189223968	0.06913700291133795
-4.246623311655828	0.00022842220415908443	0.08306712615731127
-4.233616808404202	0.00022948976043490887	0.09670394238665347
-4.220610305152576	0.0002305650155877137	0.10614318179229243
-4.20760380190095	0.00023164804541842	0.10943805729003098
-4.194597298649324	0.00023273892668329577	0.10858647408818412
-4.1815907953977	0.00023383773710539124	0.10701539962757178
-4.168584292146074	0.00023494455539108117	0.10516632516790991
-4.155577788894448	0.0002360594612349498	0.10015832884291664
-4.142571285642822	0.00023718253535431888	0.09064006966814053
-4.129564782391196	0.00023831385948758221	0.07931792589887687
-4.11655827913957	0.00023945351642051804	0.06942823657305819
-4.103551775887944	0.00024060158999683612	0.06194531624570487
-4.090545272636318	0.00024175816513327675	0.0561926665588286
-4.077538769384692	0.000242923327845479	0.05160315703909957
-4.064532266133066	0.0002440971652617474	0.04848406448336595
-4.051525762881441	0.00024527976563126774	0.047409339191401334
-4.038519259629815	0.00024647121835019714	0.048691800350999404
-4.025512756378189	0.0002476716139877544	0.052251593763440574
-4.012506253126563	0.0002488810442855538	0.05726751486328929
-3.9994997498749374	0.0002500996021885804	0.061712287509866126
-3.9864932466233114	0.0002513273818681716	0.06323465234655645
-3.9734867433716854	0.00025256447873400756	0.06171097756938049
-3.9604802401200594	0.0002538109894526519	0.05960496413181948
-3.9474737368684334	0.00025506701197341997	0.05945872022156207
-3.934467233616809	0.00025633264554625335	0.06249022997564635
-3.921460730365183	0.0002576079907485873	0.06852977439285557
-3.908454227113557	0.00025889314949356645	0.07560807974698536
-3.895447723861931	0.000260188225066571	0.07973851467020798
-3.882441220610305	0.0002614933221416482	0.0773980292765164
-3.869434717358679	0.0002628085468019403	0.06917717450543104
-3.856428214107053	0.0002641340065626663	0.058812394910600085
-3.843421710855427	0.0002654698104049835	0.04944253337878435
-3.830415207603801	0.00026681606878442565	0.04228054778125245
-3.817408704352175	0.00026817289366709574	0.037358385151103235
-3.804402201100551	0.00026954039855298095	0.034358420527381806
-3.791395697848925	0.00027091869849849015	0.03299018544170851
-3.778389194597299	0.0002723079101417669	0.033083991743277585
-3.765382691345673	0.0002737081517355522	0.03455615329590056
-3.752376188094047	0.00027511954317027687	0.03729377457916294
-3.739369684842421	0.00027654220600092927	0.04105301843991327
-3.726363181590795	0.0002779762634741445	0.04563137258843175
-3.713356678339169	0.0002794218405619553	0.05114940748388663
-3.700350175087543	0.0002808790639902137	0.0574701165137842
-3.6873436718359187	0.0002823480622660135	0.06292302621310542
-3.6743371685842927	0.0002838289657098869	0.06457104131239821
-3.6613306653326667	0.0002853219064818946	0.061276524855466086
-3.6483241620810407	0.0002868270186241473	0.05533679834916927
-3.6353176588294147	0.00028834443808811727	0.0498258186082553
-3.6223111555777887	0.0002898743027642814	0.046367961507356115
-3.6093046523261627	0.00029141675252286614	0.045299181539233624
-3.5962981490745367	0.00029297192924038207	0.04626733940478711
-3.5832916458229107	0.00029453997684292244	0.04843664808621373
-3.5702851425712847	0.00029612104133913686	0.05088826856644224
-3.5572786393196605	0.00029771527085431515	0.05351363888865046
-3.5442721360680345	0.0002993228156711325	0.05693864977957386
-3.5312656328164085	0.00030094382827328126	0.06110169771065421
-3.5182591295647825	0.0003025784633674533	0.06457826381490539
-3.5052526263131565	0.0003042268779465118	0.06593752218097115
-3.4922461230615305	0.00030588923131613655	0.06573688403617162
-3.4792396198099045	0.0003075656851359021	0.06628793541036804
-3.4662331165582785	0.0003092564034662404	0.06970141742201441
-3.4532266133066525	0.0003109615528166243	0.07674435558650805
-3.4402201100550283	0.00031268130217831924	0.08632348635015019
-3.4272136068034023	0.0003144158230836691	0.09494533065321253
-3.4142071035517763	0.0003161652896338518	0.09793096259959178
-3.4012006003001503	0.00031792987857670596	0.09310098349621154
-3.3881940970485243	0.00031970976931960937	0.08279958804842369
-3.3751875937968983	0.00032150514400108854	0.07156339760037289
-3.3621810905452723	0.00032331618754299907	0.0625804749675476
-3.3491745872936463	0.00032514308769027167	0.05674298772303499
-3.3361680840420203	0.0003269860350721965	0.0533922915231384
-3.3231615807903943	0.0003288452232533823	0.05107448802527348
-3.31015507753877	0.000330720848790933	0.048616785843356713
-3.297148574287144	0.0003326131112877384	0.04619963142736083
-3.284142071035518	0.00033452221345986466	0.04489332028693971
-3.271135567783892	0.00033644836118251753	0.04552990919045108
-3.258129064532266	0.0003383917635587652	0.04827556169849068
-3.24512256128064	0.0003403526329822659	0.052352695110673864
-3.232116058029014	0.00034233118519533257	0.055587782237969785
-3.219109554777388	0.00034432763935721145	0.05520160751491532
-3.206103051525762	0.00034634221811069565	0.050562986476237026
-3.193096548274138	0.0003483751476525132	0.04387601207383096
-3.180090045022512	0.0003504266577922799	0.03751209590667415
-3.167083541770886	0.0003524969820375423	0.032487101428553156
-3.15407703851926	0.00035458635765883706	0.028876558191206603
-3.141070535267634	0.0003566950257580803	0.026448606343937198
-3.128064032016008	0.0003588232313637141	0.024956813968701752
-3.115057528764382	0.0003609712234871054	0.024221308501819805
-3.102051025512756	0.0003631392552129187	0.0241363776381871
-3.08904452226113	0.00036532758378615693	0.024662590237225057
-3.076038019009504	0.0003675364706834383	0.025821431608394896
-3.0630315157578796	0.0003697661817095854	0.027696650716727333
-3.0500250125062536	0.00037201698707156616	0.03044134162224854
-3.0370185092546276	0.0003742891614896271	0.034282951597664035
-3.0240120060030016	0.0003765829842677926	0.0394991742179015
-3.0110055027513756	0.0003788987394011123	0.046295607003555284
-2.9979989994997496	0.0003812367156683649	0.054502280044122386
-2.9849924962481236	0.00038359720672886954	0.06331157214630523
-2.9719859929964976	0.0003859805112327308	0.07196004311605209
-2.9589794897448716	0.00038838693290910165	0.08118050440090274
-2.9459729864932473	0.00039081678068586534	0.09267286178078926
-2.9329664832416213	0.00039327036879632793	0.10632446580401256
-2.9199599799899953	0.0003957480168835792	0.11801635521963971
-2.9069534767383693	0.0003982500501291675	0.12133679364549055
-2.8939469734867433	0.00040077679935435206	0.11446680306183765
-2.8809404702351173	0.0004033286011493331	0.10266986341986117
-2.8679339669834913	0.0004059057980040359	0.09206491884381063
-2.8549274637318653	0.00040850873841613566	0.08559375645711809
-2.8419209604802393	0.0004111377770382729	0.08371005513141205
-2.8289144572286133	0.00041379327480128847	0.08530092643551035
-2.815907953976989	0.0004164755990553326	0.08805757496154887
-2.802901450725363	0.00041918512370986427	0.0898263296881826
-2.789894947473737	0.00042192222937875723	0.09003711039046569
-2.776888444222111	0.00042468730351874484	0.08890890006398822
-2.763881940970485	0.0004274807405938441	0.08604275267260708
-2.750875437718859	0.000430302942226346	0.08056525639718248
-2.737868934467233	0.0004331543173541341	0.07253753109677297
-2.724862431215607	0.0004360352823933322	0.0636488995064971
-2.711855927963981	0.00043894626141494086	0.055920122157127494
-2.698849424712357	0.00044188768630837316	0.05037855627268839
-2.685842921460731	0.0004448599969556488	0.04718016974311323
-2.672836418209105	0.00044786364143478696	0.04619409694532839
-2.659829914957479	0.000450899076183231	0.047326662945334386
-2.646823411705853	0.000453966766204017	0.05057459067771308
-2.633816908454227	0.0004570671852529573	0.0558870252638195
-2.620810405202601	0.000460200816054801	0.0629380341711695
-2.607803901950975	0.0004633681504986331	0.07112183720661769
-2.594797398699349	0.0004665696898630278	0.07970870888932069
-2.581790895447723	0.00046980594502865625	0.08751547977915475
-2.5687843921960987	0.00047307743670910174	0.09321312410020122
-2.5557778889444727	0.0004763846956866713	0.0966999800790832
-2.5427713856928467	0.00047972826304287786	0.0988876518225037
-2.5297648824412207	0.00048310869040668614	0.10009696133010593
-2.5167583791895947	0.0004865265402209662	0.09985290051267226
-2.5037518759379687	0.0004899823859852992	0.0971144191961213
-2.4907453726863427	0.0004934768125346434	0.09044555814298694
-2.4777388694347167	0.0004970104163091182	0.08026468598886438
-2.4647323661830907	0.0005005838056458822	0.06904904352036301
-2.4517258629314664	0.0005041976010655702	0.05888566787029981
-2.4387193596798404	0.0005078524355691671	0.05068464679147078
-2.4257128564282144	0.0005115489549573082	0.04458879040488395
-2.4127063531765884	0.0005152878181423626	0.040341219227232994
-2.3996998499249624	0.0005190696974763931	0.037554630658491184
-2.3866933466733364	0.0005228952790981012	0.035882224260725515
-2.3736868434217104	0.000526765263262341	0.035116628128571414
-2.3606803401700844	0.0005306803647195935	0.03518775286196729
-2.3476738369184584	0.0005346413130699057	0.036086189879622865
-2.3346673336668324	0.0005386488531533562	0.03783741368091653
-2.321660830415208	0.0005427037454368566	0.040551011003005066
-2.308654327163582	0.0005468067664242682	0.04447645953660506
-2.295647823911956	0.0005509587090629653	0.050020091151056434
-2.28264132066033	0.0005551603831898122	0.057756536054149765
-2.269634817408704	0.0005594126159537138	0.06845980053221612
-2.256628314157078	0.0005637162522985628	0.08306416823674423
-2.243621810905452	0.0005680721554035539	0.10229909535444437
-2.230615307653826	0.0005724812072036567	0.12554016099541188
-2.2176088044022	0.0005769443088603499	0.14888700754426676
-2.204602301150576	0.0005814623813061859	0.16507822283572482
-2.19159579789895	0.0005860363657586021	0.1684036588123793
-2.178589294647324	0.0005906672242885769	0.15894888739998092
-2.165582791395698	0.0005953559403817366	0.14111230403898334
-2.152576288144072	0.0006001035195228877	0.12120388577573671
-2.139569784892446	0.0006049109898176308	0.10437203772995174
-2.12656328164082	0.0006097794026117542	0.09273176709395059
-2.113556778389194	0.0006147098331389378	0.08624274229071127
-2.100550275137568	0.0006197033811944364	0.08396875399808812
-2.087543771885942	0.0006247611718314117	0.0847209899502821
-2.0745372686343178	0.0006298843560690326	0.08750042359250798
-2.0615307653826918	0.0006350741116450953	0.09163314535268074
-2.0485242621310658	0.0006403316437675333	0.09629457238604833
-2.0355177588794398	0.0006456581859236588	0.10037928424397558
-2.0225112556278138	0.000651055000687295	0.10331275632231807
-2.0095047523761878	0.0006565233805727599	0.10499320224136066
-1.9964982491245618	0.0006620646489132742	0.1053820417174064
-1.9834917458729358	0.0006676801607656824	0.10579117602643229
-1.9704852426213098	0.0006733713038503675	0.10886336102957295
-1.9574787393696855	0.0006791394995382394	0.11663085677999563
-1.9444722361180595	0.0006849862038462717	0.12955899968129048
-1.9314657328664335	0.0006909129084813337	0.14653082056275435
-1.9184592296148075	0.0006969211419385335	0.16391570069285732
-1.9054527263631815	0.000703012470608777	0.17449319900900695
-1.8924462231115555	0.0007091884999462783	0.17189908122965936
-1.8794397198599295	0.0007154508756835876	0.1582061588472764
-1.8664332166083035	0.0007218012850626065	0.14182540548595635
-1.8534267133566775	0.0007282414581556429	0.12953335659494725
-1.8404202101050515	0.0007347731691902393	0.12397597798665938
-1.8274137068534273	0.0007413982379634865	0.12506399711736726
-1.8144072036018013	0.0007481185312756544	0.13056138237418335
-1.8014007003501753	0.0007549359644530851	0.13565707665527915
-1.7883941970985493	0.0007618525028868506	0.13518394085076724
-1.7753876938469233	0.0007688701636781037	0.1289520279987716
-1.7623811905952973	0.0007759910173139595	0.12187834969219336
-1.7493746873436713	0.0007832171894148754	0.11871635436475192
-1.7363681840920453	0.0007905508625644098	0.12174385277421007
-1.7233616808404193	0.0007979942781994875	0.13126549024285938
-1.710355177588795	0.0008055497385717203	0.14561367664642166
-1.697348674337169	0.0008132196088076471	0.16062710494986698
-1.684342171085543	0.0008210063190209338	0.17087062324143887
-1.671335667833917	0.0008289123665449205	0.17197161269727523
-1.658329164582291	0.0008369403182335589	0.16166107543731434
-1.645322661330665	0.0008450928128586055	0.14228260414872984
-1.632316158079039	0.0008533725636210576	0.12038915041725529
-1.619309654827413	0.0008617823607499631	0.10124996170618317
-1.606303151575787	0.0008703250742165825	0.08661920583321792
-1.593296648324161	0.0008790036565694548	0.07621148913776177
-1.5802901450725368	0.0008878211458865914	0.06919433878670911
-1.5672836418209108	0.0008967806688473523	0.0648035976706064
-1.5542771385692848	0.0009058854439502051	0.062480517912108846
-1.5412706353176588	0.0009151387848538306	0.06186115022448657
-1.5282641320660328	0.0009245441038853164	0.06275324458055664
-1.5152576288144068	0.0009341049156806891	0.0651071144754285
-1.5022511255627808	0.0009438248410094108	0.06896424850317029
-1.4892446223111548	0.0009537076107513087	0.07444043298084757
-1.4762381190595288	0.0009637570700634646	0.08177324828133448
-1.4632316158079046	0.0009739771827361743	0.09141357807933481
-1.4502251125562786	0.0009843720357439745	0.10415857195407308
-1.4372186093046526	0.000994945844008055	0.12125849934901878
-1.4242121060530266	0.0010057029553819374	0.14446172420286185
-1.4112056028014006	0.0010166478558728542	0.17606901123038565
-1.3981990995497746	0.0010277851750983835	0.21881751452065779
-1.3851925962981486	0.0010391196920170875	0.2748188659330095
-1.3721860930465226	0.0010506563409283798	0.3421734847329354
-1.3591795897948966	0.001062400217754056	0.40910180800490925
-1.3461730865432706	0.0010743565866375704	0.45298311740614616
-1.3331665832916464	0.0010865308868652779	0.4566704059144626
-1.3201600800400204	0.0010989287401217407	0.42788997720965305
-1.3071535767883944	0.0011115559581134082	0.38911971141957813
-1.2941470735367684	0.0011244185505789872	0.3530601988033002
-1.2811405702851424	0.0011375227337013794	0.31794599773865295
-1.2681340670335164	0.001150874938946722	0.28124722696823856
-1.2551275637818904	0.0011644818223689457	0.24784083308293936
-1.2421210605302644	0.001178350274385509	0.2239059270706414
-1.2291145572786384	0.0011924874300783816	0.2113359669714041
-1.2161080540270142	0.001206900680029599	0.20732505487466502
-1.2031015507753882	0.0012215976817497864	0.20492534168826293
-1.1900950475237622	0.0012365863717004322	0.19642567580236192
-1.1770885442721362	0.001251874977985179	0.1805437359814117
-1.1640820410205102	0.001267472033737782	0.1631024542492071
-1.1510755377688842	0.0012833863912370402	0.15002760565817863
-1.1380690345172582	0.0012996272368215323	0.144021423283213
-1.1250625312656322	0.0013162041066432373	0.14563440611166112
-1.1120560280140062	0.0013331269033018955	0.15418413164038602
-1.099049524762382	0.0013504059134675783	0.16693467549688923
-1.086043021510756	0.0013680518264700403	0.1775577338419343
-1.07303651825913	0.0013860757540395952	0.17845209135824935
-1.060030015007504	0.001404489251162544	0.16850186180341198
-1.047023511755878	0.0014233043381978172	0.1545317174055817
-1.034017008504252	0.001442533524330769	0.14369008264944338
-1.021010505252626	0.001462189832445171	0.13949961423350854
-1.008004002001	0.0014822868255217614	0.1432163631224752
-0.9949974987493739	0.001502838634684478	0.15559536592515777
-0.9819909954977479	0.001523859988986076	0.17735916988637912
-0.9689844922461237	0.0015453662470999996	0.20812397407631222
-0.9559779889944977	0.001567373431026975	0.24355755425520842
-0.9429714857428717	0.0015898982619799717	0.2729536516494796
-0.9299649824912457	0.0016129581986233932	0.28331443959973357
-0.9169584792396197	0.0016365714778229234	0.26898211105665426
-0.9039519759879937	0.0016607571581397362	0.23620032317313755
-0.8909454727363677	0.0016855351662250495	0.19803703191412403
-0.8779389694847417	0.0017109263464314406	0.16454163234842079
-0.8649324662331157	0.0017369525137859165	0.13923397221232003
-0.8519259629814915	0.0017636365107128738	0.12186019497558165
-0.8389194597298655	0.0017910022677437576	0.11125099327761623
-0.8259129564782395	0.001819074868558479	0.10651037376015637
-0.8129064532266135	0.0018478806197287367	0.10726106138401259
-0.7998999499749875	0.0018774471255691427	0.11356656287054956
-0.7868934467233615	0.001907803368527028	0.12551954031098267
-0.7738869434717355	0.001938979795588991	0.14204068204043174
-0.7608804402201095	0.0019710084112446458	0.15868123353361152
-0.7478739369684835	0.0020039228775879936	0.16707593015571665
-0.7348674337168575	0.002037758622213448	0.16130722136830866
-0.7218609304652333	0.0020725529545836396	0.1451140904758207
-0.7088544272136073	0.0021083451917135454	0.12710415437871025
-0.6958479239619813	0.002145176793996284	0.11282345082643253
-0.6828414207103553	0.002183091512140023	0.1039153237008712
-0.6698349174587293	0.0022221355463305503	0.10034273300052865
-0.6568284142071033	0.002262357718765151	0.10188284719589569
-0.6438219109554773	0.0023038096609075964	0.10870324807142107
-0.6308154077038512	0.0023465460169519448	0.12154173455638762
-0.6178089044522252	0.0023906246651019813	0.1417083503765978
-0.604802401200601	0.0024361069585884243	0.17072392736457465
-0.591795897948975	0.0024830579883979853	0.2088544530276133
-0.578789394697349	0.0025315468701228028	0.2513963559535193
-0.565782891445723	0.002581647057427028	0.28426725162635
-0.552776388194097	0.0026334366851682445	0.2891935538474757
-0.539769884942471	0.0026869989453728316	0.26273690486543144
-0.526763381690845	0.0027424224998273683	0.22077512801454002
-0.513756878439219	0.002799801933501711	0.1800116142114061
-0.500750375187593	0.0028592382535327365	0.14765919616702483
-0.487743871935967	0.002920839439186751	0.12441852535580511
-0.4747373686843428	0.0029847210489594156	0.1088707337187167
-0.4617308654327168	0.003051006891782837	0.09951288755371979
-0.4487243621810908	0.0031198297703735056	0.09534355981093945
-0.4357178589294648	0.003191332305809036	0.09595244859680419
-0.4227113556778388	0.003265667853875609	0.10150891089590341
-0.4097048524262128	0.0033430015252000622	0.11274424161570051
-0.3966983491745868	0.00342351132305585	0.13084267484036405
-0.3836918459229608	0.003507389414857731	0.15688153518554404
-0.3706853426713348	0.0035948435559186587	0.18997746652979497
-0.35767883941971057	0.003686098686967454	0.22345219499906888
-0.34467233616808457	0.003781398730518304	0.2426850030966261
-0.33166583291645857	0.003881008615269854	0.2347685271956732
-0.31865932966483257	0.00398521656279871	0.20371355954640535
-0.30565282641320657	0.004094336676651933	0.16515483574578926
-0.29264632316158057	0.004208711881110494	0.13045795455237608
-0.27963981990995457	0.004328717265463244	0.10311206701437037
-0.26663331665832857	0.004454763899896963	0.08258342750307512
-0.25362681340670257	0.004587303201654458	0.06732044252909886
-0.24062031015507657	0.004726831945295995	0.055883341840905376
-0.22761380690345234	0.004873898029395529	0.04718361282869499
-0.21460730365182634	0.005029107134833177	0.04045041585719744
-0.20160080040020034	0.005193130437652904	0.035147609187944906
-0.18859429714857434	0.005366713574208926	0.030901645464706973
-0.17558779389694834	0.005550687099177498	0.027449534259805897
-0.16258129064532234	0.005745978730623991	0.02460348481194541
-0.14957478739369634	0.005953627743721879	0.022227316810228714
-0.13656828414207034	0.006174801959427545	0.02022072896918281
-0.12356178089044434	0.006410817882197661	0.01850872493403377
-0.11055527763882012	0.00666316467807504	0.01703442151140655
-0.09754877438719411	0.0069335328608032265	0.015754090866537895
-0.08454227113556811	0.007223848781247155	0.014633694383800022
-0.07153576788394211	0.007536316311435587	0.013646425247914928
-0.058529264632316114	0.007873467502226172	0.012770942334669244
-0.04552276138069011	0.008238224504665714	0.011990084284679625
-0.03251625812906411	0.008633975724632759	0.011289921531927538
-0.019509754877438112	0.009064670090554006	0.01065904923022154
-0.006503251625812112	0.009534934543661722	0.010088053997267976
0.006503251625813888	0.010050221536512915	0.009569107537335864
0.019509754877438112	0.010616995631367532	0.009095653903336887
0.03251625812906411	0.011242971493498177	0.008662166590613807
0.04552276138069011	0.011937420070204374	0.008263958223517665
0.058529264632316114	0.012711566123527307	0.00789703022236321
0.07153576788394211	0.01357910943217211	0.007557953132022011
0.08454227113556811	0.01455691525243985	0.007243770662351379
0.09754877438719411	0.015665939123175487	0.006951922211186123
0.11055527763882012	0.016932480084834056	0.006680179901936589
0.12356178089044612	0.0183899000142439	0.006426597100830156
0.13656828414207034	0.02008101325953382	0.006189466074541405
0.14957478739369634	0.022061453225719174	0.005967282972394461
0.16258129064532234	0.024404482033711483	0.005758718713608002
0.17558779389694834	0.027207959166819395	0.0055625946628229395
0.18859429714857434	0.030604576275952478	0.005377862209651196
0.20160080040020034	0.03477707035923572	0.005203585548060108
0.21460730365182634	0.03998102616441501	0.005038927091468248
0.22761380690345234	0.046579072701130264	0.004883135069340017
0.24062031015507834	0.05509134715388164	0.004735532937474418
0.25362681340670434	0.06626597995302697	0.004595510302877637
0.26663331665832857	0.0811623662156773	0.004462515118620836
0.27963981990995457	0.10119413713852621	0.004336046947898686
0.29264632316158057	0.1279293264790884	0.004215651131703413
0.30565282641320657	0.16207291989334738	0.004100913722889676
0.31865932966483257	0.20064068463102547	0.003991457072682336
0.33166583291645857	0.23297151004282857	0.0038869359743287646
0.34467233616808457	0.24325827306958847	0.0037870342842253324
0.35767883941971057	0.2259511412637707	0.003691461953385433
0.37068534267133657	0.19301001233703363	0.0035999524127365845
0.3836918459229608	0.15951271982857518	0.003512260264290301
0.3966983491745868	0.13280882852014608	0.0034281592375519088
0.4097048524262128	0.11409348146238618	0.00334744037650625
0.4227113556778388	0.10235560018791134	0.0032699104275857316
0.4357178589294648	0.09638896424851351	0.0031953904032615554
0.4487243621810908	0.09542010705030612	0.0031237142994576805
0.4617308654327168	0.09923592776014678	0.0030547279480477307
0.4747373686843428	0.10820348318278139	0.002988287988161198
0.4877438719359688	0.1232828181079495	0.0029242609423494326
0.5007503751875948	0.14595279274844275	0.002862522385335131
0.513756878439219	0.1776851228099634	0.002802956194824069
0.526763381690845	0.21805546869457815	0.002745453875076742
0.539769884942471	0.2604923530492219	0.0026899139452095655
0.552776388194097	0.2888384938264176	0.00263624138511509
0.565782891445723	0.28641091038905897	0.0025843471328169665
0.578789394697349	0.254976228912025	0.002534147627796024
0.591795897948975	0.21244703780952634	0.002485564395471651
0.604802401200601	0.17364013693172842	0.002438523668604864
0.617808904452227	0.14385238223867614	0.002392956041856409
0.6308154077038512	0.12302953133715255	0.0023487961561939885
0.6438219109554773	0.10967087873964698	0.0023059824101566706
0.6568284142071033	0.10242928697712217	0.002264456695416639
0.6698349174587293	0.1005216980453173	0.0022241641542345425
0.6828414207103553	0.10373994311322376	0.0021850529567785104
0.6958479239619813	0.11228083533799249	0.0021470740964047996
0.7088544272136073	0.12620071269995925	0.0021101812012639387
0.7218609304652333	0.14397640599349082	0.002074330360736565
0.7348674337168593	0.16028125033372342	0.0020394799653381535
0.7478739369684853	0.16656495317404652	0.002005590558921355
0.7608804402201095	0.15872627653253513	0.0019726247020614984
0.7738869434717355	0.14233318091346214	0.0019405468457004416
0.7868934467233615	0.1257820863765312	0.0019093232140996452
0.7998999499749875	0.11368017929546392	0.0018789216963689404
0.8129064532266135	0.10719485705197995	0.0018493117458306951
0.8259129564782395	0.10625843474027208	0.0018204642865561338
0.8389194597298655	0.11081308435130444	0.0017923516265040407
0.8519259629814915	0.12124501182071934	0.0017649473767235024
0.8649324662331175	0.13844874924309913	0.0017382263761221983
0.8779389694847417	0.16354569128611351	0.001712164621375245
0.8909454727363677	0.1967467720157262	0.0016867392015526006
0.9039519759879937	0.23467263803461125	0.0016619282371109767
0.9169584792396197	0.26761587524672537	0.0016377108229326254
0.9299649824912457	0.282711657991744	0.0016140669750497327
0.9429714857428717	0.27345810638992696	0.0015909775808414794
0.9559779889944977	0.24487589090610673	0.0015684243524003438
0.9689844922461237	0.2095980704430741	0.001546389782859925
0.9819909954977497	0.17853415511548976	0.0015248571054470306
0.9949974987493757	0.15632253775998217	0.001503810255073068
1.008004002001	0.1434899136158191	0.001483233832303088
1.021010505252626	0.13934396710365715	0.0014631130694848782
1.034017008504252	0.14314518233079476	0.0014434337989491786
1.047023511755878	0.15372313595432974	0.0014241824230639688
1.060030015007504	0.16776298449036442	0.0014053458861017498
1.07303651825913	0.17828488887532368	0.0013869116477154275
1.086043021510756	0.1781639048368978	0.0013688676579637349
1.099049524762382	0.1679117306231387	0.0013512023337813872
1.112056028014008	0.15500210198990627	0.0013339045367558588
1.1250625312656322	0.14605303921840163	0.001316963552184025
1.1380690345172582	0.14402846349228227	0.0013003690692858783
1.1510755377688842	0.14968042826243078	0.0012841111625150337
1.1640820410205102	0.16249832990495894	0.0012681802738730985
1.1770885442721362	0.17988094770134444	0.0012525671962352325
1.1900950475237622	0.19599048289789345	0.0012372630575034904
1.2031015507753882	0.2048621986271295	0.00122225930567188
1.2161080540270142	0.20748430437023124	0.0012075476946316055
1.2291145572786402	0.21144826055131072	0.0011931202707482491
1.2421210605302662	0.2237101559441559	0.0011789693601403917
1.2551275637818904	0.24701816525769682	0.0011650875565815122
1.2681340670335164	0.27936203335356324	0.0011514677100544768
1.2811405702851424	0.3147654573506794	0.0011381029158811229
1.2941470735367684	0.3491104431509521	0.0011249865043728713
1.3071535767883944	0.3854944161540097	0.0011121120310315646
1.3201600800400204	0.4257557750479013	0.0010994732672127139
1.3331665832916464	0.4571502081685799	0.0010870641912523737
1.3461730865432724	0.45640323946293815	0.0010748789800297809
1.3591795897948984	0.4141264644449614	0.001062912000938665
1.3721860930465226	0.34697682549971653	0.0010511578042289305
1.3851925962981486	0.27855983333138334	0.0010396111157381371
1.3981990995497746	0.22146855375934116	0.0010282668299329556
1.4112056028014006	0.1778387897720971	0.0010171200033144423
1.4242121060530266	0.1455447387382145	0.0010061658480906566
1.4372186093046526	0.1218028230881022	0.000995399726175572
1.4502251125562786	0.10432833573441458	0.0009848171434320152
1.4632316158079046	0.0914538950000674	0.0009744137442110334
1.4762381190595306	0.08198199699848241	0.0009641853061032046
1.4892446223111566	0.0750496372959023	0.0009541277349381927
1.5022511255627808	0.07004233164379403	0.0009442370600236671
1.5152576288144068	0.06654018712842535	0.000934509429555419
1.5282641320660328	0.06429701370847041	0.0009249411062757229
1.5412706353176588	0.06323531429718987	0.0009155284632814675
1.5542771385692848	0.06341365431531831	0.0009062679800289075
1.5672836418209108	0.06500183918874458	0.0008971562385232668
1.5802901450725368	0.06833598523902418	0.0008881899196360177
1.5932966483241628	0.0739740539119762	0.0008793657996133408
1.6063031515757888	0.08266332999567882	0.0008706807467131483
1.619309654827413	0.09525739092683427	0.0008621317179836607
1.632316158079039	0.11243869776964022	0.0008537157561850917
1.645322661330665	0.13383350547752038	0.0008454299868101423
1.658329164582291	0.15625272493031583	0.0008372716152797999
1.671335667833917	0.17297693255650748	0.0008292379241857661
1.684342171085543	0.17803871083483647	0.0008213262707067459
1.697348674337169	0.17128714320632465	0.000813534084078249
1.710355177588795	0.1571091189121011	0.0008058588631996155
1.723361680840421	0.14163098281303765	0.0007982981743147599
1.736368184092047	0.1300543141706163	0.0007908496487879502
1.7493746873436713	0.12475820339888555	0.0007835109809781748
1.7623811905952973	0.12567641626257264	0.0007762799261799014
1.7753876938469233	0.1308374795788818	0.0007691542986476563
1.7883941970985493	0.1359433819467767	0.0007621319697074247
1.8014007003501753	0.13594094913388988	0.0007552108659237833
1.8144072036018013	0.13014041805596277	0.0007483889673489674
1.8274137068534273	0.12317387882868192	0.0007416643058312244
1.8404202101050533	0.11999322033798698	0.0007350349633861164
1.8534267133566793	0.12314122175140174	0.000728499070637989
1.8664332166083035	0.13302233388341622	0.0007220548053001874
1.8794397198599295	0.14763121056760609	0.0007157003907357629
1.8924462231115555	0.16128991244329427	0.0007094340945394961
1.9054527263631815	0.16595246854736678	0.0007032542272161768
1.9184592296148075	0.1574320903178419	0.0006971591408521105
1.9314657328664335	0.13949493714048933	0.0006911472278784414
1.9444722361180595	0.1196777657015381	0.0006852169198572344
1.9574787393696855	0.10320009201676783	0.0006793666863149639
1.9704852426213115	0.09174995398368369	0.0006735950336218544
1.9834917458729358	0.085202755930752	0.0006679005039025299
1.9964982491245618	0.083066845330665	0.0006622816739888515
2.0095047523761878	0.08513143685513613	0.0006567371544138334
2.0225112556278138	0.09165745536142922	0.0006512655884227669
2.0355177588794398	0.10332351737918077	0.0006458656510420768
2.0485242621310658	0.12082945218334129	0.0006405360481689382
2.0615307653826918	0.14360293465855833	0.0006352755156883161
2.0745372686343178	0.16718601180540604	0.000630082818617983
2.0875437718859438	0.1817215214585084	0.0006249567502967235
2.1005502751375698	0.17823025570030682	0.0006198961315746487
2.113556778389194	0.1589974449637518	0.0006148998100709013
2.12656328164082	0.13472351716445785	0.0006099666594050479
2.139569784892446	0.11371019876611688	0.0006050955784927536
2.152576288144072	0.09885243704409818	0.0006002854908471189
2.165582791395698	0.08999303124868174	0.0005955353439158761
2.178589294647324	0.08567153200683886	0.00059084410841026
2.19159579789895	0.0834836199246205	0.0005862107776976044
2.204602301150576	0.08059959784079862	0.0005816343671822821
2.217608804402202	0.07535044791846746	0.0005771139137173975
2.230615307653826	0.06823105522064954	0.0005726484750293581
2.243621810905452	0.06098346987805259	0.0005682371291684252
2.256628314157078	0.05511493864804151	0.0005638789739723649
2.269634817408704	0.05131949515586265	0.0005595731265528592
2.28264132066033	0.04973839181512507	0.0005553187227845813
2.295647823911956	0.05032482906832214	0.0005511149168175855
2.308654327163582	0.05290745356273696	0.0005469608806102366
2.321660830415208	0.056900706510311316	0.0005428558034690223
2.334667333666834	0.060982201509050094	0.0005387988916035757
2.34767383691846	0.06372489027958705	0.0005347893676929116
2.3606803401700844	0.06499356668002676	0.0005308264704761978
2.3736868434217104	0.06543664702308016	0.0005269094543425279
2.3866933466733364	0.06487234777751982	0.000523037588936015
2.3996998499249624	0.06305292588085132	0.0005192101587772058
2.4127063531765884	0.06113251011199328	0.0005154264628899341
2.4257128564282144	0.06084994202604588	0.0005116858144472713
2.4387193596798404	0.06331074557123229	0.0005079875404183642
2.4517258629314664	0.06889713804423514	0.000504330981235479
2.4647323661830924	0.0774658837122909	0.000500715490453385
2.4777388694347167	0.08818611517523733	0.0004971404344435992
2.4907453726863427	0.09884764933050927	0.0004936051920786388
2.5037518759379687	0.10601796916882011	0.0004901091544301517
2.5167583791895947	0.10774090636265421	0.00048665172447615035
2.5297648824412207	0.10531908611114515	0.00048323231681979273
2.5427713856928467	0.10167145060345739	0.0004798503574074964
2.5557778889444727	0.09888185799784532	0.0004765052832685912
2.5687843921960987	0.09630465288823542	0.0004731965422455353
2.5817908954477247	0.09104075171516468	0.00046992359274611317
2.5947973986993507	0.08168836283059777	0.00046668590349696615
2.607803901950975	0.07044259077958115	0.0004634829532976781
2.620810405202601	0.06027057783971357	0.0004603142307963992
2.633816908454227	0.05256813993648135	0.0004571792342502601
2.646823411705853	0.04746581980406228	0.0004540774713224227
2.659829914957479	0.04465842402558229	0.0004510084588532637
2.672836418209105	0.04378404666284896	0.0004479717226512081
2.685842921460731	0.044477906970458725	0.00044496679729588706
2.698849424712357	0.046332441345698694	0.0004419932259452919
2.711855927963983	0.04880586734233139	0.0004390505601273853
2.724862431215607	0.05124228412804044	0.00043613835956701763
2.737868934467233	0.053293516257989504	0.0004332561919920819
2.750875437718859	0.055211626741427544	0.00043040363296498185
2.763881940970485	0.05740308067049449	0.00042758026570666186
2.776888444222111	0.05946822065972135	0.00042478568092452207
2.789894947473737	0.06030222021030551	0.00042201947665354567
2.802901450725363	0.05985226700284063	0.0004192812580959826
2.815907953976989	0.05972202956215178	0.0004165706374580358
2.828914457228615	0.061730927019925996	0.0004138872338057542
2.841920960480241	0.06706849064845433	0.0004112306729181503
2.8549274637318653	0.07647507024315214	0.0004086005871356546
2.8679339669834913	0.09025454035345748	0.0004059966152284433
2.8809404702351173	0.10748627808770717	0.00040341840225321945
2.8939469734867433	0.12466757150100816	0.0004008655994158783
2.9069534767383693	0.13558743439735832	0.00039833786395782056
2.9199599799899953	0.13521734423937293	0.0003958348590080707
2.9329664832416213	0.12503276908427485	0.0003933562534779167
2.9459729864932473	0.11100388061249078	0.00039090172192612904
2.9589794897448733	0.09786584063735881	0.00038847094444982577
2.9719859929964976	0.08743021947702023	0.0003860636065684542
2.9849924962481236	0.07906095339128394	0.00038367939910766147
2.9979989994997496	0.07135893280902184	0.00038131801809615506
3.0110055027513773	0.06402551755040387	0.00037897916465201575
3.0240120060030016	0.05745966831133931	0.00037666254488633033
3.037018509254626	0.05173653247849275	0.000374367869795611
3.0500250125062536	0.046731242407414775	0.00037209485516498386
3.063031515757878	0.04222831466840238	0.0003698432214749303
3.0760380190095056	0.038087887371352935	0.00036761269379737005
3.08904452226113	0.034535470821172254	0.00036540300171583606
3.1020510255127576	0.031899018977216365	0.00036321387922577664
3.115057528764382	0.030323678572988788	0.0003610450646512886
3.1280640320160096	0.029828698500172002	0.00035889630055807586
3.141070535267634	0.03044229873722959	0.00035676733367218105
3.1540770385192616	0.03227397783120134	0.0003546579147897244
3.167083541770886	0.035523893237494275	0.0003525677987117337
3.18009004502251	0.04039933016043429	0.0003504967441519957
3.193096548274138	0.04681029653197988	0.0003484445136667791
3.206103051525762	0.05371910918351008	0.0003464108735828919
3.21910955477739	0.05869409609809495	0.0003443955939160803
3.232116058029014	0.05937201494921884	0.00034239844831507327
3.245122561280642	0.05620578592606096	0.0003404192139724316
3.258129064532266	0.051941491535605344	0.0003384576715724785
3.271135567783894	0.04857948008259716	0.0003365136052180251
3.284142071035518	0.04624795021250927	0.0003345868023646448
3.2971485742871423	0.04408444932736644	0.00033267705376782697
3.31015507753877	0.041614276782244386	0.0003307841533976008
3.3231615807903943	0.03930960373985937	0.0003289078984072269
3.336168084042022	0.03798710183909637	0.00032704808904737703
3.3491745872936463	0.03815881125921039	0.0003252045286290528
3.362181090545274	0.039966547980833655	0.00032337702345386354
3.3751875937968983	0.04334635701788092	0.0003215653827595144
3.388194097048526	0.048297155426673566	0.0003197694186718447
3.4012006003001503	0.055204565290210894	0.000317988946150094
3.4142071035517745	0.06456477901450419	0.00031622378292894826
3.4272136068034023	0.07581563520688617	0.0003144737494750194
3.4402201100550265	0.0859955434760824	0.0003127386689286693
3.4532266133066543	0.0902439691058946	0.0003110183670671507
3.4662331165582785	0.0858408826188396	0.00030931267225553505
3.4792396198099063	0.07528026406959243	0.00030762141537254983
3.4922461230615305	0.06343052229850077	0.00030594442981413117
3.5052526263131583	0.05346526501117288	0.000304281551409602
3.5182591295647825	0.046302347758188867	0.00030263261838614497
3.5312656328164067	0.04178538771649509	0.0003009974713423791
3.5442721360680345	0.03952013463730586	0.0002993759531829676
3.5572786393196587	0.03912831151086815	0.00029776790909863404
3.5702851425712865	0.04017706735149207	0.0002961731865099848
3.5832916458229107	0.042078371683103466	0.00029459163503897656
3.5962981490745385	0.04439872517847243	0.00029302310646450724
3.6093046523261627	0.047399300930658805	0.0002914674546855567
3.6223111555777905	0.05170522183101012	0.0002899245356869917
3.6353176588294147	0.057325238134434686	0.0002883942074995982
3.648324162081039	0.06328923054390057	0.0002868763301699939
3.6613306653326667	0.06827873612385515	0.0002853707657163307
3.674337168584291	0.07128284700610976	0.0002838773781118631
3.6873436718359187	0.07183040573710886	0.000282396033227883
3.700350175087543	0.07042711164892879	0.00028092659881939763
3.7133566783391707	0.06844866511643122	0.0002794689444858278
3.726363181590795	0.06698095533565374	0.00027802294165024666
3.7393696848424227	0.06625237493452885	0.00027658846350031574
3.752376188094047	0.06678266494751417	0.0002751653849951685
3.7653826913456747	0.06981956813218626	0.0002737535828122306
3.778389194597299	0.07610453912792703	0.00027235293531757687
3.791395697848923	0.08447875014355355	0.00027096332255749367
3.804402201100551	0.09104832457257717	0.00026958462620585433
3.817408704352175	0.09094153127858817	0.00026821672955767983
3.830415207603803	0.08302748885300426	0.0002668595174832866
3.843421710855427	0.0709387510144528	0.0002655128764234016
3.856428214107055	0.058939761601655594	0.0002641766943400903
3.869434717358679	0.04918459207482584	0.0002628508607134261
3.882441220610307	0.04203997891253808	0.0002615352665080728
3.895447723861931	0.03716351573251142	0.00026022980413653585
3.9084542271135554	0.03412408309620407	0.0002589343674583855
3.921460730365183	0.0326105419750945	0.00025764885173695795
3.9344672336168074	0.032471550059228305	0.00025637315363502555
3.947473736868435	0.03370983632573221	0.00025510717117294135
3.9604802401200594	0.03645997028008685	0.0002538508037237541
3.973486743371687	0.040913082619066454	0.0002526039519777923
3.9864932466233114	0.04706978079421553	0.00025136651793034037
3.999499749874939	0.054163260069008956	0.0002501384048618771
4.012506253126563	0.06003649240995357	0.0002489195173047687
4.025512756378188	0.061979349847294585	0.0002477097610456003
4.038519259629815	0.05956898956665946	0.0002465090430809891
4.05152576288144	0.05538690777815247	0.00024531727161769545
4.064532266133067	0.052252272256160914	0.00024413435604220268
4.077538769384692	0.05156918743782979	0.0002429602069059511
4.090545272636319	0.05365678684988118	0.0002417947359111272
4.103551775887944	0.05821601546971544	0.00024063785588013253
4.116558279139571	0.06452046534238631	0.00023948948075958043
4.129564782391196	0.07191878960207876	0.0002383495255779966
4.14257128564282	0.08031373828335397	0.0002372179064489277
4.155577788894448	0.08967046490067487	0.00023609454054629442
4.168584292146072	0.09876083587394135	0.00023497934608074367
4.1815907953977	0.10396285385516346	0.00023387224230175807
4.194597298649324	0.10147839394583691	0.00023277314946335004
4.207603801900952	0.09193167614743747	0.00023168198882594915
4.220610305152576	0.07948800601979877	0.00023059868261821048
4.233616808404204	0.06779245402886536	0.00022952315405166956
4.246623311655828	0.0586577143601571	0.0002284553272785539
4.259629814907456	0.05241938657095757	0.0002273951273912278
4.27263631815908	0.0486901835051351	0.00022634248041786265
4.285642821410704	0.047112408917038606	0.00022529731327958213
4.298649324662332	0.04752045415870354	0.00022425955380722673
4.311655827913956	0.04955303181489601	0.0002232291307092682
4.324662331165584	0.052589388748016	0.00022220597356348293
4.337668834417208	0.05626935552745549	0.00022119001281151185
4.350675337668836	0.06023967938940977	0.00022018117973165996
4.36368184092046	0.06286555943362926	0.0002191794064412278
4.376688344172088	0.06182109451674156	0.00021818462587031018
4.389694847423712	0.05701744809963938	0.00021719677176346153
4.402701350675336	0.05082124541201871	0.00021621577866148822
4.415707853926964	0.045073722686114204	0.00021524158188179765
4.428714357178588	0.03986524783331513	0.00021427411752295011
4.441720860430216	0.034765894562534205	0.00021331332244267642
4.45472736368184	0.02997403505673779	0.00021235913424821895
4.467733866933468	0.025983727876972895	0.00021141149129233483
4.480740370185092	0.023016472093264073	0.00021047033264931514
4.49374687343672	0.021035993586166923	0.00020953559811787148
4.506753376688344	0.019937289173711736	0.00020860722820115196
4.5197598799399685	0.019644704174373806	0.00020768516410596405
4.532766383191596	0.020117441086255128	0.00020676934772390076
4.5457728864432205	0.0212742019797052	0.00020585972162801003
4.558779389694848	0.022833564016943808	0.00020495622905503108
4.5717858929464725	0.024237545153951046	0.00020405881390672675
4.5847923961981	0.02506762304230703	0.00020316742073533955
4.5977988994497245	0.02563701820303621	0.0002022819947293808
4.610805402701352	0.02668232318850483	0.00020140248171440778
4.6238119059529765	0.02857658027943033	0.00020052882814003414
4.636818409204601	0.030991066785898358	0.0001996609810619443
4.6498249124562285	0.03313929730576548	0.00019879888815366176
4.662831415707853	0.034502850978730626	0.00019794249767812744
4.6758379189594805	0.03516862860646164	0.00019709175849047522
4.688844422211105	0.035373898756784095	0.0001962466200288171
4.7018509254627325	0.03486016655526081	0.00019540703230214174
4.714857428714357	0.0330222157308947	0.00019457294588065555
4.7278639319659845	0.029955557151409185	0.00019374431190410935
4.740870435217609	0.026544578144202413	0.00019292108204937986
4.7538769384692365	0.02351343353942592	0.00019210320854123886
4.766883441720861	0.02095963562841585	0.00019129064414380448
4.779889944972485	0.018693744878585106	0.0001904833421431107
4.792896448224113	0.01673241003197201	0.00018968125634621913
4.805902951475737	0.015274190774630103	0.0001888843410737806
4.818909454727365	0.01445208717119617	0.00018809255115592727
4.831915957978989	0.01427728544779916	0.0001873058419211704
4.844922461230617	0.014638819774242307	0.00018652416919195947
4.857928964482241	0.0152201724367238	0.00018574748927424611
4.870935467733869	0.015495594901804632	0.00018497575895592977
4.883941970985493	0.015125053606927397	0.00018420893549842
4.896948474237117	0.014332934956675203	0.00018344697663463805
4.909954977488745	0.013528795892679413	0.0001826898405523636
4.922961480740369	0.012791610327443359	0.00018193748589567793
4.935967983991997	0.011942370057897445	0.00018118987175919088
4.948974487243621	0.01095209607863723	0.00018044695768315577
4.961980990495249	0.010032714189440073	0.00017970870363737124
4.974987493746873	0.009388771635438942	0.00017897507003339364
4.987993996998501	0.009103868703912	0.00017824601770055626
5.001000500250125	0.009181280389453761	0.00017752150788963306
5.014007003501749	0.009574197616290081	0.0001768015022706182
5.027013506753377	0.010188985825863917	0.0001760859629210687
5.040020010005001	0.010916632845333618	0.00017537485232121952
5.053026513256629	0.011640273944521717	0.00017466813334998665
5.066033016508253	0.012200930004558574	0.0001739657692864105
5.079039519759881	0.012490853536470281	0.00017326772378789546
5.092046023011505	0.012497159883774867	0.0001725739609009791
5.105052526263133	0.012239221789709154	0.0001718844450541157
5.118059029514757	0.011805348339314015	0.0001711991410426883
5.131065532766382	0.01132508620744288	0.00017051801404344147
5.144072036018009	0.010863561631891061	0.00016984102958150782
5.157078539269634	0.010357559034140928	0.00016916815355405568
5.170085042521261	0.00971832629212066	0.00016849935220974999
5.183091545772886	0.008940546249281645	0.00016783459214553265
5.196098049024513	0.008078350144206659	0.0001671738403105083
5.209104552276138	0.007194453329116723	0.00016651706399106736
5.2221110555277654	0.006373689753947365	0.00016586423081332846
5.23511755877939	0.0057060721499058165	0.00016521530873803147
5.2481240620310174	0.005234302840268934	0.0001645702660516557
5.261130565282642	0.004952104458150863	0.0001639290713710828
5.274137068534266	0.004818259828441307	0.0001632916936288309
5.287143571785894	0.004749481652963294	0.00016265810208404563
5.300150075037518	0.004632512935186184	0.00016202826629552192
5.313156578289146	0.0044113008514553576	0.00016140215614324216
5.32616308154077	0.004144527375696483	0.0001607797418065049
5.339169584792398	0.003925263129243128	0.00016016099376769954
5.352176088044022	0.0037990203401747635	0.00015954588281341664
5.36518259129565	0.0037513345786900354	0.00015893438001657323
5.378189094547274	0.003714281332384939	0.00015832645674407342
5.391195597798898	0.0036036492641730034	0.00015772208465225646
5.404202101050526	0.003401566620928387	0.00015712123567357406
5.41720860430215	0.0031705233293157775	0.00015652388203390988
5.430215107553778	0.0029762850020874643	0.00015592999622671133
5.443221610805402	0.002848558785977784	0.00015533955102131625
5.45622811405703	0.002794488370975401	0.0001547525194560695
5.469234617308654	0.0028163865008425937	0.00015416887484354103
5.482241120560282	0.0029184220885236645	0.0001535885907506529
5.495247623811906	0.0031025959603685482	0.00015301164100745002
5.50825412706353	0.0033516094493023507	0.00015243799971165206
5.521260630315158	0.003603609732359625	0.00015186764119778928
5.534267133566782	0.0037625999715523717	0.00015130054006962101
5.54727363681841	0.0037789484573536036	0.00015073667116805023
5.560280140070034	0.0036876852094454016	0.00015017600958366906
5.573286643321662	0.003547486144822698	0.00014961853064909825
5.586293146573286	0.0034149876069072826	0.00014906420993954228
5.599299649824914	0.003337517770132914	0.0001485130232624643
5.612306153076538	0.003315980007231989	0.00014796494666091675
5.625312656328163	0.00330627013180107	0.00014741995641398553
5.63831915957979	0.003278807967035946	0.00014687802902191294
5.651325662831415	0.0032421451265579604	0.0001463391412180881
5.664332166083042	0.0031843045824970773	0.00014580326995705661
5.677338669334667	0.003063288155606303	0.0001452703924132992
5.690345172586294	0.0028844324323170634	0.00014474048597612477
5.703351675837919	0.0027121219786231388	0.00014421352826154976
5.716358179089546	0.0025970597220660308	0.00014368949708731815
5.729364682341171	0.0025353849486504654	0.0001431683704852249
5.742371185592798	0.002472602511425226	0.00014265012670200417
5.755377688844423	0.0023468046459412806	0.00014213474418134364
5.768384192096047	0.0021542972063066657	0.00014162220157554195
5.781390695347675	0.0019441550420777887	0.00014111247773673785
5.794397198599299	0.001757774993516592	0.00014060555171691025
5.807403701850927	0.0016080802647173709	0.00014010140276710104
5.820410205102551	0.0014920502381974288	0.00013960001032409242
5.833416708354179	0.00140256767036806	0.0001391013540292807
5.846423211605803	0.0013331214008873715	0.0001386054137062498
5.859429714857431	0.001278831066274022	0.00013811216936743254
5.872436218109055	0.0012363131539876449	0.00013762160121089106
5.885442721360679	0.001203340273815967	0.00013713368962209316
5.898449224612307	0.0011785582324588262	0.0001366484151646974
5.911455727863931	0.0011613077175051112	0.00013616575858454993
5.924462231115559	0.0011515456862214446	0.00013568570080069176
5.937468734367183	0.0011498592234802096	0.0001352082229132412
5.950475237618811	0.001157574288905061	0.0001347333061921807
5.963481740870435	0.0011769691755953993	0.000134260932082797
5.976488244122063	0.0012115883432991525	0.0001337910821941346
5.989494747373687	0.0012665567888873186	0.00013332373831209665
6.002501250625311	0.0013484365938613019	0.00013285888237957177
6.015507753876939	0.0014631113821550468	0.0001323964965121993
6.028514257128563	0.0016080824445500186	0.0001319365629813829
6.041520760380191	0.0017558428029360584	0.00013147906421917543
6.054527263631815	0.0018430421111111928	0.00013102398282605066
6.067533766883443	0.0018104082584591286	0.00013057130154892072
6.080540270135067	0.0016721133994769266	0.0001301210032916833
6.093546773386695	0.0014971756810413517	0.00012967307111766413
6.106553276638319	0.001337843891680457	0.0001292274882419564
6.1195597798899435	0.0012109320640443233	0.0001287842380199855
6.132566283141571	0.001114567826015711	0.00012834330396560567
6.1455727863931955	0.0010419658585114622	0.000127904669741441
6.158579289644823	0.0009867208424186868	0.00012746831914556278
6.1715857928964475	0.000943970867758881	0.00012703423613369402
6.184592296148075	0.0009102740116632146	0.00012660240479067664
6.1975987993996995	0.0008832427080149863	0.00012617280935056652
6.210605302651327	0.0008612212200918012	0.00012574543418386597
6.2236118059029515	0.0008430519905265887	0.00012532026380307482
6.236618309154579	0.0008279168474450982	0.0001248972828477024
6.2496248124062035	0.0008152312428959529	0.00012447647610291934
6.262631315657828	0.000804573965326072	0.00012405782848146085
6.2756378189094555	0.0007956401657557288	0.0001236413250301771
6.28864432216108	0.0007882097052624992	0.0001232269509264805
6.3016508254127075	0.0007821256642197572	0.00012281469147923385
6.314657328664332	0.0007772796937457471	0.00012240453212020164
6.3276638319159595	0.0007736020693062118	0.00012199645841193263
6.340670335167584	0.0007710550639022928	0.00012159045603932217
6.3536768384192115	0.0007696287517836575	0.00012118651081904908
6.366683341670836	0.0007693386826925774	0.00012078460867315233
6.37968984492246	0.0007702250956593826	0.00012038473566866603
6.392696348174088	0.0007723535114169122	0.00011998687797443175
6.405702851425712	0.0007758166821115742	0.00011959102188330295
6.41870935467734	0.0007807380079416504	0.00011919715381047968
6.431715857928964	0.0007872766716944257	0.00011880526028273941
6.444722361180592	0.0007956349152049569	0.00011841532794332199
6.457728864432216	0.0008060681127040059	0.00011802734355026434
6.470735367683844	0.0008188986233091944	0.00011764129397628942
6.483741870935468	0.0008345348849800871	0.00011725716619404025
6.496748374187092	0.0008534979333495452	0.00011687494730716619
6.50975487743872	0.000876458624272769	0.00011649462451179815
6.522761380690344	0.0009042905055021144	0.00011611618512086253
6.535767883941972	0.0009381457722651421	0.00011573961655053644
6.548774387193596	0.0009795652455415471	0.0001153649063249107
6.561780890445224	0.0010306374279306363	0.00011499204206888436
6.574787393696848	0.001094223450796461	0.00011462101152259763
6.587793896948476	0.001174252039805812	0.00011425180251356526
6.6008004002001	0.0012760209181934545	0.00011388440298676361
6.613806903451724	0.0014062058319684878	0.00011351880097287825
6.626813406703352	0.0015716830735565956	0.00011315498461494933
6.639819909954976	0.0017756330224287797	0.00011279294214860958
6.652826413206604	0.0020121541452814418	0.00011243266190608114
6.665832916458228	0.002271586460526387	0.000112074132323281
6.678839419709856	0.0025640106324774647	0.00011171734192294558
6.69184592296148	0.002923056751057196	0.00011136227932806442
6.704852426213108	0.0033708599154284036	0.00011100893325577399
6.717858929464732	0.003896929734837018	0.00011065729251824585
6.73086543271636	0.00446514020105071	0.00011030734600969705
6.743871935967984	0.004994973778304157	0.0001099590827268182
6.756878439219609	0.005369189814539266	0.00010961249175112098
6.769884942471236	0.005549475471537613	0.00010926756225237977
6.782891445722861	0.0055952338227944765	0.00010892428349451588
6.795897948974488	0.005531844542247977	0.00010858264482260793
6.808904452226113	0.005341763706369185	0.0001082426356732169
6.82191095547774	0.005071327703052297	0.00010790424556372802
6.834917458729365	0.004818727295950009	0.0001075674641021207
6.847923961980992	0.0046480484487606555	0.00010723228097808679
6.860930465232617	0.004559568459578389	0.00010689868596447383
6.873936968484241	0.0044997047730691575	0.0001065666689155087
6.886943471735869	0.004401633582271525	0.0001062362197715716
6.899949974987493	0.004214360203555256	0.00010590732854809382
6.912956478239121	0.0039219299230254245	0.00010557998534566071
6.925962981490745	0.0035680460787197443	0.00010525418033735523
6.938969484742373	0.003207583420817617	0.00010492990378463407
6.951975987993997	0.0028597184241666573	0.00010460714601967513
6.964982491245625	0.0025459679570219995	0.00010428589745714589
6.977988994497249	0.002302238226920217	0.00010396614857954845
6.990995497748873	0.0021497536614308865	0.00010364788995542717
7.004002001000501	0.002085651820803891	0.00010333111222093905
7.017008504252125	0.002082923666785641	0.00010301580608518268
7.030015007503753	0.0020873718366124505	0.00010270196233952422
7.043021510755377	0.0020432053914133386	0.0001023895718404999
7.056028014007005	0.0019494981551094748	0.00010207862551570024
7.069034517258629	0.0018583258847955086	0.00010176911437342895
7.082041020510257	0.0018139822345893952	0.00010146102948227487
7.095047523761881	0.001819355568396741	0.00010115436198876449
7.108054027013505	0.0018312776731929103	0.00010084910309793305
7.121060530265133	0.0017813101322430303	0.00010054524409908172
7.134067033516757	0.0016403919279409651	0.00010024277633680079
7.147073536768385	0.0014495821456051994	9.994169122795604e-05
7.160080040020009	0.0012642652364076579	9.964198025613769e-05
7.173086543271637	0.0011106400679715689	9.934363497343668e-05
7.186093046523261	0.0009911514164266944	9.904664699134091e-05
7.199099549774889	0.0008996910849058404	9.87510079876186e-05
7.212106053026513	0.0008292844572187485	9.845670971175835e-05
7.2251125562781375	0.0007743044614630934	9.816374396831584e-05
7.238119059529765	0.000730649430857655	9.787210263090262e-05
7.2511255627813895	0.000695420316278561	9.758177763208309e-05
7.264132066033017	0.0006665745441455373	9.729276096359651e-05
7.2771385692846415	0.0006426605923205431	9.700504468834747e-05
7.290145072536269	0.0006226331333595292	9.671862091997774e-05
7.3031515757878935	0.0006057282437346156	9.643348183663303e-05
7.316158079039521	0.0005913796476074706	9.614961967741031e-05
7.3291645822911455	0.0005791621936164226	9.586702673969327e-05
7.342171085542773	0.0005687533090520391	9.558569537482242e-05
7.3551775887943975	0.0005599063897854251	9.53056180009737e-05
7.368184092046022	0.0005524322063725773	9.50267870848398e-05
7.3811905952976495	0.0005461857741934084	9.474919515894964e-05
7.394197098549274	0.0005410570132066139	9.447283480179536e-05
7.4072036018009015	0.0005369640892435301	9.419769865914862e-05
7.420210105052526	0.0005338486986565805	9.392377942274432e-05
7.4332166083041535	0.0005316728042008556	9.365106984715599e-05
7.446223111555778	0.0005304164975677983	9.33795627315881e-05
7.4592296148074055	0.0005300767826807995	9.31092509413034e-05
7.47223611805903	0.0005306671626844617	9.284012738719483e-05
7.485242621310654	0.0005322179858031628	9.257218503477826e-05
7.498249124562282	0.0005347775715602854	9.230541689697613e-05
7.511255627813906	0.0005384142077516918	9.203981604988254e-05
7.524262131065534	0.0005432191906175055	9.177537561200211e-05
7.537268634317158	0.000549311187389212	9.151208875768369e-05
7.550275137568786	0.0005568423498646391	9.124994870990388e-05
7.56328164082041	0.000566006825900689	9.098894874193242e-05
7.576288144072038	0.0005770526433398482	9.072908217522269e-05
7.589294647323662	0.000590298441247028	9.047034238718332e-05
7.602301150575286	0.0006061572918457658	9.021272279230441e-05
7.615307653826914	0.0006251710261879762	8.995621686525013e-05
7.628314157078538	0.0006480601892253635	8.970081812220698e-05
7.641320660330166	0.0006757969886082016	8.944652012887744e-05
7.65432716358179	0.0007097105267095394	8.91933164984815e-05
7.667333666833418	0.0007516312252641155	8.894120088476232e-05
7.680340170085042	0.0008040600018095478	8.869016700041588e-05
7.69334667333667	0.0008702604943926495	8.844020859144486e-05
7.706353176588294	0.0009538952363807862	8.819131945780878e-05
7.719359679839918	0.0010571756507853358	8.794349344065644e-05
7.732366183091546	0.0011759945711159459	8.769672442565657e-05
7.74537268634317	0.0012942610922029862	8.745100634199865e-05
7.758379189594798	0.0013915172474679993	8.7206333167833e-05
7.771385692846422	0.0014692426535183323	8.696269892227715e-05
7.78439219609805	0.0015571992698122372	8.67200976645277e-05
7.7973986993496744	0.0016893472103062246	8.647852349696894e-05
7.810405202601302	0.001891455719567281	8.623797056805937e-05
7.8234117058529264	0.0021861211945406467	8.599843306833499e-05
7.836418209104554	0.0025968010560242227	8.575990522508015e-05
7.8494247123561784	0.0031397601062695957	8.552238131287471e-05
7.862431215607803	0.0037965698123900715	8.528585563982727e-05
7.8754377188594304	0.004476093600732756	8.505032256522771e-05
7.888444222111055	0.00501703942802223	8.481577647889704e-05
7.9014507253626824	0.005283878397556174	8.458221181339987e-05
7.914457228614307	0.005292762327500866	8.434962304149085e-05
7.9274637318659344	0.0051930491561106296	8.411800467811315e-05
7.940470235117559	0.005122586335953305	8.388735127173863e-05
7.9534767383691864	0.005118341196643894	8.365765741558118e-05
7.966483241620811	0.005108372831919006	8.342891773061023e-05
7.979489744872435	0.004955127127371672	8.320112688697812e-05
7.992496248124063	0.004594325553245349	8.297427958992021e-05
8.005502751375687	0.004134768360056329	8.274837057375972e-05
8.018509254627315	0.0037433884735090794	8.252339462289093e-05
8.031515757878939	0.003502225704964057	8.229934654491178e-05
8.044522261130567	0.0033886508779529256	8.207622119627e-05
8.057528764382191	0.003322493823744277	8.185401345695009e-05
8.070535267633819	0.0032502798733685667	8.163271825234464e-05
8.083541770885443	0.003187155655964613	8.141233054204111e-05
8.096548274137067	0.003150223995568413	8.119284531493687e-05
8.109554777388695	0.0031089643803526856	8.097425759812094e-05
8.12256128064032	0.0030076935522869164	8.075656245476459e-05
8.135567783891947	0.0028072521170006137	8.053975498323318e-05
8.148574287143571	0.0025388374915491507	8.032383030898149e-05
8.161580790395199	0.002287031975487741	8.010878359643314e-05
8.174587293646823	0.002115539656561971	7.989461004742626e-05
8.187593796898451	0.0020449116750961283	7.968130488855696e-05
8.200600300150075	0.002063828728836259	7.94688633830587e-05
8.2136068034017	0.002126530495339951	7.925728082458505e-05
8.226613306653327	0.002149171955636464	7.904655254298287e-05
8.239619809904951	0.002061851910698409	7.883667389818605e-05
8.25262631315658	0.0018844208528135953	7.862764027777303e-05
8.265632816408203	0.0016962751071286641	7.84194471123989e-05
8.278639319659831	0.0015563236348214993	7.821208985159256e-05
8.291645822911455	0.0014858002616364718	7.800556397852265e-05
8.304652326163083	0.0014849120731957877	7.7799865012107e-05
8.317658829414707	0.0015383808043739622	7.759498849924107e-05
8.330665332666335	0.0016041050280836133	7.739093001291053e-05
8.34367183591796	0.001611869934559973	7.718768516296048e-05
8.356678339169584	0.0015147723155591875	7.698524958543729e-05
8.369684842421211	0.0013417150432278868	7.678361894258856e-05
8.382691345672836	0.0011562207476487618	7.658278893329928e-05
8.395697848924463	0.0009966775535382721	7.638275528043525e-05
8.408704352176088	0.000871625507368412	7.618351373428478e-05
8.421710855427715	0.0007765218531715634	7.598506008088535e-05
8.43471735867934	0.0007042753240291688	7.578739012592539e-05
8.447723861930967	0.0006487851534553446	7.55904997067347e-05
8.460730365182592	0.0006055216750948667	7.539438469017501e-05
8.473736868434216	0.0005712758395768347	7.519904096953134e-05
8.486743371685844	0.0005437970532281566	7.500446446562226e-05
8.499749874937468	0.0005214985334814903	7.481065112358021e-05
8.512756378189096	0.0005032483736182591	7.461759691862468e-05
8.52576288144072	0.0004882279477591567	7.442529785528507e-05
8.538769384692348	0.00047583709028942156	7.42337499558543e-05
8.551775887943972	0.00046563044185077285	7.404294927826349e-05
8.5647823911956	0.0004572743367442511	7.385289190164901e-05
8.577788894447224	0.0004505172700544069	7.36635739334579e-05
8.590795397698848	0.0004451694335191325	7.347499150212045e-05
8.603801900950476	0.0004410883942574939	7.328714076770826e-05
8.6168084042021	0.00043816900627524635	7.31000179113872e-05
8.629814907453728	0.0004363362977775065	7.291361914285588e-05
8.642821410705352	0.0004355405014322411	7.272794069179689e-05
8.65582791395698	0.0004357536746489865	7.25429788150933e-05
8.668834417208604	0.00043696754569511054	7.235872979982627e-05
8.681840920460232	0.0004391923528996866	7.217518994406813e-05
8.694847423711856	0.0004424565399525626	7.199235558186245e-05
8.70785392696348	0.0004468072450095617	7.181022306823603e-05
8.720860430215108	0.00045231158528191706	7.162878877919887e-05
8.733866933466732	0.0004590588000460416	7.144804911407565e-05
8.74687343671836	0.00046716338119845435	7.126800050005766e-05
8.759879939969984	0.0004767693990417321	7.108863938654064e-05
8.772886443221612	0.0004880563320893705	7.090996223924062e-05
8.785892946473236	0.0005012468461081943	7.073196555285044e-05
8.798899449724864	0.0005166171583298462	7.05546458487083e-05
8.811905952976488	0.0005345108966932077	7.037799965969871e-05
8.824912456228116	0.0005553577639869633	7.020202354968141e-05
8.83791895947974	0.0005796989116175766	7.002671409739314e-05
8.850925462731364	0.0006082218237861703	6.985206791254583e-05
8.863931965982992	0.0006418088795646648	6.96780816200615e-05
8.876938469234616	0.0006816058628420496	6.950475186828786e-05
8.889944972486244	0.0007291199353004485	6.933207532555663e-05
8.902951475737868	0.0007863615575273153	6.91600486844024e-05
8.915957978989496	0.0008560522221663369	6.898866865467923e-05
8.92896448224112	0.0009419298858405201	6.881793197477393e-05
8.941970985492748	0.0010491941631231017	6.864783539184405e-05
8.954977488744372	0.001185130459050776	6.84783756841334e-05
8.967983991995997	0.0013598873744361528	6.830954964387459e-05
8.980990495247624	0.001587106875964972	6.814135408694799e-05
8.993996998499249	0.0018833009450657245	6.797378585021718e-05
9.007003501750876	0.002263486338388465	6.780684178864238e-05
9.0200100050025	0.0027317713819079437	6.764051877539146e-05
9.033016508254128	0.0032766556577620287	6.747481370683595e-05
9.046023011505753	0.003879504951048607	6.730972349688891e-05
9.05902951475738	0.004489122348030561	6.714524507878128e-05
9.072036018009005	0.0049639435241085605	6.698137540595006e-05
9.085042521260629	0.005156687696407092	6.68181114484856e-05
9.098049024512257	0.00509344132269296	6.665545020190233e-05
9.111055527763881	0.004926359270603808	6.649338867192878e-05
9.124062031015509	0.004779167062627265	6.633192388982856e-05
9.137068534267133	0.004720277897373615	6.617105289941083e-05
9.15007503751876	0.0047963997411102355	6.601077276779943e-05
9.163081540770385	0.005006175537012658	6.585108058076994e-05
9.176088044022013	0.005249086359540134	6.569197343808675e-05
9.189094547273637	0.005384532498583172	6.553344845749987e-05
9.202101050525261	0.005349504810425509	6.537550277885273e-05
9.215107553776889	0.005178967042369864	6.521813355897521e-05
9.228114057028513	0.004967492358537995	6.50613379659104e-05
9.241120560280141	0.004791433869252515	6.490511319423575e-05
9.254127063531765	0.004642266507409509	6.4749456449964e-05
9.267133566783393	0.004463704802617485	6.459436495775961e-05
9.280140070035017	0.004228133751318586	6.443983596193803e-05
9.293146573286645	0.003962256417972099	6.42858667168067e-05
9.30615307653827	0.003688493502391532	6.413245449909954e-05
9.319159579789897	0.003373904171628306	6.397959660409125e-05
9.332166083041521	0.0030052776336269016	6.382729033849177e-05
9.345172586293145	0.0026446457909032883	6.367553302877305e-05
9.358179089544773	0.002361102049718622	6.352432201517377e-05
9.371185592796397	0.002177139781280313	6.33736546565844e-05
9.384192096048025	0.0020722865779885247	6.322352832455191e-05
9.39719859929965	0.002001059691481455	6.307394041082937e-05
9.410205102551277	0.001928561530763373	6.292488832226883e-05
9.423211605802901	0.0018660967031591813	6.277636947993326e-05
9.43621810905453	0.0018526074155610361	6.262838131643189e-05
9.449224612306153	0.0019132730546499443	6.248092129090832e-05
9.462231115557778	0.002037544749332265	6.233398686816827e-05
9.475237618809405	0.0021615870659156267	6.218757552756138e-05
9.48824412206103	0.002177989946575476	6.204168477441652e-05
9.501250625312657	0.002027089270419169	6.189631211772628e-05
9.514257128564282	0.0017670134113358937	6.175145508691138e-05
9.52726363181591	0.0014962447023842973	6.16071112252703e-05
9.540270135067534	0.0012689695265694079	6.146327809153362e-05
9.553276638319161	0.0010955526716602826	6.131995325620032e-05
9.566283141570786	0.0009686690211628823	6.117713430653371e-05
9.57928964482241	0.0008782340017945423	6.103481884556228e-05
9.592296148074038	0.0008162207687937295	6.089300448808288e-05
9.605302651325662	0.0007774633919307439	6.0751688864990605e-05
9.61830915457729	0.0007594325831227211	6.06108696169505e-05
9.631315657828914	0.000761944251440716	6.047054440616595e-05
9.644322161080542	0.0007869080074077717	6.0330710902167795e-05
9.657328664332166	0.0008376234408823402	6.0191366793582723e-05
9.670335167583794	0.0009160625237628617	6.0052509773145246e-05
9.683341670835418	0.0010150630165306485	5.991413756101238e-05
9.696348174087042	0.0011052835036260422	5.9776247881004885e-05
9.70935467733867	0.001136257100322502	5.9638838472042544e-05
9.722361180590294	0.0010795591956745954	5.9501907089920536e-05
9.735367683841922	0.0009642399818785563	5.936545149853867e-05
9.748374187093546	0.000839869468481913	5.922946948122565e-05
9.761380690345174	0.0007342589107933728	5.9093958825529036e-05
9.774387193596798	0.0006531645453324852	5.895891733909142e-05
9.787393696848426	0.0005932124349391499	5.8824342843877275e-05
9.80040020010005	0.0005493876016479105	5.8690233164515604e-05
9.813406703351678	0.0005174518547782503	5.855658614850601e-05
9.826413206603302	0.0004943089646259891	5.842339965367316e-05
9.839419709854926	0.00047781107340305606	5.829067154639045e-05
9.852426213106554	0.0004664986990636777	5.8158399706242925e-05
9.865432716358178	0.0004593937219893318	5.8026582033798846e-05
9.878439219609806	0.00045585558876903853	5.789521642962647e-05
9.89144572286143	0.0004554869818124141	5.776430081105843e-05
9.904452226113058	0.0004580744286372118	5.7633833114190125e-05
9.917458729364682	0.0004635532586003688	5.750381127334059e-05
9.93046523261631	0.0004719902010457133	5.737423324381208e-05
9.943471735867934	0.0004835799422509002	5.724509699567282e-05
9.956478239119559	0.0004986542965774721	5.71164005053193e-05
9.969484742371186	0.0005177046697489862	5.6988141759362065e-05
9.98249124562281	0.0005414205904615832	5.686031875806741e-05
9.995497748874438	0.0005707496902355169	5.673292951713371e-05
10.008504252126063	0.0006069881568677715	5.660597205803253e-05
10.02151075537769	0.0006519160918919686	5.647944441622421e-05
10.034517258629315	0.0007080002751096437	5.6353344637383174e-05
10.047523761880942	0.0007786983297557448	5.622767077817503e-05
10.060530265132567	0.0008689120922289462	5.6102420906922745e-05
10.07353676838419	0.0009856447830334236	5.597759310471684e-05
10.086543271635819	0.0011388770157523265	5.5853185460863486e-05
10.099549774887443	0.0013424534477697314	5.572919607765847e-05
10.11255627813907	0.0016139485851270896	5.560562306472505e-05
10.125562781390695	0.0019700826757754752	5.5482464546341426e-05
10.138569284642323	0.0024096242303998094	5.535971865733291e-05
10.151575787893947	0.002876888479083406	5.523738353829799e-05
10.164582291145575	0.0032388022107855408	5.511545734671053e-05
10.177588794397199	0.003369936592545808	5.499393824559551e-05
10.190595297648823	0.003298511894780587	5.487282440796992e-05
10.20360180090045	0.003163653835942304	5.475211402383717e-05
10.216608304152075	0.0030466999512247517	5.463180528797462e-05
10.229614807403703	0.0029389554790567596	5.451189640559573e-05
10.242621310655327	0.0028320442512015376	5.4392385590351644e-05
10.255627813906955	0.0027707777646691634	5.42732710722138e-05
10.268634317158579	0.002817703567579599	5.4154551083152036e-05
10.281640820410207	0.0030054523093729912	5.403622387212259e-05
10.294647323661831	0.0033144286031713266	5.391828769285567e-05
10.307653826913459	0.0036619455607207474	5.38007408096286e-05
10.320660330165083	0.003946485462798632	5.368358150126262e-05
10.333666833416707	0.00414894686128231	5.356680804935454e-05
10.346673336668335	0.0043083300966689775	5.34504187471585e-05
10.35967983991996	0.004393147760520799	5.3334411900474166e-05
10.372686343171587	0.004324011836356223	5.321878582376094e-05
10.385692846423211	0.004093865596772606	5.3103538834808894e-05
10.398699349674839	0.003797091022748278	5.298866926506385e-05
10.411705852926463	0.0035579218814770774	5.287417546251394e-05
10.424712356178091	0.0034248028379644246	5.2760055769707215e-05
10.437718859429715	0.003331590241868909	5.264630855217334e-05
10.45072536268134	0.003169853020281499	5.25329321721113e-05
10.463731865932967	0.002921820198863001	5.2419925010149804e-05
10.476738369184591	0.0026665774220459015	5.23072854516915e-05
10.48974487243622	0.0024595426322404634	5.2195011893352294e-05
10.502751375687843	0.0022832104843834022	5.208310273552286e-05
10.515757878939471	0.0021039471890417216	5.197155639247164e-05
10.528764382191095	0.0019341986925872634	5.1860371287015816e-05
10.541770885442723	0.0018130397773030715	5.174954584663549e-05
10.554777388694347	0.0017613131459378595	5.1639078510357095e-05
10.567783891945972	0.001775486149103167	5.1528967725977814e-05
10.5807903951976	0.0018452181848186422	5.141921194951049e-05
10.593796898449224	0.0019590862487445238	5.1309809642852144e-05
10.606803401700851	0.002073787738365307	5.120075927711465e-05
10.619809904952476	0.0020961491518644015	5.109205933706562e-05
10.632816408204103	0.0019582458046586426	5.098370831069232e-05
10.645822911455728	0.0017035303314074657	5.087570469308744e-05
10.658829414707355	0.0014294584074076022	5.07680469864491e-05
10.67183591795898	0.0011960338206634669	5.066073370962876e-05
10.684842421210604	0.001017443879522184	5.0553763383698325e-05
10.697848924462232	0.0008877384896559537	5.044713453394856e-05
10.710855427713856	0.0007972793968011871	5.034084569810471e-05
10.723861930965484	0.0007382921051796165	5.0234895421663595e-05
10.736868434217108	0.0007054460387434514	5.012928225978097e-05
10.749874937468736	0.0006941286565805838	5.002400477305269e-05
10.76288144072036	0.0006969770415824472	4.9919061525627306e-05
10.775887943971988	0.0007013122289551976	4.981445109897287e-05
10.788894447223612	0.0006940259602767895	4.9710172069894476e-05
10.801900950475236	0.0006709779721502107	4.9606223036846586e-05
10.814907453726864	0.0006357323762948841	4.9502602592621514e-05
10.827913956978488	0.0005932130304223682	4.939930934710901e-05
10.840920460230116	0.0005510055495969723	4.9296341910531893e-05
10.85392696348174	0.0005175719013639224	4.91936989086561e-05
10.866933466733368	0.0004967463306151387	4.9091378965693266e-05
10.879939969984992	0.000485916127578756	4.898938072350756e-05
10.89294647323662	0.0004763199914260552	4.88877028147483e-05
10.905952976488244	0.0004576780741550879	4.8786343896045636e-05
10.918959479739872	0.0004280127214062457	4.8685302627582416e-05
10.931965982991496	0.0003945923509652838	4.858457766743207e-05
10.94497248624312	0.0003645684903036406	4.848416768910013e-05
10.957978989494748	0.00034061208880631355	4.838407137186529e-05
10.970985492746372	0.00032257647562672354	4.828428739822588e-05
10.983991995998	0.00030951227718345464	4.8184814465668246e-05
10.996998499249624	0.0003005445905924775	4.8085651266460694e-05
11.010005002501252	0.0002951046543212543	4.798679651663029e-05
11.023011505752876	0.00029295371204163256	4.78882489172161e-05
11.036018009004504	0.0002941773850680951	4.779000719745685e-05
11.049024512256128	0.0002992073226965042	4.769207007815357e-05
11.062031015507753	0.0003088846942810308	4.75944362930969e-05
11.07503751875938	0.00032455397147446163	4.749710458384904e-05
11.088044022011005	0.00034810888050396116	4.7400073693193434e-05
11.101050525262632	0.0003817007517129545	4.730334237801337e-05
11.114057028514257	0.00042628856389648195	4.7206909393415764e-05
11.127063531765884	0.0004775995813470768	4.711077350705306e-05
11.140070035017509	0.000520345840875347	4.701493349124064e-05
11.153076538269136	0.0005316222757368871	4.691938812262375e-05
11.16608304152076	0.0005029928031964337	4.682413618850578e-05
11.179089544772385	0.0004513745340226638	4.672917647874364e-05
11.192096048024013	0.00039845946333749716	4.663450779185396e-05
11.205102551275637	0.000354805506240119	4.654012892890691e-05
11.218109054527265	0.0003219625441196472	4.644603869985442e-05
11.231115557778889	0.00029815852949321986	4.635223592175386e-05
11.244122061030517	0.00028118729015480515	4.625871941810189e-05
11.25712856428214	0.00026926183152919947	4.616548801283926e-05
11.270135067533769	0.0002611059933301796	4.607254054267429e-05
11.283141570785393	0.00025585435566699566	4.597987584820107e-05
11.296148074037017	0.00025293902930845213	4.588749277367743e-05
11.309154577288645	0.00025200361134436466	4.579539017235401e-05
11.322161080540269	0.000252845694059034	4.5703566904364834e-05
11.335167583791897	0.0002553815791359604	4.5612021824403826e-05
11.348174087043521	0.00025962735963436234	4.5520753813255155e-05
11.361180590295149	0.00026569262541953353	4.542976173915747e-05
11.374187093546773	0.0002737851172690542	4.5339044484005164e-05
11.3871935967984	0.0002842265425004875	4.524860093368943e-05
11.400200100050025	0.0002974817008838393	4.515842998742414e-05
11.413206603301653	0.0003142054014971807	4.506853053420912e-05
11.426213106553277	0.00033531477093629025	4.4978901483361255e-05
11.439219609804901	0.0003620987600961856	4.488954173620385e-05
11.452226113056529	0.0003963815359654399	4.480045022003942e-05
11.465232616308153	0.000440758544290043	4.471162584451793e-05
11.478239119559781	0.0004989090248916916	4.4623067539717454e-05
11.491245622811405	0.0005759076611646652	4.453477423627117e-05
11.504252126063033	0.0006781689459505191	4.4446744871362576e-05
11.517258629314657	0.0008118740874351049	4.435897838306335e-05
11.530265132566285	0.0009775521398712739	4.427147372110252e-05
11.54327163581791	0.0011605299958183934	4.418422983765158e-05
11.556278139069533	0.00133041762754893	4.4097245692986675e-05
11.569284642321161	0.0014656250087103917	4.401052024338714e-05
11.582291145572785	0.0015645332136425827	4.3924052464117125e-05
11.595297648824413	0.001619207139350154	4.383784132455659e-05
11.608304152076037	0.001621852821050207	4.375188580241218e-05
11.621310655327665	0.0015841969587925275	4.3666184885604586e-05
11.63431715857929	0.001521224391612619	4.358073755950098e-05
11.647323661830917	0.0014525438232996235	4.349554281846135e-05
11.660330165082541	0.0013981784677784548	4.341059965684568e-05
11.673336668334166	0.0013532928733563931	4.332590708855388e-05
11.686343171585793	0.0012992299870967505	4.324146411427421e-05
11.699349674837418	0.0012323615654579179	4.315726974501999e-05
11.712356178089045	0.0011609348710737155	4.3073323006903586e-05
11.72536268134067	0.0010961390362465018	4.2989622920819315e-05
11.738369184592298	0.0010438870626737762	4.2906168512657494e-05
11.751375687843922	0.0009915782940473905	4.282295881630205e-05
11.76438219109555	0.0009225518452048442	4.273999287329744e-05
11.777388694347174	0.0008439162200963857	4.265726972030315e-05
11.790395197598798	0.0007790794151238956	4.257478840574702e-05
11.803401700850426	0.0007448042669558896	4.24925479844962e-05
11.81640820410205	0.0007464769289922124	4.241054751064066e-05
11.829414707353678	0.0007805057565476448	4.232878604815138e-05
11.842421210605302	0.0008302093051659742	4.2247262657446605e-05
11.85542771385693	0.0008609599312806582	4.216597641570896e-05
11.868434217108554	0.0008391640017592072	4.208492639323769e-05
11.881440720360182	0.0007688564420942345	4.2004111670101985e-05
11.894447223611806	0.0006852354737358901	4.192353133369853e-05
11.907453726863434	0.0006171745878565948	4.184318446709412e-05
11.920460230115058	0.0005755250421420888	4.1763070167899485e-05
11.933466733366682	0.0005605096532594889	4.168318752972855e-05
11.94647323661831	0.0005666975663171092	4.1603535660295066e-05
11.959479739869934	0.000582772157902367	4.152411365909714e-05
11.972486243121562	0.0005936726825240823	4.144492063928862e-05
11.985492746373186	0.0005880307419858788	4.136595571702095e-05
11.998499249624814	0.0005608508812006141	4.1287218010443993e-05
12.011505752876438	0.0005154912460119121	4.1208706639817017e-05
12.024512256128066	0.00046515707863947764	4.113042073861095e-05
12.03751875937969	0.00042288893847108877	4.105235943407948e-05
12.050525262631314	0.00039453192516358815	4.097452186613282e-05
12.063531765882942	0.0003808224133875493	4.0896907170351326e-05
12.076538269134566	0.00038037029044912796	4.0819514493417586e-05
12.089544772386194	0.00038971302484380743	4.074234298845347e-05
12.102551275637818	0.00040150368089320043	4.066539179770068e-05
12.115557778889446	0.000406174299824702	4.0588660086049444e-05
12.12856428214107	0.00040091308089951205	4.051214701272787e-05
12.141570785392698	0.00039358651528531574	4.0435851743070295e-05
12.154577288644322	0.0003942231085873882	4.035977344252206e-05
12.167583791895947	0.00040854630758691	4.028391128574338e-05
12.180590295147574	0.00043771563739358754	4.020826445083614e-05
12.193596798399199	0.0004781783331611056	4.013283211656837e-05
12.206603301650826	0.0005220234696312609	4.005761346770331e-05
12.21960980490245	0.0005625158958634247	3.998260769333406e-05
12.232616308154078	0.0005972803378559988	3.990781398599541e-05
12.245622811405703	0.000621459947095393	3.983323154077567e-05
12.25862931465733	0.0006253799896013268	3.975885956009062e-05
12.271635817908955	0.0006013514891498595	3.968469724358048e-05
12.284642321160579	0.0005549467645677986	3.9610743804985304e-05
12.297648824412207	0.0005050627259844953	3.953699844838621e-05
12.31065532766383	0.0004671154097175556	3.9463460394850713e-05
12.323661830915459	0.00044283466151873174	3.939012885978421e-05
12.336668334167083	0.0004219568857237732	3.9317003069250234e-05
12.34967483741871	0.0003920488986876025	3.924408224365017e-05
12.362681340670335	0.0003516832867312969	3.917136561881751e-05
12.375687843921963	0.0003095216429054304	3.909885242392441e-05
12.388694347173587	0.0002729009395857629	3.902654189891219e-05
12.401700850425215	0.00024391944153379086	3.895443328227888e-05
12.414707353676839	0.00022177565241898733	3.888252581984997e-05
12.427713856928463	0.00020496706185557656	3.881081875922732e-05
12.44072036018009	0.00019215033804398374	3.8739311352897765e-05
12.453726863431715	0.00018231719833528004	3.866800285146077e-05
12.466733366683343	0.0001747574177902722	3.859689251717313e-05
12.479739869934967	0.00016898573701862318	3.8525979611070404e-05
12.492746373186595	0.0001646807378283821	3.8455263394743255e-05
12.505752876438219	0.0001616430651195655	3.838474314576956e-05
12.518759379689847	0.0001597706091414075	3.831441812851555e-05
12.531765882941471	0.00015904755568940665	3.824428762100318e-05
12.544772386193095	0.00015954574893983775	3.817435090036625e-05
12.557778889444723	0.0001614387679373941	3.81046072515101e-05
12.570785392696347	0.0001650309750025336	3.8035055960006225e-05
12.583791895947975	0.0001708046683189801	3.796569631131508e-05
12.5967983991996	0.00017948483560425998	3.7896527602110375e-05
12.609804902451227	0.0001921005001727094	3.7827549124069826e-05
12.622811405702851	0.00020994679643870917	3.7758760177197814e-05
12.635817908954479	0.0002341352756599635	3.7690160063497125e-05
12.648824412206103	0.00026400578671659236	3.762174809118779e-05
12.661830915457728	0.00029382381037035277	3.755352356549224e-05
12.674837418709355	0.000311000556612373	3.748548579585176e-05
12.68784392196098	0.0003045812217966626	3.741763410280985e-05
12.700850425212607	0.000278282506098515	3.734996780002664e-05
12.713856928464232	0.0002456437851486859	3.728248620848973e-05
12.72686343171586	0.00021637366353743914	3.721518865529294e-05
12.739869934967484	0.00019341430632091594	3.714807446741908e-05
12.752876438219111	0.00017629278785924463	3.708114297340526e-05
12.765882941470736	0.0001636830694875524	3.701439350767277e-05
12.77888944472236	0.00015436088444664708	3.694782540619723e-05
12.791895947973988	0.00014740367082877182	3.6881438007729805e-05
12.804902451225612	0.0001421604305965607	3.681523065734993e-05
12.81790895447724	0.0001381805525897395	3.6749202699359884e-05
12.830915457728864	0.00013515227809357544	3.6683353481947734e-05
12.843921960980492	0.00013285840293519868	3.661768235874163e-05
12.856928464232116	0.00013114624978294298	3.6552188679928044e-05
12.869934967483744	0.00012990769881793263	3.6486871806906684e-05
12.882941470735368	0.00012906593796091492	3.642173109918989e-05
12.895947973986996	0.00012856663244820155	3.6356765916512046e-05
12.90895447723862	0.00012837200598436738	3.629197562904363e-05
12.921960980490244	0.00012845686229889797	3.622735960651102e-05
12.934967483741872	0.00012880592475728037	3.6162917218751645e-05
12.947973986993496	0.00012941209576089463	3.609864783926664e-05
12.960980490245124	0.0001302753828162917	3.603455084810747e-05
12.973986993496748	0.00013140233424657755	3.597062562576969e-05
12.986993496748376	0.00013280589350717076	3.5906871553303965e-05
13.0	0.00013450562997185944	3.584328801864434e-05
NEXT_SITE