PARAMETERS	16	4.0	2.0	16	0	-40.304629258063
#OMEGA	VALUE
-13.0	3.606073995376935e-05	0.0011192397673454035
-12.986993496748374	3.6124964213457567e-05	0.0011565559261668135
-12.973986993496748	3.61893614517772e-05	0.0012082096929643127
-12.960980490245122	3.6253932296892444e-05	0.00130056226744657
-12.947973986993496	3.631867737763361e-05	0.001435109302898141
-12.934967483741872	3.638359731905627e-05	0.0015865854430372472
-12.921960980490246	3.6448692763202395e-05	0.0017265084445238221
-12.90895447723862	3.651396434245502e-05	0.0018474662117649032
-12.895947973986994	3.6579412696857716e-05	0.0019532105472904737
-12.882941470735368	3.6645038473892555e-05	0.0020256252000142583
-12.869934967483742	3.671084231215982e-05	0.0020289441544504294
-12.856928464232116	3.677682486757927e-05	0.00195418589557661
-12.84392196098049	3.684298678607867e-05	0.0018175602125640733
-12.830915457728864	3.690932872302266e-05	0.0016295962078866078
-12.817908954477238	3.6975851340770305e-05	0.0014018897657411822
-12.804902451225614	3.704255529657363e-05	0.001164122596396422
-12.791895947973988	3.710944125290272e-05	0.0009504218808948917
-12.778889444722362	3.717650988011023e-05	0.0007775428210882174
-12.765882941470736	3.7243761846439405e-05	0.0006447859763473174
-12.75287643821911	3.731119782346415e-05	0.0005443944876368789
-12.739869934967484	3.737881848941971e-05	0.0004681779554207566
-12.726863431715858	3.7446624522874394e-05	0.0004095957157701502
-12.713856928464232	3.75146166062823e-05	0.0003638801256394819
-12.700850425212606	3.758279542409593e-05	0.000327653497365743
-12.687843921960981	3.765116166465354e-05	0.0002985292114175975
-12.674837418709355	3.77197160246201e-05	0.00027480647853306284
-12.66183091545773	3.778845919288898e-05	0.0002552571744318666
-12.648824412206103	3.785739187034398e-05	0.00023898130429866882
-12.635817908954477	3.7926514758535035e-05	0.00022530948825738584
-12.622811405702851	3.799582856300887e-05	0.00021373677905334176
-12.609804902451225	3.8065333992309824e-05	0.00020387725397097434
-12.5967983991996	3.8135031756647564e-05	0.00019543245699793488
-12.583791895947973	3.8204922568563227e-05	0.00018816917406050404
-12.570785392696347	3.827500715303245e-05	0.00018190358166181309
-12.557778889444723	3.834528622381761e-05	0.000176489812927616
-12.544772386193097	3.841576051044626e-05	0.0001718116357212196
-12.531765882941471	3.8486430741002664e-05	0.00016777636359477377
-12.518759379689845	3.8557297643571076e-05	0.00016431040444553346
-12.505752876438219	3.862836195844821e-05	0.00016135604522282687
-12.492746373186593	3.869962441915842e-05	0.00015886920744656585
-12.479739869934967	3.877108577077237e-05	0.00015681801014288954
-12.466733366683341	3.884274675769461e-05	0.0001551820594513087
-12.453726863431715	3.89146081314351e-05	0.00015395246091776116
-12.44072036018009	3.8986670639507004e-05	0.00015313263304184144
-12.427713856928465	3.905893504441149e-05	0.000152740103774196
-12.414707353676839	3.913140210154431e-05	0.00015280961432917461
-12.401700850425213	3.9204072572518456e-05	0.00015339806554759416
-12.388694347173587	3.927694722938302e-05	0.00015459216294644307
-12.37568784392196	3.935002684030131e-05	0.00015652010549660478
-12.362681340670335	3.942331217876571e-05	0.00015936938187877114
-12.349674837418709	3.9496804023597676e-05	0.00016341367828431874
-12.336668334167083	3.9570503157171366e-05	0.0001690526943172177
-12.323661830915459	3.964441036397037e-05	0.00017686754993406772
-12.310655327663833	3.9718526431808954e-05	0.00018768496736343288
-12.297648824412207	3.979285215571782e-05	0.00020260462066878926
-12.28464232116058	3.986738833172687e-05	0.0002228193994886496
-12.271635817908955	3.994213575841954e-05	0.0002487554507640821
-12.258629314657329	4.001709524170671e-05	0.00027776191896977664
-12.245622811405703	4.0092267590274844e-05	0.00030107938718237914
-12.232616308154077	4.016765361558594e-05	0.00030646455885130486
-12.21960980490245	4.024325413320984e-05	0.0002905138908129157
-12.206603301650825	4.031906996204704e-05	0.0002630939763670348
-12.1935967983992	4.039510192788143e-05	0.00023558171294779662
-12.180590295147574	4.0471350857607113e-05	0.00021316500957624385
-12.167583791895948	4.054781758267012e-05	0.000196436488969276
-12.154577288644322	4.0624502937181006e-05	0.00018437976580276683
-12.141570785392696	4.0701407763243935e-05	0.00017580745036416268
-12.12856428214107	4.077853290640476e-05	0.00016976815499114561
-12.115557778889444	4.08558792109881e-05	0.00016557991774812653
-12.102551275637818	4.093344752886807e-05	0.00016277301510103648
-12.089544772386192	4.1011238718580145e-05	0.0001610288504171331
-12.076538269134566	4.108925363910387e-05	0.00016013364306000089
-12.063531765882942	4.1167493154969925e-05	0.00015994686046738593
-12.050525262631316	4.1245958135260885e-05	0.00016038074258439838
-12.03751875937969	4.1324649453278184e-05	0.00016138761010786595
-12.024512256128064	4.1403567987319256e-05	0.00016295267579358175
-12.011505752876438	4.148271461545949e-05	0.0001650910093153879
-11.998499249624812	4.156209022276869e-05	0.00016784804877822967
-11.985492746373186	4.164169570453069e-05	0.00017130368359663528
-11.97248624312156	4.172153195036721e-05	0.00017558056239752595
-11.959479739869934	4.180159986177934e-05	0.00018085800869249713
-11.94647323661831	4.188190034148942e-05	0.0001873938093789329
-11.933466733366684	4.1962434295994555e-05	0.0001955570074229085
-11.920460230115058	4.2043202638675226e-05	0.0002058746557035418
-11.907453726863432	4.212420628324498e-05	0.00021909032196598677
-11.894447223611806	4.2205446157628224e-05	0.00023620905524379676
-11.88144072036018	4.2286923179979397e-05	0.0002584276233780214
-11.868434217108554	4.236863828610549e-05	0.0002866646619055224
-11.855427713856928	4.245059240559623e-05	0.00032023494142552344
-11.842421210605302	4.2532786478810536e-05	0.0003551418153063812
-11.829414707353678	4.261522145521113e-05	0.00038564450149936036
-11.816408204102052	4.26978982775994e-05	0.0004104819509433977
-11.803401700850426	4.2780817903209645e-05	0.00043280265956757713
-11.7903951975988	4.286398128572344e-05	0.00045231546048718485
-11.777388694347174	4.294738939170095e-05	0.00046564299097773265
-11.764382191095548	4.303104318792439e-05	0.00047155642308349677
-11.751375687843922	4.31149436488365e-05	0.0004692956398391068
-11.738369184592296	4.3199091748324925e-05	0.0004578967284061264
-11.72536268134067	4.328348847115748e-05	0.0004375880433280521
-11.712356178089045	4.336813480376733e-05	0.00041157447925876944
-11.699349674837418	4.345303173625137e-05	0.0003868509229510986
-11.686343171585793	4.353818026714418e-05	0.0003694813917692885
-11.673336668334167	4.362358140042044e-05	0.0003618582796612868
-11.660330165082541	4.3709236141165064e-05	0.00036423085947379086
-11.647323661830915	4.379514550123531e-05	0.0003765451238318951
-11.63431715857929	4.3881310496263204e-05	0.00039915131589363106
-11.621310655327663	4.3967732154315264e-05	0.00043246900026172597
-11.608304152076037	4.405441149757383e-05	0.00047548370668493156
-11.595297648824411	4.4141349561432897e-05	0.0005236651733454556
-11.582291145572785	4.422854738206361e-05	0.0005702143309102015
-11.569284642321161	4.4316006002076413e-05	0.0006123423456705357
-11.556278139069535	4.440372646985491e-05	0.0006520746974818525
-11.54327163581791	4.449170984488493e-05	0.0006923707959238801
-11.530265132566283	4.457995717577212e-05	0.000741546309335317
-11.517258629314657	4.4668469532882504e-05	0.0008144352455079495
-11.504252126063031	4.475724798835845e-05	0.0009241563992924418
-11.491245622811405	4.484629361223291e-05	0.001073730365013792
-11.47823911955978	4.4935607488749696e-05	0.0012445986800271314
-11.465232616308153	4.502519070226363e-05	0.0013868999439256013
-11.452226113056529	4.5115044344679056e-05	0.0014459065977232566
-11.439219609804903	4.520516951445064e-05	0.0014174035492655612
-11.426213106553277	4.5295567313918816e-05	0.001344854276176255
-11.413206603301651	4.538623885208537e-05	0.0012715801995026865
-11.400200100050025	4.547718523939537e-05	0.0012159728147104198
-11.387193596798399	4.556840759994962e-05	0.0011765655362132588
-11.374187093546773	4.565990705829304e-05	0.0011569368548143277
-11.361180590295147	4.575168474763025e-05	0.0011741773113509435
-11.348174087043521	4.5843741801165905e-05	0.0012451280250788122
-11.335167583791897	4.593607936553834e-05	0.0013767933212891492
-11.32216108054027	4.602869858616465e-05	0.0015598938573112564
-11.309154577288645	4.612160062344994e-05	0.001761530105603315
-11.296148074037019	4.621478663391354e-05	0.001941655368824513
-11.283141570785393	4.6308257785065976e-05	0.002093526809442414
-11.270135067533767	4.640201524908072e-05	0.0022296368126125676
-11.25712856428214	4.649606020734609e-05	0.0023314321593471687
-11.244122061030515	4.659039384324881e-05	0.0023788239474378248
-11.231115557778889	4.6685017350722724e-05	0.0023952134995072205
-11.218109054527265	4.6779931923590645e-05	0.0023997520972631747
-11.205102551275637	4.687513876955318e-05	0.0023772853784547188
-11.192096048024013	4.697063909087085e-05	0.002325049500127907
-11.179089544772387	4.706643411278577e-05	0.0022639586550048385
-11.16608304152076	4.716252505210239e-05	0.0021920234393564275
-11.153076538269135	4.7258913139169856e-05	0.002081341564667216
-11.140070035017509	4.735559961310809e-05	0.0019097120244514487
-11.127063531765883	4.7452585710927586e-05	0.0016749756620849654
-11.114057028514257	4.754987268529298e-05	0.0014111320907753688
-11.10105052526263	4.7647461786315404e-05	0.001166512611198156
-11.088044022011005	4.774535427676252e-05	0.0009665666281283292
-11.07503751875938	4.784355142972707e-05	0.0008126129290412232
-11.062031015507754	4.7942054513194776e-05	0.000696217373461816
-11.049024512256128	4.804086480925118e-05	0.0006080052087470422
-11.036018009004502	4.813998361352656e-05	0.000540410738661512
-11.023011505752876	4.823941221299144e-05	0.00048790541588517033
-11.01000500250125	4.8339151917931034e-05	0.00044657346436138834
-10.996998499249624	4.843920402786139e-05	0.00041365297270257173
-10.983991995997998	4.853956986206054e-05	0.0003871821321212998
-10.970985492746372	4.864025074846623e-05	0.0003657519853881297
-10.957978989494748	4.8741248009687155e-05	0.0003483392127588969
-10.944972486243122	4.884256298354206e-05	0.00033419402267631515
-10.931965982991496	4.8944197018729874e-05	0.00032276501075856334
-10.91895947973987	4.9046151463283394e-05	0.00031364887191098756
-10.905952976488244	4.914842767644867e-05	0.0003065571878737572
-10.892946473236618	4.925102702180162e-05	0.00030129547511870136
-10.879939969984992	4.935395087624084e-05	0.00029775173303214775
-10.866933466733366	4.945720061266812e-05	0.0002958932743325482
-10.85392696348174	4.95607776286322e-05	0.00029577195808505596
-10.840920460230116	4.966468330902529e-05	0.00029753933686293976
-10.827913956978488	4.976891906471881e-05	0.0003014748746991147
-10.814907453726864	4.987348630214328e-05	0.00030803230993858843
-10.801900950475238	4.997838643860941e-05	0.0003179106855445424
-10.788894447223612	5.008362090030971e-05	0.00033215400420860686
-10.775887943971986	5.018919111965392e-05	0.0003522639287307783
-10.76288144072036	5.029509854037606e-05	0.0003802320894826794
-10.749874937468734	5.040134460709833e-05	0.00041815312153736794
-10.736868434217108	5.050793077843174e-05	0.00046650515915569457
-10.723861930965484	5.0614858516873085e-05	0.0005197402824109743
-10.710855427713856	5.072212929624342e-05	0.0005611127779547864
-10.697848924462232	5.082974459502676e-05	0.0005690667946821604
-10.684842421210606	5.0937705902254216e-05	0.0005398683378026181
-10.67183591795898	5.104601471594972e-05	0.0004925056170750342
-10.658829414707354	5.1154672539688306e-05	0.0004466381872978431
-10.645822911455728	5.126368088403943e-05	0.0004106109714905326
-10.632816408204102	5.137304127422748e-05	0.0003850772108059397
-10.619809904952476	5.1482755235143784e-05	0.00036815904869325067
-10.606803401700851	5.1592824306334606e-05	0.00035779842259475725
-10.593796898449224	5.170325003156506e-05	0.0003523913076438623
-10.5807903951976	5.181403397258588e-05	0.00035082196259150766
-10.567783891945973	5.19251776837093e-05	0.00035235882151052333
-10.554777388694347	5.2036682739675655e-05	0.0003565500881822503
-10.541770885442721	5.2148550725439335e-05	0.00036314762215772234
-10.528764382191095	5.226078322195793e-05	0.00037205818378249766
-10.51575787893947	5.237338183328166e-05	0.0003833159584663015
-10.502751375687843	5.248634816479303e-05	0.0003970713928681535
-10.489744872436217	5.2599683830201194e-05	0.00041359361911486037
-10.476738369184591	5.2713390454317555e-05	0.00043328597256042656
-10.463731865932967	5.2827469672389604e-05	0.0004567163058473156
-10.450725362681341	5.294192312454982e-05	0.00048466622060772124
-10.437718859429715	5.305675246514152e-05	0.0005182061683496331
-10.42471235617809	5.317195935250485e-05	0.0005588062202953603
-10.411705852926463	5.3287545457081364e-05	0.0006084925261695684
-10.398699349674837	5.3403512459748725e-05	0.0006700470162389616
-10.385692846423211	5.351986204660264e-05	0.000747192531169838
-10.372686343171585	5.3636595916728425e-05	0.0008445455187390261
-10.35967983991996	5.375371578186794e-05	0.0009668762755016269
-10.346673336668335	5.3871223354873266e-05	0.0011176698634833837
-10.333666833416707	5.398912036214121e-05	0.0012997891487349644
-10.320660330165083	5.4107408541503865e-05	0.0015210222217596492
-10.307653826913457	5.42260896425617e-05	0.0017939625509728607
-10.294647323661831	5.434516541502621e-05	0.002118756062224336
-10.281640820410205	5.446463763081333e-05	0.002455184196661131
-10.268634317158579	5.458450806195003e-05	0.0027056392053056433
-10.255627813906953	5.470477849534028e-05	0.0027784229625601453
-10.242621310655327	5.482545072776901e-05	0.0027014824181513797
-10.229614807403703	5.494652656523602e-05	0.0025916907014142954
-10.216608304152075	5.5068007824843335e-05	0.0025422629393631047
-10.20360180090045	5.518989633235272e-05	0.002600432678583897
-10.190595297648825	5.5312193926737585e-05	0.002795145572478619
-10.177588794397199	5.543490245252247e-05	0.0031452767171007423
-10.164582291145573	5.5558023770330145e-05	0.0036376063383553037
-10.151575787893947	5.5681559747333687e-05	0.004184918765656853
-10.13856928464232	5.58055122642509e-05	0.004616316747891092
-10.125562781390695	5.5929883212568754e-05	0.004780931271646471
-10.11255627813907	5.6054674487215905e-05	0.004691346579380307
-10.099549774887443	5.617988800676876e-05	0.004525183165438484
-10.086543271635819	5.630552569058089e-05	0.0044694590284598545
-10.073536768384193	5.6431589472216714e-05	0.004587911110541687
-10.060530265132567	5.655808129934048e-05	0.004804970397518593
-10.04752376188094	5.66850031263888e-05	0.004965508937765484
-10.034517258629315	5.6812356917679274e-05	0.0049301782932642535
-10.021510755377689	5.694014465729147e-05	0.004649936912362929
-10.008504252126063	5.706836833307971e-05	0.004206027023860415
-9.995497748874437	5.7197029946221e-05	0.0037679842472228
-9.98249124562281	5.732613150832844e-05	0.0034734605509449956
-9.969484742371186	5.745567504800153e-05	0.003382317414786895
-9.95647823911956	5.7585662598724774e-05	0.0035046509176560603
-9.943471735867934	5.771609620985885e-05	0.003811348354368582
-9.930465232616308	5.7846977942532796e-05	0.004198104725661289
-9.917458729364682	5.7978309866979494e-05	0.004460557298464174
-9.904452226113056	5.811009407385992e-05	0.004406883696090547
-9.89144572286143	5.8242332651170514e-05	0.004028822544858923
-9.878439219609804	5.83750277146633e-05	0.003466344290313006
-9.865432716358178	5.8508181380645397e-05	0.002869366238111404
-9.852426213106554	5.864179578696227e-05	0.002337515350915087
-9.839419709854928	5.8775873074901064e-05	0.0019098163143790314
-9.826413206603302	5.891041540762032e-05	0.0015824245288009742
-9.813406703351676	5.904542495649423e-05	0.0013353471165912234
-9.80040020010005	5.918090390188979e-05	0.0011480364326945658
-9.787393696848424	5.9316854443047795e-05	0.0010042152481437583
-9.774387193596798	5.945327878986717e-05	0.0008920703717699707
-9.761380690345172	5.959017916701281e-05	0.0008032606074346305
-9.748374187093546	5.972755780914163e-05	0.0007319095835717215
-9.735367683841922	5.98654169662316e-05	0.000673840872630227
-9.722361180590294	6.000375890213849e-05	0.0006260461168482445
-9.70935467733867	6.0142585889599864e-05	0.000586325591999115
-9.696348174087044	6.0281900221115237e-05	0.0005530464257343937
-9.683341670835418	6.042170420006432e-05	0.0005249789598439358
-9.670335167583792	6.056200014470381e-05	0.0005011847694124105
-9.657328664332166	6.07027903827273e-05	0.0004809390190656515
-9.64432216108054	6.0844077263366714e-05	0.0004636758845613098
-9.631315657828914	6.098586313829646e-05	0.00044894966957964577
-9.61830915457729	6.112815039038821e-05	0.00043640675399192475
-9.605302651325662	6.127094140129241e-05	0.0004257651276836638
-9.592296148074038	6.141423857253248e-05	0.0004167993182249141
-9.579289644822412	6.155804432084189e-05	0.00040932921609482253
-9.566283141570786	6.170236107816418e-05	0.00040321176670166103
-9.55327663831916	6.184719128754512e-05	0.0003983348153224764
-9.540270135067534	6.199253740835076e-05	0.0003946126115345061
-9.527263631815908	6.213840191859887e-05	0.00039198263759554486
-9.514257128564282	6.228478730752052e-05	0.0003904035433118791
-9.501250625312656	6.243169607855759e-05	0.00038985406419445034
-9.48824412206103	6.257913075258248e-05	0.0003903328826138086
-9.475237618809405	6.272709386367925e-05	0.0003918594738406833
-9.46223111555778	6.287558796602699e-05	0.00039447607168008325
-9.449224612306153	6.302461562324169e-05	0.0003982510057898292
-9.436218109054527	6.317417941770209e-05	0.000403283823853573
-9.423211605802901	6.332428194932849e-05	0.00040971284567925537
-9.410205102551275	6.347492582492453e-05	0.00041772614784096884
-9.39719859929965	6.362611368360138e-05	0.00042757751756883344
-9.384192096048023	6.377784816335996e-05	0.0004396097537818777
-9.371185592796397	6.393013193151109e-05	0.0004542889966722141
-9.358179089544773	6.408296766124977e-05	0.0004722557547686135
-9.345172586293147	6.423635805263839e-05	0.0004944011586056618
-9.332166083041521	6.439030581528726e-05	0.0005219804470415479
-9.319159579789895	6.454481367645926e-05	0.000556777519425955
-9.30615307653827	6.469988437995955e-05	0.0006013249280676369
-9.293146573286643	6.485552068979938e-05	0.0006591290126198857
-9.280140070035017	6.501172538497801e-05	0.0007346453511709594
-9.267133566783391	6.516850126003781e-05	0.0008321385793024216
-9.254127063531765	6.532585112883904e-05	0.0009512902410107049
-9.241120560280141	6.54837778238937e-05	0.0010772746180046644
-9.228114057028513	6.564228419447815e-05	0.0011730258681355021
-9.215107553776889	6.580137310296941e-05	0.0012011567255458822
-9.202101050525263	6.596104743672448e-05	0.0011681894772247459
-9.189094547273637	6.612131009797739e-05	0.0011180906231031962
-9.176088044022011	6.628216400650366e-05	0.0010876143164626484
-9.163081540770385	6.644361210339511e-05	0.00109236604218943
-9.150075037518759	6.660565734051271e-05	0.0011371675077936905
-9.137068534267133	6.676830269813916e-05	0.001225679376537836
-9.124062031015509	6.693155116954674e-05	0.0013646836958856046
-9.111055527763881	6.709540576643747e-05	0.0015649342333220462
-9.098049024512257	6.725986952571539e-05	0.0018379485942230378
-9.08504252126063	6.742494549250022e-05	0.002183273988588974
-9.072036018009005	6.759063674355303e-05	0.0025597863786557262
-9.059029514757379	6.775694636318441e-05	0.0028633029675408928
-9.046023011505753	6.792387746434869e-05	0.002990327032939666
-9.033016508254127	6.809143317698663e-05	0.002967668995813577
-9.0200100050025	6.825961665002378e-05	0.0029351254957438178
-9.007003501750876	6.842843105014929e-05	0.0030139401363831198
-8.993996998499249	6.859787957091967e-05	0.003256803180240908
-8.980990495247624	6.876796542076846e-05	0.0036508246689538337
-8.967983991995997	6.893869182778012e-05	0.00409700367917154
-8.954977488744372	6.91100620473506e-05	0.004406959318256187
-8.941970985492746	6.928207934675523e-05	0.004418629635889126
-8.92896448224112	6.94547470198037e-05	0.004150415232800797
-8.915957978989494	6.962806838584079e-05	0.0037816655496095697
-8.902951475737868	6.980204677264901e-05	0.003493217485619815
-8.889944972486244	6.997668554153957e-05	0.003378968582474773
-8.876938469234616	7.015198806892275e-05	0.0034688130993627553
-8.863931965982992	7.032795775774314e-05	0.003763227499165911
-8.850925462731364	7.050459802515618e-05	0.004227494211842986
-8.83791895947974	7.068191232406651e-05	0.004753044374780746
-8.824912456228114	7.085990410959919e-05	0.005152865619332814
-8.811905952976488	7.103857688228743e-05	0.005281956266788179
-8.798899449724862	7.121793414688327e-05	0.00518765672208954
-8.785892946473236	7.139797944000215e-05	0.005049817580825011
-8.772886443221612	7.157871632024193e-05	0.005009727498200611
-8.759879939969984	7.176014836562938e-05	0.005116431507468655
-8.74687343671836	7.194227918327911e-05	0.005310462022328544
-8.733866933466732	7.212511240095587e-05	0.005417520215383886
-8.720860430215108	7.230865167096034e-05	0.00525929134749048
-8.707853926963482	7.249290066735359e-05	0.004797349595620171
-8.694847423711856	7.267786309272939e-05	0.004135931043749985
-8.68184092046023	7.28635426654467e-05	0.0034289080828777685
-8.668834417208604	7.304994313950264e-05	0.0027959399217613035
-8.655827913956978	7.323706828843424e-05	0.0022860115472213005
-8.642821410705352	7.342492190876015e-05	0.0018953559870569237
-8.629814907453728	7.361350782297826e-05	0.0016004010185907136
-8.6168084042021	7.38028298807869e-05	0.0013767481562168005
-8.603801900950476	7.399289195852976e-05	0.0012050232528303395
-8.59079539769885	7.418369795397783e-05	0.0010711435558168336
-8.577788894447224	7.4375251794212e-05	0.0009651521191167411
-8.564782391195598	7.456755743173726e-05	0.0008800255684970892
-8.551775887943972	7.476061884614804e-05	0.0008107663463768899
-8.538769384692346	7.495444003813301e-05	0.0007537704661502165
-8.52576288144072	7.514902504601739e-05	0.0007063996671036188
-8.512756378189096	7.534437792389159e-05	0.0006666932432647377
-8.499749874937468	7.554050275937474e-05	0.0006331727522014274
-8.486743371685844	7.573740366795256e-05	0.0006047081873077342
-8.473736868434216	7.593508478798139e-05	0.0005804250449618076
-8.460730365182592	7.61335502914573e-05	0.0005596388842934452
-8.447723861930966	7.633280437313594e-05	0.0005418086047471737
-8.43471735867934	7.653285126396625e-05	0.0005265026417564656
-8.421710855427714	7.673369521143947e-05	0.0005133742020042575
-8.408704352176088	7.693534050035034e-05	0.000502142911844472
-8.395697848924463	7.713779144558064e-05	0.00049258107744099
-8.382691345672836	7.734105238643707e-05	0.00048450330599369984
-8.369684842421211	7.754512769531097e-05	0.0004777586095849884
-8.356678339169584	7.775002177323742e-05	0.0004722243684360805
-8.34367183591796	7.795573905011732e-05	0.0004678017075530061
-8.330665332666333	7.816228398693781e-05	0.0004644119659018564
-8.317658829414707	7.836966107555021e-05	0.0004619940269426914
-8.304652326163081	7.857787483867007e-05	0.0004605023450816592
-8.291645822911455	7.878692982965507e-05	0.0004599055521335993
-8.278639319659831	7.899683063539165e-05	0.0004601855665093968
-8.265632816408203	7.92075818680793e-05	0.0004613371598135574
-8.25262631315658	7.941918817888638e-05	0.0004633679638215149
-8.239619809904951	7.96316542462927e-05	0.0004662989281405405
-8.226613306653327	7.98449847836391e-05	0.0004701652681039503
-8.213606803401701	8.005918453979355e-05	0.00047501797640736587
-8.200600300150075	8.027425828560641e-05	0.0004809260146113603
-8.18759379689845	8.04902108387795e-05	0.0004879793572299951
-8.174587293646823	8.070704703910803e-05	0.0004962931390057879
-8.161580790395197	8.09247717645789e-05	0.000506013266773464
-8.148574287143571	8.114338993514547e-05	0.0005173240182432259
-8.135567783891947	8.136290649451983e-05	0.0005304583882920211
-8.12256128064032	8.158332641805544e-05	0.0005457123015775167
-8.109554777388695	8.180465472684695e-05	0.0005634643564577102
-8.096548274137069	8.202689647240913e-05	0.0005842036067699174
-8.083541770885443	8.22500567438933e-05	0.0006085691932596893
-8.070535267633817	8.247414065853942e-05	0.0006374076570554443
-8.057528764382191	8.269915337644207e-05	0.0006718568402517278
-8.044522261130565	8.292510009633158e-05	0.0007134697024424597
-8.031515757878939	8.315198605013396e-05	0.0007643968202609708
-8.018509254627315	8.337981650319293e-05	0.0008276495358519043
-8.005502751375687	8.360859675971e-05	0.0009074527118575482
-7.992496248124062	8.383833217229242e-05	0.0010096175957110542
-7.979489744872436	8.406902811519679e-05	0.0011415703019395096
-7.966483241620811	8.430069001186258e-05	0.0013107962248393168
-7.953476738369185	8.453332332192254e-05	0.0015186982830998064
-7.940470235117559	8.476693354042553e-05	0.001747015494333204
-7.927463731865933	8.500152620538604e-05	0.0019488833539460515
-7.914457228614307	8.523710689256614e-05	0.002082577106332195
-7.901450725362682	8.547368122657772e-05	0.0021715950163159192
-7.888444222111056	8.571125485423714e-05	0.0022907569178800546
-7.87543771885943	8.594983347665064e-05	0.002502847956511567
-7.862431215607804	8.618942283422637e-05	0.00283085454464882
-7.8494247123561784	8.643002871067118e-05	0.0032459713619039654
-7.8364182091045524	8.667165692199941e-05	0.003658243456829302
-7.8234117058529264	8.691431333263111e-05	0.0039710901568453805
-7.8104052026013004	8.715800385372674e-05	0.004169048109774698
-7.7973986993496744	8.740273442997548e-05	0.004267982842813711
-7.784392196098049	8.764851105880211e-05	0.004237619199706333
-7.771385692846423	8.789533977249242e-05	0.004058644964363922
-7.758379189594797	8.814322665529062e-05	0.00375714517859127
-7.745372686343171	8.839217783174202e-05	0.003400307665827551
-7.732366183091545	8.864219946835838e-05	0.0030844912953538195
-7.71935967983992	8.889329778205557e-05	0.0028805356270954485
-7.706353176588294	8.914547903371428e-05	0.0028156937508009294
-7.693346673336668	8.939874953195481e-05	0.0028974819134479635
-7.680340170085042	8.965311562514344e-05	0.0031342249430985625
-7.667333666833416	8.990858371393795e-05	0.003539537977850782
-7.654327163581791	9.01651602501774e-05	0.004122371000897407
-7.641320660330165	9.042285172411457e-05	0.004868034951236777
-7.628314157078539	9.068166467862682e-05	0.005715996743553831
-7.615307653826913	9.094160570699561e-05	0.006516621514062404
-7.602301150575288	9.120268144735544e-05	0.007019575811882173
-7.589294647323662	9.146489859335194e-05	0.0070409134804967355
-7.576288144072036	9.172826388093025e-05	0.006657582721335209
-7.56328164082041	9.199278410232381e-05	0.006123761048336895
-7.550275137568784	9.225846609428601e-05	0.00563481514103592
-7.537268634317159	9.252531675219e-05	0.005233073142082878
-7.524262131065533	9.279334302103592e-05	0.004856581863642573
-7.511255627813907	9.306255189167612e-05	0.004422453283527639
-7.498249124562281	9.3332950415137e-05	0.003896841387867944
-7.485242621310655	9.360454569695698e-05	0.0033212599499907736
-7.47223611805903	9.387734488341959e-05	0.0027756293787052355
-7.459229614807404	9.41513551894202e-05	0.0023161046452360168
-7.446223111555778	9.442658387837088e-05	0.001954789349302155
-7.433216608304152	9.470303826886184e-05	0.0016782545438015495
-7.420210105052526	9.498072573377314e-05	0.0014670807246977002
-7.407203601800901	9.525965370693612e-05	0.0013042956570351594
-7.394197098549275	9.553982967014374e-05	0.0011770820202912091
-7.381190595297649	9.582126117269052e-05	0.001076223771991125
-7.368184092046023	9.610395581349795e-05	0.0009951678962765165
-7.3551775887943975	9.638792125377105e-05	0.0009292313644947425
-7.3421710855427715	9.66731652124464e-05	0.0008750274343579667
-7.3291645822911455	9.695969546774652e-05	0.0008300711850629527
-7.3161580790395195	9.724751985829005e-05	0.0007925119516911661
-7.3031515757878935	9.753664628076031e-05	0.0007609514160642483
-7.290145072536268	9.782708269467921e-05	0.000734318752476093
-7.277138569284642	9.811883712362857e-05	0.000711783843333591
-7.264132066033016	9.841191764714541e-05	0.0006926961216917604
-7.25112556278139	9.87063324130455e-05	0.0006765408754693114
-7.238119059529764	9.900208963020685e-05	0.0006629076131422496
-7.225112556278139	9.929919756790362e-05	0.0006514668803140333
-7.212106053026513	9.959766457345864e-05	0.0006419530831973663
-7.199099549774887	9.989749903893674e-05	0.0006341516444330342
-7.186093046523261	0.00010019870943522857	0.000627889330279463
-7.173086543271635	0.00010050130429828386	0.0006230269359707163
-7.16008004002001	0.00010080529222888934	0.0006194537553650958
-7.147073536768384	0.00010111068189699868	0.0006170834282057669
-7.134067033516758	0.00010141748204051115	0.000615850878102564
-7.121060530265132	0.00010172570146327331	0.0006157101421216948
-7.108054027013507	0.00010203534904018596	0.000616632960125596
-7.095047523761881	0.00010234643372186714	0.0006186080463836952
-7.082041020510255	0.00010265896452243961	0.0006216410134430861
-7.069034517258629	0.00010297295052941191	0.0006257549643277072
-7.056028014007003	0.00010328840090556568	0.0006309918185566366
-7.043021510755378	0.00010360532488373764	0.0006374144963267048
-7.030015007503752	0.00010392373176870695	0.0006451101611515409
-7.017008504252126	0.00010424363094785338	0.0006541948247891227
-7.0040020010005	0.00010456503187250554	0.0006648197657811439
-6.990995497748874	0.00010488794407914614	0.0006771804286315186
-6.977988994497249	0.00010521237717453502	0.0006915287935476133
-6.964982491245623	0.00010553834084636726	0.0007081906976350583
-6.951975987993997	0.00010586584486094175	0.0007275903450637555
-6.938969484742371	0.00010619489905816515	0.0007502854191305808
-6.925962981490746	0.00010652551336165494	0.0007770180368759094
-6.91295647823912	0.00010685769777629694	0.0008087895933447387
-6.899949974987494	0.00010719146238591382	0.000846971675308561
-6.886943471735868	0.00010752681735948233	0.0008934706340655296
-6.873936968484242	0.00010786377294447203	0.0009509679877064414
-6.860930465232617	0.00010820233947261837	0.0010232525906528345
-6.847923961980991	0.00010854252736325343	0.0011156068019700927
-6.834917458729365	0.00010888434712075235	0.001234990415287851
-6.821910955477739	0.00010922780932842713	0.0013890729439585137
-6.808904452226113	0.00010957292466517998	0.0015815421454230538
-6.7958979489744875	0.00010991970389540029	0.0017998873259826853
-6.7828914457228615	0.00011026815786974176	0.002001257138242729
-6.7698849424712355	0.00011061829753289398	0.002131325984578658
-6.7568784392196095	0.0001109701339138125	0.002188522710759311
-6.7438719359679835	0.00011132367813659894	0.002235980666139614
-6.730865432716358	0.00011167894142005697	0.0023330195228180584
-6.717858929464732	0.00011203593507203014	0.002485718111732149
-6.704852426213106	0.00011239467049628526	0.0026378266178490595
-6.69184592296148	0.00011275515918884871	0.002707127042318125
-6.678839419709855	0.00011311741274933063	0.002676327298814951
-6.665832916458229	0.00011348144286671413	0.0026180291185867732
-6.652826413206603	0.00011384726133156775	0.00261474410007545
-6.639819909954977	0.00011421488003227065	0.0027126699039679014
-6.626813406703351	0.00011458431095967558	0.002934975960908748
-6.613806903451726	0.00011495556620455538	0.003300220645247487
-6.6008004002001	0.0001153286579523849	0.0038244692900861743
-6.587793896948474	0.00011570359850843204	0.004507812248402909
-6.574787393696848	0.00011608040026811484	0.00531785881269653
-6.561780890445222	0.00011645907573487602	0.006176223693984739
-6.548774387193597	0.0001168396375236247	0.00693247496564664
-6.535767883941971	0.00011722209835141051	0.007429881306529107
-6.522761380690345	0.00011760647104397393	0.007687586347644881
-6.509754877438719	0.00011799276854285168	0.007849287646291114
-6.496748374187093	0.00011838100389482964	0.007950446947147749
-6.483741870935468	0.0001187711902612687	0.007869984574117916
-6.470735367683842	0.00011916334091122138	0.007479031122568203
-6.457728864432216	0.00011955746923697497	0.0068123781619733315
-6.44472236118059	0.00011995358873984063	0.006036680681966722
-6.431715857928965	0.0001203517130388132	0.0052851341936970275
-6.418709354677339	0.00012075185587612225	0.004616709321093149
-6.405702851425713	0.00012115403110801726	0.0040552758660705734
-6.392696348174087	0.00012155825271176202	0.003612779227016194
-6.379689844922461	0.0001219645347865228	0.003303057773709317
-6.366683341670836	0.00012237289155758724	0.0031323794739721578
-6.35367683841921	0.00012278333736992497	0.0030802621807427544
-6.340670335167584	0.00012319588669651438	0.0030849539352667543
-6.327663831915958	0.00012361055413900868	0.0030499617198312956
-6.314657328664332	0.00012402735442640367	0.002898773910025909
-6.301650825412707	0.00012444630241326138	0.002632185231625672
-6.288644322161081	0.000124867413094365	0.002318230224514939
-6.275637818909455	0.00012529070158651123	0.0020268721770884124
-6.262631315657829	0.00012571618314738409	0.0017890047282024257
-6.249624812406203	0.00012614387316955966	0.0016052735220989378
-6.2366183091545775	0.0001265737871807282	0.0014655377161687522
-6.2236118059029515	0.00012700594084780192	0.0013589485830982628
-6.2106053026513255	0.00012744034997724807	0.0012768429417836513
-6.1975987993996995	0.00012787703051442278	0.0012128984156042355
-6.184592296148074	0.00012831599855378517	0.0011626226230363468
-6.171585792896448	0.00012875727032679585	0.001122828310969659
-6.158579289644822	0.0001292008622195695	0.0010912338436909197
-6.145572786393196	0.00012964679075788688	0.0010661849319782979
-6.13256628314157	0.00013009507261807496	0.001046466267565327
-6.119559779889945	0.0001305457246351116	0.001031174659533618
-6.106553276638319	0.00013099876378586117	0.001019633188497182
-6.093546773386693	0.00013145420720517276	0.0010113326619533014
-6.080540270135067	0.00013191207218954393	0.0010058914294562848
-6.067533766883441	0.00013237237618435316	0.0010030277827148826
-6.054527263631816	0.0001328351368026226	0.001002541230164522
-6.04152076038019	0.00013330037181047416	0.0010043002926656275
-6.028514257128564	0.0001337680991435608	0.0010082353871346816
-6.015507753876938	0.00013423833689796272	0.0010143360281965608
-6.002501250625312	0.00013471110333873604	0.001022652109704536
-5.989494747373687	0.0001351864168986916	0.0010332995231780995
-5.976488244122061	0.00013566429618405706	0.0010464709176788434
-5.963481740870435	0.00013614475996570619	0.0010624531054344022
-5.950475237618809	0.00013662782719747746	0.0010816536048358083
-5.937468734367184	0.0001371135169995208	0.0011046402870561467
-5.924462231115558	0.00013760184868494285	0.0011322003579711248
-5.911455727863932	0.00013809284173027514	0.0011654284124454906
-5.898449224612306	0.00013858651580678227	0.00120585863761824
-5.88544272136068	0.00013908289076580704	0.0012556639225326238
-5.872436218109055	0.00013958198663988064	0.001317953950269013
-5.859429714857429	0.00014008382366148542	0.001397209136139388
-5.846423211605803	0.00014058842224107249	0.0014998613413798045
-5.833416708354177	0.0001410958029929299	0.0016348834412250879
-5.820410205102551	0.00014160598672008362	0.001813693649289183
-5.807403701850926	0.0001421189944246226	0.002047018336310602
-5.7943971985993	0.0001426348473080319	0.002332895163211113
-5.781390695347674	0.0001431535667730799	0.002629563078564212
-5.768384192096048	0.00014367517443092392	0.0028341055268399362
-5.755377688844422	0.0001441996920923394	0.002841647303919781
-5.742371185592797	0.0001447271417830409	0.002665844592603439
-5.729364682341171	0.0001452575457371319	0.0024215288322149142
-5.716358179089545	0.00014579092640454316	0.0022022574608232537
-5.703351675837919	0.0001463273064492565	0.00204101637260945
-5.6903451725862935	0.00014686670875796448	0.0019370977052382
-5.6773386693346675	0.00014740915643407515	0.0018806451561408366
-5.6643321660830415	0.00014795467280925845	0.0018625647891266084
-5.6513256628314155	0.00014850328144089264	0.001876997217642229
-5.6383191595797895	0.00014905500611461786	0.001921480872001391
-5.625312656328164	0.0001496098708498872	0.001996772922387202
-5.612306153076538	0.0001501678998989675	0.002106908896088333
-5.599299649824912	0.00015072911775670939	0.00225958258699388
-5.586293146573286	0.00015129354914900084	0.0024665563356029985
-5.57328664332166	0.00015186121905785832	0.0027429328592462054
-5.560280140070035	0.00015243215270210886	0.0031020176760224727
-5.547273636818409	0.00015300637555282215	0.003540513503429543
-5.534267133566783	0.0001535839133329775	0.0040190785397636875
-5.521260630315157	0.00015416479202357003	0.004477963523552675
-5.508254127063532	0.00015474903786327765	0.004898672196049891
-5.495247623811906	0.00015533667734723977	0.005286702129158272
-5.48224112056028	0.00015592773724193432	0.0055723883927928375
-5.469234617308654	0.0001565222445791825	0.00562917509455807
-5.456228114057028	0.0001571202266592575	0.005397874852917095
-5.443221610805403	0.0001577217110633189	0.0049545114805772394
-5.430215107553777	0.00015832672564575212	0.004459971793195239
-5.417208604302151	0.00015893529854349442	0.004045341298609784
-5.404202101050525	0.00015954745818025362	0.003761712643118198
-5.391195597798899	0.00016016323326051296	0.003609819765491351
-5.378189094547274	0.00016078265279217963	0.0035772242792275755
-5.365182591295648	0.00016140574606859914	0.0036559271392676562
-5.352176088044022	0.00016203254268831735	0.0038466889695288886
-5.339169584792396	0.00016266307254986234	0.004155491889016871
-5.32616308154077	0.0001632973658582948	0.004579582953526673
-5.313156578289145	0.00016393545313508895	0.005080107924040345
-5.300150075037519	0.00016457736520247845	0.0055667105460638355
-5.287143571785893	0.00016522313321254423	0.005951206106348472
-5.274137068534267	0.00016587278864110822	0.00623570520505401
-5.261130565282642	0.00016652636328107207	0.00649655656733461
-5.248124062031016	0.0001671838892642885	0.006755798185535511
-5.23511755877939	0.00016784539905057017	0.006929841074180709
-5.222111055527764	0.00016851092543723745	0.006981735732278893
-5.209104552276138	0.00016918050157488373	0.007040396562046913
-5.1960980490245126	0.0001698541609574944	0.007289062696909987
-5.1830915457728866	0.00017053193742277983	0.007854228874438318
-5.1700850425212606	0.0001712138651769335	0.008804839860005798
-5.1570785392696346	0.0001718999787766462	0.010150457623389952
-5.1440720360180086	0.00017259031315264295	0.011782021225053896
-5.131065532766383	0.0001732849036019113	0.013436472589964055
-5.118059029514757	0.00017398378579769336	0.014806492848498998
-5.105052526263131	0.00017468699579137326	0.015646291986058936
-5.092046023011505	0.000175394570022136	0.015745138414647086
-5.079039519759879	0.00017610654531696746	0.014951030215342498
-5.066033016508254	0.00017682295890197874	0.013396240689138028
-5.053026513256628	0.00017754384839874238	0.01157507109739131
-5.040020010005002	0.00017826925183250797	0.009955950844311223
-5.027013506753376	0.00017899920764619104	0.008728788493531647
-5.014007003501751	0.00017973375469426678	0.007890349764188342
-5.001000500250125	0.00018047293225365024	0.007377597921029211
-4.987993996998499	0.00018121678003180097	0.00713153283239909
-4.974987493746873	0.00018196533816250415	0.007115141020588744
-4.961980990495247	0.0001827186472203035	0.007315090260085699
-4.948974487243621	0.00018347674823004922	0.007738942543160099
-4.935967983991995	0.00018423968266256807	0.008407894564388618
-4.922961480740369	0.00018500749244176884	0.00933703251575424
-4.909954977488745	0.0001857802199599634	0.010498217735149029
-4.896948474237119	0.00018655790807264871	0.011809768761828265
-4.883941970985493	0.00018734060011948994	0.01324124613651323
-4.870935467733867	0.00018812833991277422	0.014909378193803113
-4.857928964482241	0.00018892117175339784	0.016918998461390444
-4.844922461230615	0.0001897191404410803	0.0191542364693289
-4.831915957978989	0.0001905222912765847	0.021252979249732462
-4.818909454727363	0.00019133067006715798	0.02270417657073398
-4.805902951475737	0.0001921443231353015	0.02311978579078422
-4.792896448224113	0.00019296329732376716	0.022467248654059135
-4.779889944972487	0.00019378764000843596	0.02100023587878508
-4.766883441720861	0.0001946173991008715	0.01916927065823648
-4.753876938469235	0.00019545262305786792	0.017548120289108238
-4.740870435217609	0.0001962933608830042	0.016563097448277997
-4.727863931965983	0.00019713966214374157	0.016391414434936302
-4.714857428714357	0.00019799157697197867	0.017072475670981913
-4.701850925462731	0.00019884915607915055	0.018572130337027426
-4.688844422211105	0.00019971245075112165	0.020713007456784505
-4.6758379189594805	0.0002005815128759414	0.023056848598779434
-4.6628314157078545	0.00020145639493240886	0.02490978713936376
-4.6498249124562285	0.00020233715000816943	0.025548017017674174
-4.6368184092046025	0.000203223831815591	0.02468869618994385
-4.6238119059529765	0.0002041164946814389	0.022827663003083587
-4.6108054027013505	0.0002050151935693023	0.02089097461799072
-4.5977988994497245	0.00020591998409225098	0.01957267503237481
-4.5847923961980985	0.0002068309225105036	0.0191562580910557
-4.5717858929464725	0.00020774806574608284	0.019707051591887126
-4.5587793896948465	0.00020867147139314035	0.021206321296790676
-4.545772886443222	0.00020960119772517327	0.02349274383057931
-4.532766383191596	0.00021053730370779178	0.02607020601830279
-4.51975987993997	0.00021147984901059846	0.028117134805386246
-4.506753376688344	0.0002124288940045238	0.029053606721963554
-4.493746873436718	0.00021338449979180218	0.02897513142754715
-4.480740370185092	0.00021434672819675704	0.028162261908608377
-4.467733866933466	0.0002153156417938895	0.0267753379785296
-4.45472736368184	0.000216291303910654	0.02524817107023447
-4.441720860430214	0.00021727377863045572	0.02418831417050271
-4.42871435717859	0.00021826313081840798	0.023976707056558744
-4.415707853926964	0.00021925942612777138	0.024761938387413585
-4.402701350675338	0.00022026273100828053	0.02663803558145461
-4.389694847423712	0.00022127311271780137	0.029766489755653103
-4.376688344172086	0.00022229063933898452	0.03443238533475956
-4.36368184092046	0.0002233153797907006	0.041050765693969815
-4.350675337668834	0.00022434740383836527	0.050064436812132906
-4.337668834417208	0.00022538678209993446	0.061550319151218
-4.324662331165582	0.00022643358607710162	0.07435544700882524
-4.311655827913956	0.00022748788815385446	0.0854014419363398
-4.298649324662332	0.00022854976160791018	0.09108466664369375
-4.285642821410706	0.00022961928064035853	0.09028679014910046
-4.27263631815908	0.00023069652036888932	0.08473797200405586
-4.259629814907454	0.00023178155685754653	0.07687054283836747
-4.246623311655828	0.00023287446712938475	0.06894464201830985
-4.233616808404202	0.00023397532916569208	0.06303131472169987
-4.220610305152576	0.00023508422194840062	0.06043372999488317
-4.20760380190095	0.00023620122544687483	0.061552265372694426
-4.194597298649324	0.00023732642065132925	0.06599995537366676
-4.1815907953977	0.0002384598895838197	0.07211214588723414
-4.168584292146074	0.00023960171531267616	0.07641252321279868
-4.155577788894448	0.00024075198196915615	0.07547647724712125
-4.142571285642822	0.00024191077476887202	0.0696603147431979
-4.129564782391196	0.0002430781800201176	0.06255173894355848
-4.11655827913957	0.00024425428514718295	0.05707530715008147
-4.103551775887944	0.00024543917870833987	0.054056431853236386
-4.090545272636318	0.00024663295040905364	0.052910273728393964
-4.077538769384692	0.000247835691126741	0.05277163408158292
-4.064532266133066	0.00024904749292242734	0.05344167780797093
-4.051525762881441	0.00025026844906417267	0.05518014052800013
-4.038519259629815	0.00025149865404738847	0.05813022745416596
-4.025512756378189	0.00025273820360871557	0.062368592258880806
-4.012506253126563	0.00025398719475044906	0.06736632105418461
-3.9994997498749374	0.0002552457257610774	0.07114146771978003
-3.9864932466233114	0.00025651389623870813	0.07114009403122645
-3.9734867433716854	0.0002577918070997276	0.06677504596111195
-3.9604802401200594	0.0002590795606166596	0.06017225259500958
-3.9474737368684334	0.0002603772604334864	0.05356772347493477
-3.934467233616809	0.00026168501158119195	0.04764404580738013
-3.921460730365183	0.00026300292051550933	0.04239354699694242
-3.908454227113557	0.0002643310951254696	0.037900082742536645
-3.895447723861931	0.0002656696447661533	0.03423232292402001
-3.882441220610305	0.00026701868027656506	0.031448073656505704
-3.869434717358679	0.0002683783140107199	0.029658101762936595
-3.856428214107053	0.00026974865986650887	0.028927980898742378
-3.843421710855427	0.00027112983329591334	0.02925174544019371
-3.830415207603801	0.00027252195134563895	0.030578754591621404
-3.817408704352175	0.00027392513267376906	0.03282340187028476
-3.804402201100551	0.0002753394975865131	0.03597400189363775
-3.791395697848925	0.000276765168064963	0.040324239611528645
-3.778389194597299	0.00027820226778152435	0.04644450263337796
-3.765382691345673	0.0002796509221407728	0.054733920541202186
-3.752376188094047	0.0002811112583107622	0.06470588580712489
-3.739369684842421	0.00028258340524156544	0.07420567962218116
-3.726363181590795	0.000284067493703577	0.08000186741934401
-3.713356678339169	0.00028556365632304015	0.08088699728654947
-3.700350175087543	0.00028707202760325234	0.07934635981451788
-3.6873436718359187	0.0002885927439657543	0.0786101472058982
-3.6743371685842927	0.00029012594378208245	0.07951429251220199
-3.6613306653326667	0.00029167176740185763	0.08055675261748174
-3.6483241620810407	0.0002932303571955286	0.07996404057599904
-3.6353176588294147	0.00029480185759123145	0.07721744872316927
-3.6223111555777887	0.00029638641509799335	0.07269382297150717
-3.6093046523261627	0.00029798417835702473	0.06699850880883307
-3.5962981490745367	0.00029959529817091823	0.060989799906323916
-3.5832916458229107	0.0003012199275475025	0.055202395826999706
-3.5702851425712847	0.00030285822173636845	0.04971337376957641
-3.5572786393196605	0.00030451033826628393	0.04477578908451196
-3.5442721360680345	0.0003061764369909348	0.040948763419743295
-3.5312656328164085	0.0003078566801354432	0.03868908512622382
-3.5182591295647825	0.00030955123232290216	0.03819106812652684
-3.5052526263131565	0.0003112602606357706	0.03954983337913798
-3.4922461230615305	0.00031298393464840313	0.042902900842376024
-3.4792396198099045	0.0003147224264805626	0.0484249249681572
-3.4662331165582785	0.0003164759108456039	0.05621338751648841
-3.4532266133066525	0.00031824456508333654	0.06611216441462608
-3.4402201100550283	0.0003200285692230853	0.07707721093063113
-3.4272136068034023	0.0003218281060329842	0.08581883026022263
-3.4142071035517763	0.0003236433610663836	0.08743213355956259
-3.4012006003001503	0.00032547452271236565	0.08033595660400672
-3.3881940970485243	0.00032732178225058917	0.06847080209010215
-3.3751875937968983	0.0003291853339136841	0.05664339711414901
-3.3621810905452723	0.000331065374923889	0.04714708788510724
-3.3491745872936463	0.00033296210557232087	0.0403147692836382
-3.3361680840420203	0.0003348757292596094	0.03578743742739465
-3.3231615807903943	0.0003368064525720582	0.03314940146539769
-3.31015507753877	0.00033875448531728303	0.03210504441139961
-3.297148574287144	0.00034072004061169725	0.03244928279900383
-3.284142071035518	0.0003427033349299169	0.033901180584784085
-3.271135567783892	0.00034470458817881244	0.035853629903727535
-3.258129064532266	0.0003467240237543523	0.03743427772139585
-3.24512256128064	0.00034876186861543257	0.03832614502495102
-3.232116058029014	0.0003508183533504905	0.039309457066803555
-3.219109554777388	0.00035289371225388777	0.041444649775157605
-3.206103051525762	0.00035498818339674276	0.045061372399044286
-3.193096548274138	0.0003571020086921006	0.049182061276865974
-3.180090045022512	0.00035923543398974633	0.051440919278157304
-3.167083541770886	0.0003613887091354906	0.04977827815834546
-3.15407703851926	0.0003635620880684254	0.044831327653015784
-3.141070535267634	0.00036575582888009883	0.03901751871244252
-3.128064032016008	0.00036797019392964536	0.0340626006451904
-3.115057528764382	0.0003702054499012952	0.0304874520582471
-3.102051025512756	0.00037246186791017877	0.028218146393503174
-3.08904452226113	0.00037473972357571217	0.027048242074888762
-3.076038019009504	0.00037703929713162054	0.02681334125131951
-3.0630315157578796	0.0003793608735139786	0.027433362269264183
-3.0500250125062536	0.00038170474245169395	0.028917808734192474
-3.0370185092546276	0.00038407119857253313	0.03136866816804418
-3.0240120060030016	0.000386460541503153	0.034988624485218556
-3.0110055027513756	0.0003888730759692427	0.040085613176586876
-2.9979989994997496	0.0003913091119107648	0.04703534734991255
-2.9849924962481236	0.0003937689645829856	0.05610587200869932
-2.9719859929964976	0.000396252954674825	0.06703646501119498
-2.9589794897448716	0.0003987614084148827	0.07863297634195687
-2.9459729864932473	0.0004012946576993359	0.08928944821567142
-2.9329664832416213	0.00040385304020951196	0.09839846755251769
-2.9199599799899953	0.00040643689952657436	0.10706065551532895
-2.9069534767383693	0.00040904658527951554	0.11708524517687413
-2.8939469734867433	0.00041168245324785246	0.12829878812810236
-2.8809404702351173	0.000414344865517946	0.1368233689708549
-2.8679339669834913	0.0004170341906131192	0.13701913006226885
-2.8549274637318653	0.00041975080362222084	0.1268661625148646
-2.8419209604802393	0.00042249508636704736	0.11086761651892107
-2.8289144572286133	0.00042526742752968527	0.09520890275884208
-2.815907953976989	0.0004280682228102739	0.08309310034134743
-2.802901450725363	0.00043089787508820976	0.07470001203725851
-2.789894947473737	0.00043375679458157457	0.06835611726938595
-2.776888444222111	0.00043664539900190036	0.062076879425711495
-2.763881940970485	0.0004395641137324713	0.05532569833665546
-2.750875437718859	0.0004425133719978547	0.048807125288114594
-2.737868934467233	0.0004454936150349864	0.04308434199279476
-2.724862431215607	0.0004485052922946764	0.03836228131041797
-2.711855927963981	0.00045154886160680974	0.03474772843558005
-2.698849424712357	0.00045462478938684825	0.03223653120548153
-2.685842921460731	0.00045773355083300604	0.030729669123378156
-2.672836418209105	0.000460875630117652	0.030120618752492057
-2.659829914957479	0.0004640515206109086	0.03035258103827332
-2.646823411705853	0.00046726172509103936	0.031440797085421024
-2.633816908454227	0.0004705067559571674	0.03348467735953031
-2.620810405202601	0.00047378713546442075	0.036683775369643845
-2.607803901950975	0.0004771033959596327	0.04135940709484476
-2.594797398699349	0.00048045608010882646	0.0479661415624717
-2.581790895447723	0.00048384574116078216	0.0570319659967069
-2.5687843921960987	0.00048727294318318126	0.0688665821614366
-2.5557778889444727	0.0004907382613329458	0.08282665095206287
-2.5427713856928467	0.0004942422821261339	0.09653522428486605
-2.5297648824412207	0.0004977856037085004	0.10686250189291535
-2.5167583791895947	0.0005013688361479307	0.11252186416628396
-2.5037518759379687	0.0005049926017112183	0.11373542420096416
-2.4907453726863427	0.0005086575351846978	0.1101090616568946
-2.4777388694347167	0.0005123642841674547	0.10191221570053988
-2.4647323661830907	0.0005161135094023939	0.0918187894760667
-2.4517258629314664	0.0005199058850955396	0.08263738282970812
-2.4387193596798404	0.0005237420992575403	0.0747900778950733
-2.4257128564282144	0.0005276228540553873	0.06714638366086578
-2.4127063531765884	0.0005315488661687962	0.05921673470597644
-2.3996998499249624	0.0005355208671589118	0.05166489908834149
-2.3866933466733364	0.0005395396038462286	0.04527637394225803
-2.3736868434217104	0.0005436058387121578	0.04037060370974177
-2.3606803401700844	0.0005477203502953776	0.036910499828693766
-2.3476738369184584	0.0005518839336124959	0.034714343469275155
-2.3346673336668324	0.0005560974005893726	0.03358955460896207
-2.321660830415208	0.0005603615805001017	0.03338196004738925
-2.308654327163582	0.0005646773204290856	0.03397070100685973
-2.295647823911956	0.0005690454857394389	0.035271461809537996
-2.28264132066033	0.0005734669605602649	0.03729342428435256
-2.269634817408704	0.0005779426482956929	0.04019174554540084
-2.256628314157078	0.0005824734721318059	0.044267612525015876
-2.243621810905452	0.0005870603755784298	0.04989248019140191
-2.230615307653826	0.0005917043230141417	0.05727864838888419
-2.2176088044022	0.0005964063002739106	0.06603221960925953
-2.204602301150576	0.0006011673152140906	0.07473911612406825
-2.19159579789895	0.0006059883983445813	0.08182019240846361
-2.178589294647324	0.0006108706034284594	0.0878083185639833
-2.165582791395698	0.0006158150081628788	0.09557023120775343
-2.152576288144072	0.0006208227148273293	0.10809610147564819
-2.139569784892446	0.0006258948509788587	0.1271711657629785
-2.12656328164082	0.0006310325701790465	0.15249073644037492
-2.113556778389194	0.0006362370527311922	0.17929138744016915
-2.100550275137568	0.00064150950643449	0.1965726283443089
-2.087543771885942	0.0006468511673928257	0.19378491516569651
-2.0745372686343178	0.0006522633008230194	0.1729823943110148
-2.0615307653826918	0.000657747201907366	0.1460883097087211
-2.0485242621310658	0.0006633041966700448	0.12241971919170247
-2.0355177588794398	0.0006689356428872806	0.1051808395481979
-2.0225112556278138	0.0006746429310245938	0.09434357444169461
-2.0095047523761878	0.0006804274852083569	0.0891420766531168
-1.9964982491245618	0.0006862907642429805	0.08906508134022806
-1.9834917458729358	0.0006922342626419775	0.09400596535520311
-1.9704852426213098	0.0006982595117249746	0.10395851870869621
-1.9574787393696855	0.0007043680807246044	0.11814968118760494
-1.9444722361180595	0.0007105615779574581	0.13359333048748723
-1.9314657328664335	0.0007168416520318965	0.14464112997933587
-1.9184592296148075	0.0007232099930822855	0.145994516587453
-1.9054527263631815	0.0007296683340818344	0.13701962771090415
-1.8924462231115555	0.0007362184521791937	0.12228416028991695
-1.8794397198599295	0.0007428621700908966	0.1075019650960467
-1.8664332166083035	0.0007496013575511995	0.09597148980996817
-1.8534267133566775	0.0007564379328173221	0.08874023629495342
-1.8404202101050515	0.0007633738642246479	0.08595819631616974
-1.8274137068534273	0.0007704111718129791	0.08765003174166719
-1.8144072036018013	0.0007775519289990873	0.0938572538270609
-1.8014007003501753	0.0007847982643370832	0.10422751372650929
-1.7883941970985493	0.0007921523633329652	0.11696935694966637
-1.7753876938469233	0.0007996164703288899	0.12812714613291643
-1.7623811905952973	0.0008071928904682668	0.1340934632466695
-1.7493746873436713	0.0008148839917430095	0.13610982253379222
-1.7363681840920453	0.0008226922071175036	0.13882101638043542
-1.7233616808404193	0.0008306200367445005	0.14461491178673447
-1.710355177588795	0.0008386700502522881	0.1518977591428029
-1.697348674337169	0.0008468448891604252	0.15802902481784942
-1.684342171085543	0.0008551472693614226	0.16151463346049744
-1.671335667833917	0.0008635799837238833	0.1595115833458176
-1.658329164582291	0.0008721459048093294	0.14843710923072295
-1.645322661330665	0.0008808479876873943	0.1299508091267958
-1.632316158079039	0.0008896892728811334	0.11007600045892107
-1.619309654827413	0.0008986728894292417	0.09317440976617286
-1.606303151575787	0.0009078020581091417	0.08044086251610494
-1.593296648324161	0.0009170800947532198	0.0714818502636162
-1.5802901450725368	0.0009265104137523572	0.06554158569381219
-1.5672836418209108	0.0009360965316846936	0.06194554045525735
-1.5542771385692848	0.0009458420711364601	0.06019398782077867
-1.5412706353176588	0.0009557507646543728	0.059960734720690856
-1.5282641320660328	0.0009658264589028631	0.06105037898972321
-1.5152576288144068	0.0009760731190129324	0.06331827588767447
-1.5022511255627808	0.0009864948331120837	0.06664967394224197
-1.4892446223111548	0.0009970958170703037	0.07111641120571988
-1.4762381190595288	0.0010078804194723068	0.07711581324701311
-1.4632316158079046	0.0010188531268123802	0.08527085687298563
-1.4502251125562786	0.0010300185689432473	0.09632982259911715
-1.4372186093046526	0.001041381524776952	0.11123951692920386
-1.4242121060530266	0.0010529469282586357	0.13130988215524075
-1.4112056028014006	0.001064719874638853	0.15840123147383534
-1.3981990995497746	0.001076705627026886	0.1950169080704347
-1.3851925962981486	0.0010889096233032136	0.24387538340617199
-1.3721860930465226	0.0011013374833274137	0.3060602236194404
-1.3591795897948966	0.0011139950165488521	0.37681997527821354
-1.3461730865432706	0.001126888229959988	0.4409802427256342
-1.3331665832916464	0.0011400233365000956	0.47637178462367435
-1.3201600800400204	0.0011534067638201417	0.4717143295191162
-1.3071535767883944	0.0011670451635774626	0.4394751134822158
-1.2941470735367684	0.0011809454211477721	0.39885038763969394
-1.2811405702851424	0.001195114665882624	0.3569226885114283
-1.2681340670335164	0.0012095602818968931	0.3152293125588873
-1.2551275637818904	0.0012242899194311319	0.2795210312834381
-1.2421210605302644	0.0012393115068237703	0.25582121887246645
-1.2291145572786384	0.001254633263136462	0.24533736435306142
-1.2161080540270142	0.0012702637114706539	0.24356535484890673
-1.2031015507753882	0.0012862116930087986	0.24072525626862462
-1.1900950475237622	0.0013024863818462684	0.2273958895239141
-1.1770885442721362	0.0013190973006728113	0.20390690044351056
-1.1640820410205102	0.0013360543372944456	0.1786030529742978
-1.1510755377688842	0.0013533677621718754	0.1583444442211831
-1.1380690345172582	0.001371048246906037	0.1456329418968385
-1.1250625312656322	0.001389106883852742	0.1407086516525572
-1.1120560280140062	0.0014075552068516517	0.1432793217167545
-1.099049524762382	0.0014264052132347826	0.15270762055384712
-1.086043021510756	0.0014456693871160997	0.16676555124145842
-1.07303651825913	0.0014653607241126299	0.17971124289096818
-1.060030015007504	0.0014854927575765897	0.18354786305426463
-1.047023511755878	0.001506079586473974	0.17559079393903732
-1.034017008504252	0.0015271359049610078	0.16201960584060915
-1.021010505252626	0.001548677033881174	0.15075321565793898
-1.008004002001	0.0015707189542301103	0.14613788118794235
-0.9949974987493739	0.001593278342818527	0.14981108126498566
-0.9819909954977479	0.0016163726102196296	0.16265439373908197
-0.9689844922461237	0.0016400199412697214	0.18541450997065934
-0.9559779889944977	0.0016642393382164666	0.2176032041555428
-0.9429714857428717	0.00168905066681313	0.25449377651896754
-0.9299649824912457	0.001714474705539204	0.2845740061016383
-0.9169584792396197	0.0017405331981953376	0.29380555700008093
-0.9039519759879937	0.0017672489102066313	0.2762762513777398
-0.8909454727363677	0.0017946456888566775	0.23982512295080471
-0.8779389694847417	0.0018227485278281552	0.19903136018734147
-0.8649324662331157	0.001851583636406695	0.1638957728718612
-0.8519259629814915	0.0018811785137330395	0.1373640402054931
-0.8389194597298655	0.001911562028550251	0.11873270650333212
-0.8259129564782395	0.0019427645048969433	0.10646410816490948
-0.8129064532266135	0.001974817814316965	0.09935699440870738
-0.7998999499749875	0.002007755475106676	0.09679602261912357
-0.7868934467233615	0.002041612759306477	0.09867239002038353
-0.7738869434717355	0.002076426808068188	0.10527690857990779
-0.7608804402201095	0.0021122367562429467	0.11706824410892969
-0.7478739369684835	0.002149083867000856	0.13389627090251655
-0.7348674337168575	0.0021870116774739268	0.15314709879406718
-0.7218609304652333	0.0022260661564709183	0.16779767511210963
-0.7088544272136073	0.0022662958754340323	0.16950377022013252
-0.6958479239619813	0.0023077521939548484	0.1576235783582498
-0.6828414207103553	0.0023504894613253224	0.14014114153794877
-0.6698349174587293	0.0023945652357363345	0.12476423303676287
-0.6568284142071033	0.002440040522958986	0.11481280491209167
-0.6438219109554773	0.002486980036536468	0.11091031984361377
-0.6308154077038512	0.0025354524817758906	0.11302707194151795
-0.6178089044522252	0.0025855308661449916	0.12143663472764721
-0.604802401200601	0.0026372928388913586	0.1370305244016835
-0.591795897948975	0.0026908210631978458	0.16127766424872791
-0.578789394697349	0.0027462036245343713	0.19555163208704573
-0.565782891445723	0.0028035344793252426	0.2388246225037337
-0.552776388194097	0.0028629139486647803	0.2828370497650555
-0.539769884942471	0.0029244492624266316	0.3092187110913145
-0.526763381690845	0.0029882551597708584	0.30141401672397106
-0.513756878439219	0.0030544545530374334	0.2641681405299535
-0.500750375187593	0.00312317926285155	0.21729637231921228
-0.487743871935967	0.0031945708334794043	0.1754192150093884
-0.4747373686843428	0.0032687814387976077	0.14315098398507387
-0.4617308654327168	0.003345974890727632	0.1199627260669075
-0.4487243621810908	0.003426327763850101	0.10403978673783265
-0.4357178589294648	0.0035100306519713076	0.093753681386479
-0.4227113556778388	0.003597289574959417	0.08799910883274897
-0.4097048524262128	0.003688327557060389	0.0861913206987065
-0.3966983491745868	0.0037833864013546714	0.0882166860784005
-0.3836918459229608	0.0038827286892214596	0.09441731394666641
-0.3706853426713348	0.003986640038409317	0.10560984601749979
-0.35767883941971057	0.004095431659357218	0.12306308483143158
-0.34467233616808457	0.004209443256220857	0.1481714309343174
-0.33166583291645857	0.0043290463275839075	0.1811316494708617
-0.31865932966483257	0.0044546479319430565	0.21761883183174202
-0.30565282641320657	0.0045866949953035085	0.2449873697461734
-0.29264632316158057	0.004725679253189341	0.24723802915902837
-0.27963981990995457	0.004872142937534574	0.22183499411481944
-0.26663331665832857	0.005026685341211312	0.18296089683373984
-0.25362681340670257	0.005189970420428902	0.1450857458398026
-0.24062031015507657	0.005362735629038884	0.11426710052455802
-0.22761380690345234	0.005545802220983664	0.0909023568193914
-0.21460730365182634	0.005740087309503594	0.07353697785311863
-0.20160080040020034	0.005946618037627971	0.06058766926010217
-0.18859429714857434	0.006166548297442009	0.050802967795226306
-0.17558779389694834	0.00640117854073563	0.0432839681674686
-0.16258129064532234	0.006651979357799487	0.03740382598082426
-0.14957478739369634	0.006920619672944994	0.03272686476104425
-0.13656828414207034	0.007209000627292017	0.028947794089245193
-0.12356178089044434	0.007519296507495943	0.025849850849130274
-0.11055527763882012	0.007854004456086638	0.023276782655620054
-0.09754877438719411	0.00821600519560206	0.021114189805213845
-0.08454227113556811	0.008608637657964158	0.0192770288690145
-0.07153576788394211	0.00903579129241694	0.01770115272938433
-0.058529264632316114	0.009502021015200146	0.016337508061653794
-0.04552276138069011	0.010012691383511574	0.015148099726542963
-0.03251625812906411	0.010574158800468747	0.014103144386539701
-0.019509754877438112	0.011194003642115424	0.01317903515476615
-0.006503251625812112	0.011881328518392853	0.01235686683121584
0.006503251625813888	0.012647144996686399	0.011621353788137334
0.019509754877438112	0.013504879872327735	0.01096002643525451
0.03251625812906411	0.014471044748165074	0.010362627788367496
0.04552276138069011	0.015566131261549598	0.009820655473365414
0.058529264632316114	0.016815821850494905	0.009327010621351217
0.07153576788394211	0.01825264732784404	0.008875726162567932
0.08454227113556811	0.019918285432855676	0.008461754692300816
0.09754877438719411	0.021866791267324936	0.008080801458933085
0.11055527763882012	0.024169200825193804	0.007729191837261951
0.12356178089044612	0.026920184060359342	0.0074037653825040906
0.13656828414207034	0.030247792736235235	0.007101790537388686
0.14957478739369634	0.03432792116231631	0.006820895509383251
0.16258129064532234	0.03940595938614766	0.006559011899668898
0.17558779389694834	0.045829303478141736	0.006314328457307505
0.18859429714857434	0.054095612188744924	0.006085252925359219
0.20160080040020034	0.06492138851631069	0.005870380394117025
0.21460730365182634	0.07932752680813915	0.005668466917784332
0.22761380690345234	0.09870252847115457	0.005478407412508268
0.24062031015507834	0.12468147401081475	0.0052992170555539175
0.25362681340670434	0.15835004646501083	0.005130015562057166
0.26663331665832857	0.19778459145522131	0.0049700138385150305
0.27963981990995457	0.23382023485491576	0.004818502608257891
0.29264632316158057	0.2501824408336649	0.004674842680498115
0.30565282641320657	0.2373568177417691	0.004538456594983087
0.31865932966483257	0.2046172696999039	0.004408821422637432
0.33166583291645857	0.16837303330275066	0.004285462541456453
0.34467233616808457	0.13806801578090455	0.004167948238260721
0.35767883941971057	0.11584891573919964	0.004055885012224869
0.37068534267133657	0.10081318766459912	0.003948913476921723
0.3836918459229608	0.09152847219477722	0.0038467047743675487
0.3966983491745868	0.08687413054378923	0.0037489574285658467
0.4097048524262128	0.08620411572736919	0.0036553945773840635
0.4227113556778388	0.08933681246139358	0.0035657615311412982
0.4357178589294648	0.09654407387421204	0.0034798236140591854
0.4487243621810908	0.1085815074423857	0.00339736425133752
0.4617308654327168	0.12673851678474035	0.0033181832700638347
0.4747373686843428	0.15277979991433777	0.0032420953867403624
0.4877438719359688	0.18835777662372	0.0031689288581050468
0.5007503751875948	0.2328827296922521	0.0030985242751453423
0.513756878439219	0.27884171834138805	0.003030733482989434
0.526763381690845	0.3084380437643983	0.0029654186117119563
0.539769884942471	0.3043243337547993	0.0029024512050140894
0.552776388194097	0.2697259525613387	0.002841711435558447
0.565782891445723	0.22427431615522053	0.0027830873970745573
0.578789394697349	0.18340259291708938	0.0027264744646505745
0.591795897948975	0.15239281468374455	0.0026717747157617433
0.604802401200601	0.1310728584580284	0.002618896405378268
0.617808904452227	0.11788500968102944	0.00256775348941074
0.6308154077038512	0.11151039538699681	0.002518265191405411
0.6438219109554773	0.11126301308223774	0.0024703556079681555
0.6568284142071033	0.11701574250527802	0.0024239533489944787
0.6698349174587293	0.1287365805897851	0.0023789912091557452
0.6828414207103553	0.14521891828535705	0.0023354058675473244
0.6958479239619813	0.16181464006621105	0.002293137612732754
0.7088544272136073	0.16991805237384217	0.002252130090721227
0.7218609304652333	0.1635357568455572	0.0022123300736730522
0.7348674337168593	0.1465476497982473	0.002173687247410405
0.7478739369684853	0.12768265201898243	0.0021361540159368086
0.7608804402201095	0.11247964022301915	0.0020996853214385602
0.7738869434717355	0.10249310183951221	0.0020642384783453593
0.7868934467233615	0.09754130728318389	0.0020297730201925823
0.7998999499749875	0.09718070371638965	0.0019962505581411216
0.8129064532266135	0.10124375367375926	0.001963634650156143
0.8259129564782395	0.10999878882974334	0.0019318906799165037
0.8389194597298655	0.12425597050633741	0.0019009857445934086
0.8519259629814915	0.14539833487753528	0.0018708885508079698
0.8649324662331175	0.1749297011375336	0.0018415693180222625
0.8779389694847417	0.21286266869701354	0.0018129996888133215
0.8909454727363677	0.2543428384307225	0.0017851526453896982
0.9039519759879937	0.286948869150659	0.0017580024319521215
0.9169584792396197	0.2962952595101158	0.0017315244823329357
0.9299649824912457	0.2785462149419736	0.00170569535254117
0.9429714857428717	0.24385409500903588	0.0016804926578642965
0.9559779889944977	0.20694016523831027	0.001655895014089137
0.9689844922461237	0.17715751526167745	0.0016318819826220965
0.9819909954977497	0.157339316313736	0.0016084340191500068
0.9949974987493757	0.1472475591499287	0.0015855324256013326
1.008004002001	0.14601984314242622	0.0015631593051532722
1.021010505252626	0.15267923322390742	0.001541297520091467
1.034017008504252	0.16505344987449155	0.001519930652260193
1.047023511755878	0.17773362463828257	0.001499042965974473
1.060030015007504	0.18256243519735882	0.0014786193731931574
1.07303651825913	0.1756083767262091	0.0014586454007744498
1.086043021510756	0.1618922651970548	0.0014391071597256166
1.099049524762382	0.14918155699441948	0.0014199913162358246
1.112056028014008	0.14201750108799271	0.0014012850644394836
1.1250625312656322	0.14198629979564026	0.0013829761007382313
1.1380690345172582	0.14961125871823322	0.0013650525996256047
1.1510755377688842	0.16517242130772558	0.0013475031908637414
1.1640820410205102	0.18806139540268463	0.0013303169379704771
1.1770885442721362	0.21461958548510252	0.0013134833178994887
1.1900950475237622	0.23660472547667755	0.0012969922018515323
1.2031015507753882	0.24648400938055015	0.0012808338371401717
1.2161080540270142	0.24706392338146588	0.0012649988300420523
1.2291145572786402	0.24933650257667694	0.0012494781295832036
1.2421210605302662	0.26235563631460845	0.001234263012172776
1.2551275637818904	0.28937338143667724	0.0012193450670759942
1.2681340670335164	0.32807573154589675	0.0012047161826418407
1.2811405702851424	0.3720405573930018	0.0011903685332386171
1.2941470735367684	0.4158593415503977	0.0011762945668789548
1.3071535767883944	0.45572302035431544	0.0011624869934723225
1.3201600800400204	0.4789035383800444	0.0011489387736846046
1.3331665832916464	0.4665169059437969	0.0011356431083363594
1.3461730865432724	0.4164669360317408	0.0011225934283592975
1.3591795897948984	0.3472885445942364	0.0011097833852355965
1.3721860930465226	0.2791160342906467	0.0010972068419131675
1.3851925962981486	0.22232724264242476	0.0010848578641509121
1.3981990995497746	0.1787102983046901	0.0010727307123038488
1.4112056028014006	0.14622390438494692	0.0010608198334899344
1.4242121060530266	0.12214402742655073	0.0010491198541356939
1.4372186093046526	0.1042233952328746	0.0010376255728660189
1.4502251125562786	0.09084772673401531	0.0010263319537390236
1.4632316158079046	0.08089281296989914	0.0010152341197910975
1.4762381190595306	0.07357098555803077	0.0010043273468754998
1.4892446223111566	0.06830799035289992	0.0009936070577960532
1.5022511255627808	0.06465790139980554	0.0009830688166880819
1.5152576288144068	0.06229941270036399	0.0009727083236812373
1.5282641320660328	0.06106190594399974	0.0009625214097687129
1.5412706353176588	0.06084107069917799	0.0009525040319348088
1.5542771385692848	0.06156278029691309	0.0009426522684893301
1.5672836418209108	0.0633806542092793	0.0009329623145837296
1.5802901450725368	0.06679233284678088	0.000923430477958731
1.5932966483241628	0.07250725842680095	0.0009140531748559333
1.6063031515757888	0.08132368352670638	0.0009048269261061614
1.619309654827413	0.0940365098164444	0.0008957483533873489
1.632316158079039	0.11099164299605646	0.0008868141756432912
1.645322661330665	0.13081653947562966	0.000878021205649393
1.658329164582291	0.14892936634196619	0.0008693663467215229
1.671335667833917	0.15944605158223601	0.0008608465895663109
1.684342171085543	0.1613988648123904	0.0008524590092526818
1.697348674337169	0.15901704397926508	0.0008442007623278291
1.710355177588795	0.1550562630418486	0.000836069084015123
1.723361680840421	0.1499367693224506	0.0008280612855653402
1.736368184092047	0.14475554642950406	0.0008201747516768387
1.7493746873436713	0.13955902205500637	0.0008124069380596177
1.7623811905952973	0.13184705834010513	0.0008047553690501141
1.7753876938469233	0.12046221036328197	0.0007972176353557847
1.7883941970985493	0.10792070180103108	0.0007897913918742949
1.8014007003501753	0.0974274086738367	0.00078247435560308
1.8144072036018013	0.09059925632618548	0.0007752643036057494
1.8274137068534273	0.08771466926565197	0.0007681590711019481
1.8404202101050533	0.0886570144417782	0.0007611565495888595
1.8534267133566793	0.09361056370938559	0.0007542546850526355
1.8664332166083035	0.10288447285818536	0.0007474514762437767
1.8794397198599295	0.11578855076058181	0.0007407449730141291
1.8924462231115555	0.1292549506880809	0.0007341332747322626
1.9054527263631815	0.13835509873741758	0.0007276145287199443
1.9184592296148075	0.13988296540274436	0.000721186928804296
1.9314657328664335	0.13377348108937248	0.0007148487138519677
1.9444722361180595	0.12176999181571058	0.0007085981664258778
1.9574787393696855	0.10764818682586674	0.0007024336114377361
1.9704852426213115	0.09547178118427335	0.0006963534148762829
1.9834917458729358	0.08734786550824813	0.0006903559825771621
1.9964982491245618	0.08373109420547142	0.0006844397590332063
2.0095047523761878	0.08454937285991726	0.0006786032262401376
2.0225112556278138	0.08986056412177923	0.000672844902602665
2.0355177588794398	0.10012653913714042	0.000667163341855459
2.0485242621310658	0.11619376825527472	0.0006615571320319757
2.0615307653826918	0.13868963285095215	0.0006560248944829095
2.0745372686343178	0.16639767215902368	0.0006505652828906472
2.0875437718859438	0.1933151527836965	0.0006451769823723197
2.1005502751375698	0.207623173477003	0.0006398587085543195
2.113556778389194	0.20031526975804015	0.0006346092067192055
2.12656328164082	0.1760574567517026	0.000629427250968817
2.139569784892446	0.1471754295086688	0.0006243116434107021
2.152576288144072	0.12199271705356407	0.0006192612133796294
2.165582791395698	0.10286713237433132	0.0006142748166787504
2.178589294647324	0.08901115256888115	0.000609351334843633
2.19159579789895	0.07899098220739686	0.0006044896744448192
2.204602301150576	0.07170184757331166	0.0005996887663924921
2.217608804402202	0.06593613993622349	0.0005949475652793357
2.230615307653826	0.06035962759882829	0.0005902650487409344
2.243621810905452	0.054472330974204675	0.0005856402168293862
2.256628314157078	0.04885822269827178	0.0005810720914165568
2.269634817408704	0.04429295002922462	0.0005765597156082158
2.28264132066033	0.041045676032265055	0.0005721021531903681
2.295647823911956	0.038818192665154405	0.0005676984880680358
2.308654327163582	0.03694916290964845	0.0005633478237488942
2.321660830415208	0.034909900193468735	0.0005590492828273508
2.334667333666834	0.032778728432140136	0.0005548020064932713
2.34767383691846	0.030978292316291678	0.0005506051540277168
2.3606803401700844	0.02979433969368228	0.0005464579023687355
2.3736868434217104	0.029310795370760756	0.0005423594456406278
2.3866933466733364	0.029537400876093023	0.0005383089947206265
2.3996998499249624	0.03050052218570909	0.0005343057768059101
2.4127063531765884	0.032284250942518855	0.000530349035010258
2.4257128564282144	0.035054742293443075	0.0005264380279621506
2.4387193596798404	0.03908689036061819	0.0005225720294138592
2.4517258629314664	0.04479796949824444	0.0005187503278637484
2.4647323661830924	0.05277375945903884	0.0005149722261931222
2.4777388694347167	0.06372141483862315	0.0005112370413128398
2.4907453726863427	0.07815158363507513	0.0005075441038148165
2.5037518759379687	0.09540266961540866	0.0005038927576350716
2.5167583791895947	0.1119669369746793	0.0005002823597415329
2.5297648824412207	0.1213121259360056	0.0004967122797973067
2.5427713856928467	0.11870515285251915	0.0004931818998802351
2.5557778889444727	0.10666093966697865	0.0004896906141572677
2.5687843921960987	0.09212535390521004	0.00048623782862222686
2.5817908954477247	0.08022770650484012	0.0004828229607891643
2.5947973986993507	0.07278003048676984	0.0004794454394405623
2.607803901950975	0.06970642836436414	0.00047610470434944485
2.620810405202601	0.06998423360945416	0.00047280020602169515
2.633816908454227	0.0717424681135771	0.0004695314054470323
2.646823411705853	0.07278496501183407	0.00046629777386575366
2.659829914957479	0.07207253092949595	0.0004630987925059449
2.672836418209105	0.07022495827276176	0.00045993395238097534
2.685842921460731	0.06824200722746065	0.0004568027540404751
2.698849424712357	0.0664218754906567	0.00045370470737360336
2.711855927963983	0.06441416465816929	0.00045063933137345913
2.724862431215607	0.062226090607338636	0.0004476061539540055
2.737868934467233	0.06056946393936746	0.00044460471173535243
2.750875437718859	0.05970110977632059	0.00044163454984025297
2.763881940970485	0.05883212527649073	0.0004386952217260154
2.776888444222111	0.057398020001007466	0.000435786288979223
2.789894947473737	0.056250928544328116	0.0004329073211452039
2.802901450725363	0.056899694817776014	0.00043005789553773877
2.815907953976989	0.0604782375843369	0.0004272375970906239
2.828914457228615	0.06762091655446612	0.0004244460181750398
2.841920960480241	0.07833789264283231	0.0004216827584385685
2.8549274637318653	0.09107047993676332	0.0004189474246489855
2.8679339669834913	0.10144405564311887	0.0004162396305343874
2.8809404702351173	0.10381360127991324	0.0004135589966489661
2.8939469734867433	0.09671210208917702	0.00041090515020647533
2.9069534767383693	0.08436018024024083	0.0004082777249485581
2.9199599799899953	0.0715101354559513	0.0004056763609984193
2.9329664832416213	0.06018375672576226	0.0004031007047382573
2.9459729864932473	0.050772311577561235	0.00040055040866648906
2.9589794897448733	0.043387393158500265	0.0003980251312638572
2.9719859929964976	0.03797606282018451	0.0003955245368796323
2.9849924962481236	0.03430322105701056	0.00039304829560227184
2.9979989994997496	0.03209914574879269	0.00039059608314628846
3.0110055027513773	0.031148745655923515	0.00038816758072257596
3.0240120060030016	0.031265624863081154	0.0003857624749383781
3.037018509254626	0.032184177657226254	0.00038338045767616347
3.0500250125062536	0.03350549752583942	0.0003810212259915957
3.063031515757878	0.03489656497271865	0.0003786844820061752
3.0760380190095056	0.03632473653987489	0.00037636993280254494
3.08904452226113	0.03801039067799161	0.00037407729032690185
3.1020510255127576	0.040262262650547886	0.00037180627128219346
3.115057528764382	0.04332647030928838	0.00036955659704751564
3.1280640320160096	0.047368971391789416	0.0003673279935683116
3.141070535267634	0.052324629578549775	0.00036512019127621365
3.1540770385192616	0.057708315288011125	0.00036293292499522956
3.167083541770886	0.06239706839190029	0.00036076593385347966
3.18009004502251	0.06469321127964844	0.000358618961198931
3.193096548274138	0.06398638286527303	0.0003564917545212376
3.206103051525762	0.06171530979141926	0.0003543840653630337
3.21910955477739	0.05981427420914065	0.0003522956492396645
3.232116058029014	0.05945020187876704	0.00035022626557446035
3.245122561280642	0.060883299521798384	0.0003481756776072542
3.258129064532266	0.06402656691046882	0.00034614365233431865
3.271135567783894	0.06885379399222358	0.0003441299604213244
3.284142071035518	0.07504523292985776	0.0003421343761440543
3.2971485742871423	0.08204010951000695	0.00034015667731790433
3.31015507753877	0.0889196974558768	0.00033819664522594106
3.3231615807903943	0.09335360560415307	0.00033625406455828344
3.336168084042022	0.09255745025545947	0.0003343287233377179
3.3491745872936463	0.08595821477223564	0.000332420412873069
3.362181090545274	0.07585608098977925	0.0003305289276811507
3.3751875937968983	0.06547630587445463	0.0003286540654356962
3.388194097048526	0.05648433623502902	0.0003267956269052963
3.4012006003001503	0.0487889509438848	0.00032495341589855453
3.4142071035517745	0.041964168083154174	0.000323127239208687
3.4272136068034023	0.036054590943759735	0.0003213169065431343
3.4402201100550265	0.031287847260511925	0.0003195222304971379
3.4532266133066543	0.027695185373059927	0.00031774302647613606
3.4662331165582785	0.02513071945035994	0.0003159791126553513
3.4792396198099063	0.0234123041388532	0.00031423030993116274
3.4922461230615305	0.022396903410862645	0.0003124964418654841
3.5052526263131583	0.02199999515758788	0.0003107773346417986
3.5182591295647825	0.022196255265902298	0.000309072817014755
3.5312656328164067	0.02301988182663417	0.0003073827202635382
3.5442721360680345	0.024570475448635554	0.00030570687815245634
3.5572786393196587	0.027024040440930208	0.00030404512687864926
3.5702851425712865	0.030639152241236145	0.0003023973050361173
3.5832916458229107	0.03572052638011758	0.0003007632535665383
3.5962981490745385	0.04243218576598795	0.0002991428157192999
3.6093046523261627	0.05026790608538667	0.00029753583702041286
3.6223111555777905	0.05726849326496586	0.00029594216521167116
3.6353176588294147	0.0604011622134788	0.00029436165023311034
3.648324162081039	0.05847329761276887	0.000292794144170494
3.6613306653326667	0.05374681119195168	0.00029123950122811326
3.674337168584291	0.049200875199973515	0.00028969757768460003
3.6873436718359187	0.046147495449131215	0.0002881682318562895
3.700350175087543	0.04448027959322132	0.000286651324071463
3.7133566783391707	0.04386973467529953	0.0002851467166192778
3.726363181590795	0.044388655045055736	0.00028365427374033025
3.7393696848424227	0.046181113711536326	0.0002821738615654823
3.752376188094047	0.04932539221172527	0.00028070534810731296
3.7653826913456747	0.054264236507635566	0.0002792486032096031
3.778389194597299	0.06171125001786215	0.0002778034985321254
3.791395697848923	0.07170880284661663	0.0002763699075100101
3.804402201100551	0.08233387400448089	0.0002749477053261007
3.817408704352175	0.08918904431287389	0.00027353676887997835
3.830415207603803	0.08848938490118874	0.00027213697676264914
3.843421710855427	0.08165989542831142	0.0002707482092302316
3.856428214107055	0.07365999240803556	0.0002693703481702059
3.869434717358679	0.06816347761499353	0.0002680032770754348
3.882441220610307	0.06632956791890254	0.00026664688102029377
3.895447723861931	0.06753857674489971	0.0002653010466372452
3.9084542271135554	0.06980698640163097	0.0002639656620817554
3.921460730365183	0.07068429114165597	0.000262640617018306
3.9344672336168074	0.06937761225221883	0.00026132580258531046
3.947473736868435	0.06758703290173895	0.0002600211113821249
3.9604802401200594	0.06756891306166646	0.0002587264374361853
3.973486743371687	0.07013068638264341	0.0002574416761841336
3.9864932466233114	0.07407526252244634	0.00025616672444528366
3.999499749874939	0.07688527817956237	0.00025490148040696603
4.012506253126563	0.07673395004490735	0.0002536458435951072
4.025512756378188	0.07380869133850376	0.00025239971486035184
4.038519259629815	0.06929858298859204	0.0002511629963382056
4.05152576288144	0.064215072030261	0.0002499355914604706
4.064532266133067	0.059305882499299356	0.0002487174049075058
4.077538769384692	0.05529315852339345	0.0002475083425965696
4.090545272636319	0.05246375712861162	0.0002463083116666098
4.103551775887944	0.05041515661236173	0.0002451172204545049
4.116558279139571	0.04897227425899309	0.00024393497847863266
4.129564782391196	0.048801430241006805	0.00024276149641966338
4.14257128564282	0.05070022933497342	0.00024159668609913254
4.155577788894448	0.05475295417552872	0.0002404404604661181
4.168584292146072	0.05975766337541033	0.000239292733584473
4.1815907953977	0.06315044231340572	0.00023815342059729794
4.194597298649324	0.06285349220468905	0.00023702243773060516
4.207603801900952	0.059605370520651846	0.00023589970227289037
4.220610305152576	0.05586716895158883	0.00023478513254127087
4.233616808404204	0.053522765002544714	0.00023367864789158865
4.246623311655828	0.05317240066626783	0.00023258016868110687
4.259629814907456	0.0539358603331489	0.00023148961626695552
4.27263631815908	0.05370819312122177	0.00023040691298592542
4.285642821410704	0.050941320571397886	0.0002293319821378148
4.298649324662332	0.04641032515604082	0.00022826474797477125
4.311655827913956	0.04213107075375788	0.0002272051356816407
4.324662331165584	0.039490017041369896	0.00022615307137063834
4.337668834417208	0.038965535789633354	0.00022510848205858913
4.350675337668836	0.04052567125399864	0.00022407129565860107
4.36368184092046	0.04377560421363236	0.00022304144096507716
4.376688344172088	0.047988650975306024	0.00022201884763994872
4.389694847423712	0.05231087674299062	0.0002210034461996857
4.402701350675336	0.05567580666580407	0.0002199951680091905
4.415707853926964	0.056571084142524986	0.0002189939452561518
4.428714357178588	0.05371835366883704	0.0002179997109493792
4.441720860430216	0.04742403685721941	0.00021701239890947743
4.45472736368184	0.03969593279203398	0.000216031943742645
4.467733866933468	0.03251613445472734	0.0002150582808448931
4.480740370185092	0.026736271565206193	0.0002140913463839489
4.49374687343672	0.02237407500508759	0.00021313107727893854
4.506753376688344	0.019160359736193122	0.00021217741120638234
4.5197598799399685	0.016812225757035226	0.0002112302865822091
4.532766383191596	0.015109678623073997	0.00021028964254576898
4.5457728864432205	0.013899315729224204	0.00020935541895672483
4.558779389694848	0.01308108656450313	0.00020842755638494914
4.5717858929464725	0.01259560794901704	0.00020750599608643228
4.5847923961981	0.01241590791943925	0.0002065906800151618
4.5977988994497245	0.012543817521118661	0.00020568155080036288
4.610805402701352	0.013010644966293783	0.00020477855173595128
4.6238119059529765	0.013881694527804078	0.00020388162677664745
4.636818409204601	0.015263047939368612	0.00020299072053020506
4.6498249124562285	0.01730377136567729	0.0002021057782357616
4.662831415707853	0.020170115513705067	0.00020122674576883437
4.6758379189594805	0.02393228096626221	0.00020035356962788686
4.688844422211105	0.028292495826307773	0.00019948619692122804
4.7018509254627325	0.03233132952785989	0.00019862457536912181
4.714857428714357	0.03497830397142021	0.00019776865327691961
4.7278639319659845	0.036073027414388226	0.00019691837955215785
4.740870435217609	0.036125879397099325	0.00019607370367447086
4.7538769384692365	0.03515476604273782	0.0001952345756927043
4.766883441720861	0.03275413517865633	0.0001944009462278018
4.779889944972485	0.02911616580529064	0.00019357276645637356
4.792896448224113	0.025247199745269122	0.0001927499880980399
4.805902951475737	0.022091421898848496	0.0001919325634209823
4.818909454727365	0.020013412954866694	0.00019112044522229255
4.831915957978989	0.018933282885448488	0.00019031358682963795
4.844922461230617	0.018530555457179076	0.00018951194208993716
4.857928964482241	0.018423784472028304	0.0001887154653582579
4.870935467733869	0.018414687720844092	0.00018792411150259092
4.883941970985493	0.01852018894108287	0.00018713783588719668
4.896948474237117	0.018654015020535764	0.00018635659436916363
4.909954977488745	0.018537633773945905	0.00018558034328519657
4.922961480740369	0.018108819956925037	0.0001848090394618307
4.935967983991997	0.01756827816601747	0.00018404264019067362
4.948974487243621	0.01696042200580339	0.00018328110324017377
4.961980990495249	0.016249383457882405	0.0001825243868176507
4.974987493746873	0.015623931063122876	0.00018177244961348205
4.987993996998501	0.015254956869955372	0.00018102525074603637
5.001000500250125	0.0149457075195214	0.000180282749780325
5.014007003501749	0.014246746128255605	0.00017954490672267287
5.027013506753377	0.012907941677580248	0.0001788116820091723
5.040020010005001	0.0111489966629702	0.00017808303649524682
5.053026513256629	0.009397739614555034	0.00017735893146308968
5.066033016508253	0.007914762909353112	0.00017663932860900733
5.079039519759881	0.006749122458565293	0.00017592419003298332
5.092046023011505	0.005853759352022925	0.00017521347824500655
5.105052526263133	0.005164336489668742	0.00017450715614708567
5.118059029514757	0.004626429488283401	0.00017380518703946635
5.131065532766382	0.0041996757719784394	0.00017310753460886286
5.144072036018009	0.0038553808634720355	0.00017241416292723688
5.157078539269634	0.0035733205815798863	0.00017172503644069526
5.170085042521261	0.003339168021319616	0.00017104011997193247
5.183091545772886	0.0031426736431123814	0.00017035937871168194
5.196098049024513	0.0029764342899949447	0.0001696827782181609
5.209104552276138	0.0028350740347679038	0.00016901028440230448
5.2221110555277654	0.002714704463037676	0.00016834186353342773
5.23511755877939	0.0026125763928542822	0.00016767748223633916
5.2481240620310174	0.0025268686628391324	0.0001670171074759086
5.261130565282642	0.0024565839653593047	0.00016636070655628998
5.274137068534266	0.002401540134320146	0.00016570824712469623
5.287143571785894	0.002362460160659996	0.00016505969716396063
5.300150075037518	0.0023411743167216503	0.00016441502497599458
5.313156578289146	0.0023409409713706086	0.00016377419919411107
5.32616308154077	0.0023668217146215476	0.00016313718877347672
5.339169584792398	0.0024257601822761377	0.00016250396298700398
5.352176088044022	0.002525121131628727	0.0001618744914126946
5.36518259129565	0.0026664275402813464	0.00016124874394873867
5.378189094547274	0.00282987927042877	0.00016062669079064396
5.391195597798898	0.002958224637370832	0.00016000830243745323
5.404202101050526	0.00298378379513331	0.00015939354968630415
5.41720860430215	0.0029056669094903453	0.00015878240363109697
5.430215107553778	0.002796925186003052	0.00015817483565527812
5.443221610805402	0.0027268398725407428	0.00015757081742306944
5.45622811405703	0.002720005717646412	0.000156970320893568
5.469234617308654	0.0027579813582745416	0.0001563733182974314
5.482241120560282	0.0027897403036084567	0.00015577978214698085
5.495247623811906	0.002771999909321421	0.00015518968522432175
5.50825412706353	0.00271921213020343	0.00015460300058156573
5.521260630315158	0.0026784997423081602	0.00015401970154282907
5.534267133566782	0.0026647526496828	0.00015343976169346352
5.54727363681841	0.0026402307116996093	0.00015286315487328395
5.560280140070034	0.0025552248582498827	0.00015228985518989102
5.573286643321662	0.002412084925886182	0.00015171983699946434
5.586293146573286	0.0022590769189425597	0.00015115307490820573
5.599299649824914	0.0021356483693364403	0.00015058954377300537
5.612306153076538	0.002055605861687404	0.00015002921869711194
5.625312656328163	0.0020195270502375573	0.0001494720750276901
5.63831915957979	0.0020259262351995933	0.00014891808834449627
5.651325662831415	0.002075996789676071	0.00014836723447142486
5.664332166083042	0.002175018224364944	0.00014781948946218648
5.677338669334667	0.002331893172831223	0.00014727482960497085
5.690345172586294	0.0025554022774371132	0.00014673323141234373
5.703351675837919	0.0028438565354814704	0.00014619467162746425
5.716358179089546	0.003170762355771295	0.000145659127215092
5.729364682341171	0.003484815038631517	0.00014512657535770135
5.742371185592798	0.0037213127428640247	0.0001445969934610325
5.755377688844423	0.003799654952052478	0.00014407035914432154
5.768384192096047	0.0036770898483897696	0.00014354665023585955
5.781390695347675	0.0034276061108763356	0.00014302584478320668
5.794397198599299	0.00318219456241986	0.0001425079210337632
5.807403701850927	0.0030264427411758055	0.000141992857447093
5.820410205102551	0.0029864271906953066	0.0001414806326803797
5.833416708354179	0.003052786578300881	0.0001409712255985296
5.846423211605803	0.0031912823741900853	0.0001404646152584066
5.859429714857431	0.003356403631267324	0.00013996078091838005
5.872436218109055	0.003535034477266219	0.0001394597020317745
5.885442721360679	0.003771258578076697	0.00013896135824120748
5.898449224612307	0.004118175066096685	0.0001384657293767022
5.911455727863931	0.004571118285120246	0.00013797279546390318
5.924462231115559	0.0050439891082108	0.0001374825367082
5.937468734367183	0.005404369254484176	0.00013699493350172176
5.950475237618811	0.005530850916932395	0.00013650996641434432
5.963481740870435	0.005370385874302608	0.00013602761619679882
5.976488244122063	0.005011206485092123	0.0001355478637854457
5.989494747373687	0.004648275947406799	0.00013507069027907104
6.002501250625311	0.004441702430435512	0.0001345960769572052
6.015507753876939	0.004459211185799283	0.00013412400527135215
6.028514257128563	0.004696327747208073	0.00013365445684021537
6.041520760380191	0.005079524457960116	0.0001331874134528066
6.054527263631815	0.005465081670989469	0.00013272285706456
6.067533766883443	0.005703991065669878	0.00013226076979122592
6.080540270135067	0.005723952289174328	0.0001318011339082048
6.093546773386695	0.005534691335950415	0.0001313439318672005
6.106553276638319	0.005158443907514743	0.00013088914626357973
6.1195597798899435	0.0046061358014415354	0.00013043675985169312
6.132566283141571	0.00396413388878103	0.0001299867555459855
6.1455727863931955	0.0033649396294369582	0.00012953911641289118
6.158579289644823	0.002884458959384717	0.00012909382567183325
6.1715857928964475	0.002533524956330302	0.0001286508666866748
6.184592296148075	0.002296289887219527	0.00012821022298070694
6.1975987993996995	0.002154234072326844	0.00012777187821455538
6.210605302651327	0.002091114714051101	0.00012733581619683854
6.2236118059029515	0.0020849142632444195	0.00012690202088416758
6.236618309154579	0.0020921655456972443	0.00012647047637404096
6.2496248124062035	0.002049135977976846	0.00012604116689929334
6.262631315657828	0.0019208241074493149	0.0001256140768383096
6.2756378189094555	0.001738306964872649	0.0001251891907071423
6.28864432216108	0.0015548010321200234	0.00012476649315318333
6.3016508254127075	0.0013989738138490138	0.00012434596896704342
6.314657328664332	0.001275467880751946	0.00012392760306367823
6.3276638319159595	0.001179309780988902	0.00012351138049737642
6.340670335167584	0.0011040449211664471	0.00012309728644788187
6.3536768384192115	0.0010442901964955453	0.0001226853062231692
6.366683341670836	0.0009960652604700249	0.00012227542527565305
6.37968984492246	0.0009565337586244782	0.0001218676291590004
6.392696348174088	0.0009236854724247179	0.00012146190356976394
6.405702851425712	0.0008960847986353437	0.00012105823431940443
6.41870935467734	0.0008726934714889945	0.0001206566073480575
6.431715857928964	0.0008527502382380536	0.0001202570087190935
6.444722361180592	0.0008356898827519554	0.00011985942460335242
6.457728864432216	0.0008210885105084387	0.00011946384130678833
6.470735367683844	0.0008086262373955266	0.00011907024524038246
6.483741870935468	0.0007980614810452202	0.00011867862293957199
6.496748374187092	0.0007892130895562621	0.00011828896105181563
6.50975487743872	0.0007819478612014485	0.00011790124633415111
6.522761380690344	0.00077617185850265	0.0001175154656664068
6.535767883941972	0.0007718244718670775	0.00011713160602977446
6.548774387193596	0.0007688745525468166	0.00011674965452257435
6.561780890445224	0.0007673181822853703	0.00011636959835559235
6.574787393696848	0.0007671778230173842	0.00011599142483620373
6.587793896948476	0.0007685027236291608	0.00011561512138846819
6.6008004002001	0.0007713705726724029	0.0001152406755412505
6.613806903451724	0.0007758904919530352	0.00011486807492155915
6.626813406703352	0.0007822075799506223	0.00011449730727020047
6.639819909954976	0.0007905093511487715	0.00011412836042534735
6.652826413206604	0.0008010345962161658	0.00011376122232742425
6.665832916458228	0.0008140854343223758	0.00011339588101766385
6.678839419709856	0.0008300436804948852	0.00011303232463799606
6.69184592296148	0.0008493931660770171	0.00011267054142838351
6.704852426213108	0.0008727504189279811	0.00011231051972948602
6.717858929464732	0.0009009072748438207	0.00011195224797089232
6.73086543271636	0.000934890777884001	0.00011159571468610796
6.743871935967984	0.0009760484884372422	0.00011124090850145318
6.756878439219609	0.001026171590119418	0.00011088781813251014
6.769884942471236	0.0010876747173431678	0.00011053643239233857
6.782891445722861	0.0011638610044769626	0.0001101867401895884
6.795897948974488	0.001259313361590353	0.00010983873051473303
6.808904452226113	0.0013804636079941535	0.00010949239245383602
6.82191095547774	0.001536377590172111	0.00010914771518499844
6.834917458729365	0.0017396791168731163	0.00010880468796858889
6.847923961980992	0.002007100369909698	0.00010846330015434891
6.860930465232617	0.002358006699998305	0.00010812354118494572
6.873936968484241	0.002807770760423489	0.00010778540057632124
6.886943471735869	0.003355277706992399	0.00010744886794455955
6.899949974987493	0.003971180533592578	0.00010711393297468952
6.912956478239121	0.004579374441649908	0.00010678058544943969
6.925962981490745	0.005033906078795836	0.00010644881522337002
6.938969484742373	0.005198535353116651	0.00010611861223708274
6.951975987993997	0.005089646670557113	0.00010578996651089412
6.964982491245625	0.004848207836534391	0.00010546286814894223
6.977988994497249	0.004616130294566867	0.0001051373073280848
6.990995497748873	0.00448144364625902	0.00010481327430977849
7.004002001000501	0.004473754188357382	0.00010449075943042008
7.017008504252125	0.004588040165175777	0.00010416975310478804
7.030015007503753	0.004802508971821773	0.00010385024582171276
7.043021510755377	0.005083553025694076	0.00010353222814696306
7.056028014007005	0.005375978021560535	0.00010321569072313519
7.069034517258629	0.005582133006319601	0.00010290062426798752
7.082041020510257	0.005637193371093363	0.00010258701955856431
7.095047523761881	0.005566113353124402	0.00010227486746949843
7.108054027013505	0.0054150714953908885	0.00010196415892704813
7.121060530265133	0.005244836091773508	0.00010165488493596442
7.134067033516757	0.005149029535466254	0.00010134703657260768
7.147073536768385	0.005170519996545275	0.00010104060498417056
7.160080040020009	0.005211616712624267	0.00010073558138123939
7.173086543271637	0.005086142450557829	0.00010043195704945163
7.186093046523261	0.004703057545401235	0.00010012972334028092
7.199099549774889	0.0041622323445486	9.982887167436783e-05
7.212106053026513	0.0036428578124045874	9.952939353230494e-05
7.2251125562781375	0.003261491351345347	9.92312804695139e-05
7.238119059529765	0.0030513327181509453	9.893452410181247e-05
7.2511255627813895	0.002995095951665472	9.86391161121869e-05
7.264132066033017	0.003030373044746959	9.834504824357548e-05
7.2771385692846415	0.0030376606615116764	9.805231231230227e-05
7.290145072536269	0.002894291573953378	9.776090018709382e-05
7.3031515757878935	0.0025942877218719795	9.747080380617668e-05
7.316158079039521	0.0022412126535819032	9.718201516306646e-05
7.3291645822911455	0.0019259212929857439	9.689452632022366e-05
7.342171085542773	0.0016807838891943483	9.66083293935105e-05
7.3551775887943975	0.0015044462561952798	9.632341656873322e-05
7.368184092046022	0.0013868077188196049	9.603978008387859e-05
7.3811905952976495	0.0013192507949971732	9.575741223311063e-05
7.394197098549274	0.0012963590157957228	9.54763053804264e-05
7.4072036018009015	0.0013126910018236293	9.519645193467596e-05
7.420210105052526	0.0013538992542826422	9.491784437409834e-05
7.4332166083041535	0.0013853835717889673	9.464047522567132e-05
7.446223111555778	0.0013612541751183427	9.436433707488145e-05
7.4592296148074055	0.0012677746022814462	9.408942256727837e-05
7.47223611805903	0.0011386843849597872	9.381572439770558e-05
7.485242621310654	0.0010132808450551423	9.354323532106967e-05
7.498249124562282	0.0009091286256355247	9.327194814079398e-05
7.511255627813906	0.0008276978567985926	9.300185572314046e-05
7.524262131065534	0.00076489849964545	9.273295097700363e-05
7.537268634317158	0.0007161332134810738	9.246522687156311e-05
7.550275137568786	0.0006777106874289451	9.21986764295113e-05
7.56328164082041	0.0006469444690804238	9.193329272039197e-05
7.576288144072038	0.0006219360138449703	9.166906886559634e-05
7.589294647323662	0.0006013468819007217	9.14059980442472e-05
7.602301150575286	0.0005842251128441722	9.114407347710074e-05
7.615307653826914	0.0005698846499131438	9.08832884426447e-05
7.628314157078538	0.0005578240906055631	9.062363626377579e-05
7.641320660330166	0.0005476722353082719	9.036511031546013e-05
7.65432716358179	0.0005391513987201835	9.010770402051449e-05
7.667333666833418	0.0005320524427824269	8.985141084949522e-05
7.680340170085042	0.000526217596594325	8.959622432547221e-05
7.69334667333667	0.0005215285162403216	8.93421380110393e-05
7.706353176588294	0.0005178979309206078	8.90891455199716e-05
7.719359679839918	0.0005152637948906413	8.883724051900188e-05
7.732366183091546	0.0005135852353128634	8.858641670916878e-05
7.74537268634317	0.0005128398289581115	8.833666784813232e-05
7.758379189594798	0.0005130219037788875	8.808798773030091e-05
7.771385692846422	0.0005141416743199567	8.784037020070912e-05
7.78439219609805	0.0005162251024367626	8.759380914846737e-05
7.7973986993496744	0.0005193144397347416	8.734829850320924e-05
7.810405202601302	0.0005234694647435756	8.710383224674878e-05
7.8234117058529264	0.000528769483881586	8.686040439442877e-05
7.836418209104554	0.0005353162277911272	8.661800900910954e-05
7.8494247123561784	0.000543237851821754	8.637664019905955e-05
7.862431215607803	0.000552694351861116	8.613629211196017e-05
7.8754377188594304	0.0005638848496147819	8.589695893768123e-05
7.888444222111055	0.0005770574069934309	8.565863490817005e-05
7.9014507253626824	0.0005925223326145312	8.542131429867261e-05
7.914457228614307	0.0006106703980008898	8.518499141829672e-05
7.9274637318659344	0.0006319980706878114	8.494966062655429e-05
7.940470235117559	0.0006571429207598012	8.471531631526474e-05
7.9534767383691864	0.0006869339393831275	8.448195292076743e-05
7.966483241620811	0.000722463801624551	8.424956491626112e-05
7.979489744872435	0.0007651930754306591	8.401814682013065e-05
7.992496248124063	0.0008170988922121536	8.378769318029278e-05
8.005502751375687	0.0008808773925211844	8.355819858563152e-05
8.018509254627315	0.0009601814421928978	8.332965767166023e-05
8.031515757878939	0.0010597650506435352	8.310206509953844e-05
8.044522261130567	0.0011850813359418622	8.287541557916445e-05
8.057528764382191	0.0013402781649625162	8.264970384930237e-05
8.070535267633819	0.0015239088970987469	8.242492468812923e-05
8.083541770885443	0.0017276537640806833	8.220107291401213e-05
8.096548274137067	0.0019504948442725656	8.197814337573828e-05
8.109554777388695	0.002216635168275416	8.175613096306211e-05
8.12256128064032	0.0025632399844585096	8.153503059959988e-05
8.135567783891947	0.0030139120732727287	8.131483724427291e-05
8.148574287143571	0.003567385158632197	8.109554588997536e-05
8.161580790395199	0.004186924771178435	8.08771515644624e-05
8.174587293646823	0.004777547352886935	8.06596493329037e-05
8.187593796898451	0.005192917227961891	8.044303429233235e-05
8.200600300150075	0.005312053931693317	8.022730157575264e-05
8.2136068034017	0.005148731458233469	8.001244634359139e-05
8.226613306653327	0.004836835382044602	7.979846379724265e-05
8.239619809904951	0.0045098038974442645	7.958534916996385e-05
8.25262631315658	0.004237415959346347	7.93730977212137e-05
8.265632816408203	0.004041919193881416	7.916170475497086e-05
8.278639319659831	0.003947044817349421	7.895116559208937e-05
8.291645822911455	0.0039864841977681476	7.874147560171796e-05
8.304652326163083	0.0041991682853760315	7.853263016965872e-05
8.317658829414707	0.004624917769511239	7.832462472356916e-05
8.330665332666335	0.005262119491826089	7.811745471952847e-05
8.34367183591796	0.006005354787695039	7.791111564248165e-05
8.356678339169584	0.006639170023196028	7.770560301223473e-05
8.369684842421211	0.006966867112736197	7.75009123730186e-05
8.382691345672836	0.0069176723694786	7.729703930614562e-05
8.395697848924463	0.006490843921119316	7.709397941513263e-05
8.408704352176088	0.005761853131204697	7.68917283401338e-05
8.421710855427715	0.004926591821189263	7.669028174994708e-05
8.43471735867934	0.004192100774197849	7.648963533857245e-05
8.447723861930967	0.0036637283948606214	7.628978482987492e-05
8.460730365182592	0.003355316936110353	7.609072597958288e-05
8.473736868434216	0.0032313913414210305	7.589245457217952e-05
8.486743371685844	0.0032100762828037865	7.569496641390838e-05
8.499749874937468	0.003153992182369336	7.54982573493157e-05
8.512756378189096	0.0029404885419604954	7.530232323793573e-05
8.52576288144072	0.0025806012416572655	7.510715998038098e-05
8.538769384692348	0.0021847929187039927	7.491276349436138e-05
8.551775887943972	0.0018371559045020636	7.471912973044947e-05
8.5647823911956	0.001562188212908766	7.452625466386475e-05
8.577788894447224	0.0013533549565347691	7.433413429702718e-05
8.590795397698848	0.001196648709519077	7.414276466066738e-05
8.603801900950476	0.0010795589808749728	7.39521418083866e-05
8.6168084042021	0.0009929830996900924	7.376226182076451e-05
8.629814907453728	0.0009309996928228426	7.357312080613632e-05
8.642821410705352	0.0008903102587277667	7.338471489704013e-05
8.65582791395698	0.0008698205370245571	7.319704025365859e-05
8.668834417208604	0.0008703265947850314	7.301009305848982e-05
8.681840920460232	0.0008938497888105745	7.282386951912301e-05
8.694847423711856	0.0009413144677717922	7.263836587190209e-05
8.70785392696348	0.0010061000554175692	7.245357837359911e-05
8.720860430215108	0.0010637143972663798	7.226950330541104e-05
8.733866933466732	0.0010738582554621345	7.208613697651245e-05
8.74687343671836	0.0010157919885753763	7.190347571828237e-05
8.759879939969984	0.0009140736155647256	7.172151588530351e-05
8.772886443221612	0.0008073747981293122	7.15402538572496e-05
8.785892946473236	0.0007165166801850198	7.135968603411147e-05
8.798899449724864	0.0006453730936851754	7.117980884252528e-05
8.811905952976488	0.0005910222500723483	7.10006187334411e-05
8.824912456228116	0.0005494116040934971	7.08221121733521e-05
8.83791895947974	0.0005171418752973889	7.06442856647227e-05
8.850925462731364	0.0004917139083212563	7.046713571901009e-05
8.863931965982992	0.00047136528205604655	7.029065887531605e-05
8.876938469234616	0.00045486288844431844	7.011485170127507e-05
8.889944972486244	0.0004413384612337312	6.993971077740024e-05
8.902951475737868	0.00043017311365878275	6.97652327068532e-05
8.915957978989496	0.0004209194908436631	6.959141412321568e-05
8.92896448224112	0.0004132498064327583	6.941825167006144e-05
8.941970985492748	0.0004069210436831172	6.924574202393785e-05
8.954977488744372	0.00040175143544074476	6.907388187360475e-05
8.967983991995997	0.00039760438348601657	6.890266793002642e-05
8.980990495247624	0.00039437733614211545	6.873209693358806e-05
8.993996998499249	0.0003919940175434178	6.856216563366768e-05
9.007003501750876	0.00039039896113968187	6.839287080873113e-05
9.0200100050025	0.0003895536583375936	6.822420925145511e-05
9.033016508254128	0.00038943386528167423	6.805617778227191e-05
9.046023011505753	0.00039002776304108977	6.788877323371523e-05
9.05902951475738	0.0003913347684391111	6.772199246307675e-05
9.072036018009005	0.000393364862552259	6.755583234696605e-05
9.085042521260629	0.0003961383533687135	6.739028978308692e-05
9.098049024512257	0.00039968602598550174	6.722536168601856e-05
9.111055527763881	0.00040404966286899935	6.706104498721555e-05
9.124062031015509	0.00040928294210762495	6.68973366446668e-05
9.137068534267133	0.0004154527460081825	6.67342336312382e-05
9.15007503751876	0.00042264093817367954	6.657173293411756e-05
9.163081540770385	0.0004309466972943765	6.640983157013558e-05
9.176088044022013	0.0004404895329468417	6.624852656478275e-05
9.189094547273637	0.0004514131568092994	6.608781497019489e-05
9.202101050525261	0.0004638904470307681	6.592769384894392e-05
9.215107553776889	0.0004781298314248117	6.576816028858179e-05
9.228114057028513	0.0004943835379657147	6.560921138887288e-05
9.241120560280141	0.0005129583344796185	6.545084427500569e-05
9.254127063531765	0.0005342296287311754	6.529305607883007e-05
9.267133566783393	0.0005586601622241671	6.513584396250494e-05
9.280140070035017	0.000586825065339247	6.497920509784816e-05
9.293146573286645	0.0006194458388453228	6.482313667832695e-05
9.30615307653827	0.0006574370332604884	6.466763590906588e-05
9.319159579789897	0.0007019712435655245	6.451270001728293e-05
9.332166083041521	0.0007545708904831416	6.435832624651638e-05
9.345172586293145	0.0008172396971932727	6.420451185684684e-05
9.358179089544773	0.0008926536635622817	6.405125412245471e-05
9.371185592796397	0.000984441876236919	6.389855033883673e-05
9.384192096048025	0.0010976028234180868	6.374639781847602e-05
9.39719859929965	0.0012391212737612456	6.359479388129419e-05
9.410205102551277	0.0014188644672761264	6.344373587319208e-05
9.423211605802901	0.001650800964028587	6.329322115461444e-05
9.43621810905453	0.0019543463356865853	6.31432470982185e-05
9.449224612306153	0.0023547200158851034	6.299381109464708e-05
9.462231115557778	0.00287844254268399	6.284491055341679e-05
9.475237618809405	0.003534464128671533	6.269654289281501e-05
9.48824412206103	0.004270970615947833	6.25487055534446e-05
9.501250625312657	0.0049398195175310855	6.240139598823191e-05
9.514257128564282	0.005376756761405033	6.225461166708968e-05
9.52726363181591	0.005574120148972628	6.210835007192106e-05
9.540270135067534	0.005690472734390051	6.196260870305892e-05
9.553276638319161	0.0058966713816731575	6.181738507626822e-05
9.566283141570786	0.006264425754747505	6.167267671952636e-05
9.57928964482241	0.006763683846351509	6.15284811763539e-05
9.592296148074038	0.007282664817237494	6.138479600570346e-05
9.605302651325662	0.0076623204870817085	6.12416187840692e-05
9.61830915457729	0.00782372870973358	6.10989470940515e-05
9.631315657828914	0.00781034721537921	6.095677854167647e-05
9.644322161080542	0.007641008845886699	6.081511074507162e-05
9.657328664332166	0.007249214422808792	6.0673941330469106e-05
9.670335167583794	0.006640721808695238	6.053326794686065e-05
9.683341670835418	0.005963363519718268	6.039308824956624e-05
9.696348174087042	0.005357134661194252	6.0253399917331585e-05
9.70935467733867	0.004830259999606179	6.0114200630123626e-05
9.722361180590294	0.004327613375530004	5.997548809211217e-05
9.735367683841922	0.0038262733087703893	5.983726001645984e-05
9.748374187093546	0.0033302106094714734	5.969951413220542e-05
9.761380690345174	0.0028686347152682146	5.956224817538214e-05
9.774387193596798	0.002482196287912908	5.942545990478276e-05
9.787393696848426	0.0021799451651781654	5.928914708563937e-05
9.80040020010005	0.0019316923347711956	5.9153307501391694e-05
9.813406703351678	0.0017007698901516655	5.901793894147467e-05
9.826413206603302	0.0014795237328418809	5.888303921475213e-05
9.839419709854926	0.0012820914761216828	5.874860613930277e-05
9.852426213106554	0.0011180077941153055	5.861463754952556e-05
9.865432716358178	0.000986247021743325	5.848113128936738e-05
9.878439219609806	0.0008811077440771253	5.8348085213988377e-05
9.89144572286143	0.0007965811518587662	5.8215497193647714e-05
9.904452226113058	0.0007277762369979346	5.808336511381462e-05
9.917458729364682	0.0006710267638475598	5.795168686784091e-05
9.93046523261631	0.0006236471557979906	5.782046035895938e-05
9.943471735867934	0.0005836689945881712	5.7689683509831724e-05
9.956478239119559	0.0005496351082622253	5.755935424978098e-05
9.969484742371186	0.0005204528632508643	5.742947052223002e-05
9.98249124562281	0.0004952926142971492	5.7300030284368475e-05
9.995497748874438	0.0004735177745892605	5.7171031493052915e-05
10.008504252126063	0.00045463649947408147	5.704247213933478e-05
10.02151075537769	0.0004382681835513047	5.691435021004665e-05
10.034517258629315	0.0004241203092790746	5.678666370267926e-05
10.047523761880942	0.00041197279237603635	5.6659410629489315e-05
10.060530265132567	0.00040166807893304846	5.653258902038605e-05
10.07353676838419	0.0003931060596779057	5.6406196906277906e-05
10.086543271635819	0.00038624353221106134	5.6280232336058944e-05
10.099549774887443	0.00038109859091950415	5.615469336817114e-05
10.11255627813907	0.0003777610829081013	5.602957807360198e-05
10.125562781390695	0.00037641127923671025	5.590488452822395e-05
10.138569284642323	0.00037735033248464944	5.578061082689434e-05
10.151575787893947	0.00038104801978045	5.56567550697995e-05
10.164582291145575	0.0003882153767204022	5.553331537200279e-05
10.177588794397199	0.0003999100291258717	5.541028985289742e-05
10.190595297648823	0.00041767201763254214	5.528767665141654e-05
10.20360180090045	0.00044363939791103313	5.5165473908713736e-05
10.216608304152075	0.0004804222475850439	5.5043679781152655e-05
10.229614807403703	0.0005300368761582686	5.492229243653224e-05
10.242621310655327	0.000590374799027793	5.480131004886868e-05
10.255627813906955	0.0006484518895184532	5.468073080350244e-05
10.268634317158579	0.0006784827424647366	5.456055289798645e-05
10.281640820410207	0.000661536703148391	5.444077454108687e-05
10.294647323661831	0.0006087875967768497	5.432139394612179e-05
10.307653826913459	0.000547159101316419	5.420240934117526e-05
10.320660330165083	0.0004939773665326719	5.408381896421233e-05
10.333666833416707	0.00045384528822789427	5.396562106030345e-05
10.346673336668335	0.0004254935318620534	5.3847813886287454e-05
10.35967983991996	0.0004063637904706541	5.373039570788496e-05
10.372686343171587	0.0003942153750577937	5.3613364801807784e-05
10.385692846423211	0.000387427750810021	5.3496719453760555e-05
10.398699349674839	0.0003849251987431135	5.338045795655333e-05
10.411705852926463	0.00038604445475820537	5.326457861443146e-05
10.424712356178091	0.00039042850743398194	5.314907974496297e-05
10.437718859429715	0.0003979579841669745	5.303395966793634e-05
10.45072536268134	0.0004087151677398815	5.2919216718017026e-05
10.463731865932967	0.0004229750679679567	5.280484923342321e-05
10.476738369184591	0.00044122118986344994	5.2690855567028017e-05
10.48974487243622	0.0004641877369030434	5.257723408147452e-05
10.502751375687843	0.0004929347025937059	5.246398314473488e-05
10.515757878939471	0.0005289680597558855	5.23511011280009e-05
10.528764382191095	0.0005744241603489186	5.223858642833257e-05
10.541770885442723	0.0006323433023288638	5.2126437435462414e-05
10.554777388694347	0.0007070511623271658	5.201465255444404e-05
10.567783891945972	0.0008046077425669651	5.190323020032306e-05
10.5807903951976	0.0009330431001449702	5.179216879402926e-05
10.593796898449224	0.0011013513136429731	5.168146676659546e-05
10.606803401700851	0.0013145642504410748	5.157112255815832e-05
10.619809904952476	0.0015614197241220484	5.146113461396151e-05
10.632816408204103	0.0018010019353863482	5.1351501392016274e-05
10.645822911455728	0.00197660756634066	5.124222135677314e-05
10.658829414707355	0.00205805326635089	5.1133292982896705e-05
10.67183591795898	0.0020621422883783103	5.102471474571768e-05
10.684842421210604	0.0020492772221223365	5.091648514365943e-05
10.697848924462232	0.002093057436824197	5.0808602668706015e-05
10.710855427713856	0.002240331750480773	5.070106582594214e-05
10.723861930965484	0.0024961873661322187	5.0593873130222455e-05
10.736868434217108	0.0028117261320890208	5.048702310705977e-05
10.749874937468736	0.0030802265582664523	5.038051428329915e-05
10.76288144072036	0.003194412908528732	5.027434519433438e-05
10.775887943971988	0.0031303831847765418	5.016851439110237e-05
10.788894447223612	0.0029677589579315544	5.0063020424873095e-05
10.801900950475236	0.0028352977093717424	4.995786185746365e-05
10.814907453726864	0.0028310624809998464	4.985303725379975e-05
10.827913956978488	0.002997000829052965	4.9748545198124994e-05
10.840920460230116	0.0033250558228896665	4.964438427046414e-05
10.85392696348174	0.0037414977974684627	4.9540553063165405e-05
10.866933466733368	0.004098841768414463	4.943705017501632e-05
10.879939969984992	0.004256186709766352	4.933387421357516e-05
10.89294647323662	0.004186140415539885	4.923102379272848e-05
10.905952976488244	0.003953342527346693	4.912849753579973e-05
10.918959479739872	0.003625503898911142	4.902629407088632e-05
10.931965982991496	0.0032534887187277706	4.89244120337462e-05
10.94497248624312	0.0028897335022173287	4.882285006668763e-05
10.957978989494748	0.002549589042165956	4.872160682445337e-05
10.970985492746372	0.0022075224397566373	4.8620680962563334e-05
10.983991995998	0.0018634940286367252	4.852007114497514e-05
10.996998499249624	0.0015522199081065002	4.841977604830294e-05
11.010005002501252	0.0012983422663991329	4.8319794344942046e-05
11.023011505752876	0.0011033597999980937	4.822012472605053e-05
11.036018009004504	0.0009578670374384979	4.812076588200931e-05
11.049024512256128	0.0008514033701610968	4.802171651641096e-05
11.062031015507753	0.0007758161893773874	4.7922975333070106e-05
11.07503751875938	0.0007253042963967227	4.78245410434619e-05
11.088044022011005	0.0006948138815603411	4.7726412370052707e-05
11.101050525262632	0.0006773031321927192	4.7628588040193875e-05
11.114057028514257	0.0006626929420642247	4.7531066788120135e-05
11.127063531765884	0.0006437707539115323	4.7433847352840175e-05
11.140070035017509	0.000622338237043274	4.7336928479801976e-05
11.153076538269136	0.0006019288259213607	4.7240308928664376e-05
11.16608304152076	0.0005791095969355231	4.714398745031545e-05
11.179089544772385	0.0005495619915091288	4.70479628161824e-05
11.192096048024013	0.0005176204893114766	4.695223379647118e-05
11.205102551275637	0.0004922064967649575	4.685679917393326e-05
11.218109054527265	0.00047896381198875293	4.6761657732652395e-05
11.231115557778889	0.0004787750206013408	4.666680826248548e-05
11.244122061030517	0.00048791871953890453	4.657224956317041e-05
11.25712856428214	0.0004976688495094139	4.647798043788676e-05
11.270135067533769	0.0004978466955757321	4.6383999698029754e-05
11.283141570785393	0.0004835808419674237	4.6290306159435524e-05
11.296148074037017	0.000457837205764422	4.619689864537868e-05
11.309154577288645	0.00042960471179642745	4.610377598202042e-05
11.322161080540269	0.00040781994143690437	4.601093700784542e-05
11.335167583791897	0.00039629375424732327	4.591838056267061e-05
11.348174087043521	0.00039315140946949434	4.5826105490420765e-05
11.361180590295149	0.000391887556463133	4.573411064690003e-05
11.374187093546773	0.00038584285056209033	4.564239489024402e-05
11.3871935967984	0.0003752210337660822	4.5550957081141874e-05
11.400200100050025	0.00036540720496824886	4.545979609171802e-05
11.413206603301653	0.0003581586967020822	4.5368910801313334e-05
11.426213106553277	0.0003483662969092638	4.527830008793643e-05
11.439219609804901	0.0003301097283470167	4.518796283703441e-05
11.452226113056529	0.00030470739026011717	4.50978979480432e-05
11.465232616308153	0.00027846028125588784	4.5008104312405095e-05
11.478239119559781	0.000255732713595469	4.491858083821576e-05
11.491245622811405	0.00023756037353583892	4.482932643556925e-05
11.504252126063033	0.00022337185310639107	4.474034001922256e-05
11.517258629314657	0.0002122600747000991	4.465162050659721e-05
11.530265132566285	0.00020343670761313604	4.4563166829325596e-05
11.54327163581791	0.00019631234080763615	4.447497791637556e-05
11.556278139069533	0.00019046716477810754	4.438705270370935e-05
11.569284642321161	0.0001856056148328289	4.429939013694817e-05
11.582291145572785	0.00018151898799889654	4.4211989160269916e-05
11.595297648824413	0.00017805882080823565	4.412484872873268e-05
11.608304152076037	0.00017511885977339325	4.403796779917091e-05
11.621310655327665	0.00017262307392840182	4.395134533830003e-05
11.63431715857929	0.00017051776035570398	4.386498031005992e-05
11.647323661830917	0.00016876642633656402	4.377887169382255e-05
11.660330165082541	0.0001673466096778764	4.3693018464852074e-05
11.673336668334166	0.00016624813341570288	4.3607419608626685e-05
11.686343171585793	0.00016547252793253087	4.3522074113955256e-05
11.699349674837418	0.00016503353698049672	4.3436980974531636e-05
11.712356178089045	0.00016495879027655924	4.3352139191710215e-05
11.72536268134067	0.00016529290832256738	4.326754776584618e-05
11.738369184592298	0.00016610254261972823	4.318320571017331e-05
11.751375687843922	0.0001674841948539063	4.309911203659311e-05
11.76438219109555	0.00016957616478896487	4.301526576522274e-05
11.777388694347174	0.0001725767182083615	4.2931665921064344e-05
11.790395197598798	0.00017677155164719238	4.2848311530230276e-05
11.803401700850426	0.00018257453981362914	4.2765201628047755e-05
11.81640820410205	0.00019058497689627973	4.268233525017706e-05
11.829414707353678	0.00020165603463750958	4.259971144315866e-05
11.842421210605302	0.00021693322769000822	4.2517329252311775e-05
11.85542771385693	0.0002377035159581986	4.243518773772159e-05
11.868434217108554	0.00026459656537736187	4.235328594226484e-05
11.881440720360182	0.0002953196519296375	4.2271622939904496e-05
11.894447223611806	0.00032132072226231934	4.2190197792058015e-05
11.907453726863434	0.00032946429154778745	4.210900956713726e-05
11.920460230115058	0.00031452229557826783	4.20280573470988e-05
11.933466733366682	0.0002859195501552225	4.1947340208348116e-05
11.94647323661831	0.0002562107779048306	4.186685723706063e-05
11.959479739869934	0.00023164407186981872	4.178660751952279e-05
11.972486243121562	0.00021320280285830329	4.170659015356737e-05
11.985492746373186	0.00019989203926773502	4.16268042333634e-05
11.998499249624814	0.00019043942119767454	4.154724886218375e-05
12.011505752876438	0.00018380462016986954	4.1467923147520125e-05
12.024512256128066	0.00017923747096570963	4.138882619930673e-05
12.03751875937969	0.00017622083329105198	4.1309957134028075e-05
12.050525262631314	0.00017440427765658129	4.12313150717214e-05
12.063531765882942	0.00017355273108499158	4.115289913564357e-05
12.076538269134566	0.0001735109940768087	4.107470845304828e-05
12.089544772386194	0.00017418028176718892	4.099674215629623e-05
12.102551275637818	0.0001755030658001644	4.091899938585275e-05
12.115557778889446	0.00017745351638365214	4.0841479278075354e-05
12.12856428214107	0.00018003176973047097	4.076418097975765e-05
12.141570785392698	0.0001832609182805811	4.068710364035777e-05
12.154577288644322	0.0001871860840716444	4.061024641033306e-05
12.167583791895947	0.00019187526134467614	4.05336084522423e-05
12.180590295147574	0.00019742186372695425	4.0457188920761666e-05
12.193596798399199	0.00020394913137566917	4.03809869862215e-05
12.206603301650826	0.00021161678520720262	4.0305001815621466e-05
12.21960980490245	0.00022063060012522673	4.022923258184541e-05
12.232616308154078	0.00023125595933459753	4.015367846665896e-05
12.245622811405703	0.00024383702091779202	4.0078338643834144e-05
12.25862931465733	0.00025882398822452135	4.000321230646087e-05
12.271635817908955	0.0002768123012301116	3.9928298635527604e-05
12.284642321160579	0.0002985996222446552	3.98535968307856e-05
12.297648824412207	0.0003252696555059442	3.977910608643498e-05
12.31065532766383	0.00035831655497553516	3.9704825601560856e-05
12.323661830915459	0.0003998300577974234	3.9630754579800254e-05
12.336668334167083	0.000452767761613293	3.9556892233783e-05
12.34967483741871	0.0005213378988921935	3.9483237772253155e-05
12.362681340670335	0.0006114686834007843	3.940979041183734e-05
12.375687843921963	0.0007311360075474838	3.9336549370827534e-05
12.388694347173587	0.0008896591514369057	3.926351387095739e-05
12.401700850425215	0.0010934924060779228	3.919068314350849e-05
12.414707353676839	0.001334596278328548	3.9118056415432534e-05
12.427713856928463	0.0015748034030296232	3.9045632921230755e-05
12.44072036018009	0.0017541777788839807	3.897341189817993e-05
12.453726863431715	0.0018408128528447643	3.89013925897741e-05
12.466733366683343	0.0018575172319907907	3.882957423795297e-05
12.479739869934967	0.0018508177249307867	3.875795609253885e-05
12.492746373186595	0.0018637793973504957	3.8686537406129595e-05
12.505752876438219	0.0019103570404461756	3.8615317430545915e-05
12.518759379689847	0.0019522621295325893	3.854429542826665e-05
12.531765882941471	0.001928756457247549	3.847347066032736e-05
12.544772386193095	0.0018118863738739721	3.8402842390761194e-05
12.557778889444723	0.0016184649884133373	3.833240989292719e-05
12.570785392696347	0.0013920992831465417	3.826217243463326e-05
12.583791895947975	0.0011811772928125297	3.819212929678795e-05
12.5967983991996	0.0010161472391595483	3.812227975608096e-05
12.609804902451227	0.000904804564872963	3.8052623095419236e-05
12.622811405702851	0.0008421938434454157	3.7983158599819156e-05
12.635817908954479	0.0008170232169391056	3.791388556173558e-05
12.648824412206103	0.0008116445210912815	3.784480327062578e-05
12.661830915457728	0.000806570139041396	3.7775911026050046e-05
12.674837418709355	0.0007938840204947395	3.770720812290573e-05
12.68784392196098	0.0007761513859798619	3.7638693864527895e-05
12.700850425212607	0.0007509561308293167	3.7570367559247586e-05
12.713856928464232	0.0007160823740004485	3.7502228515395863e-05
12.72686343171586	0.0006830437195713968	3.7434276042414005e-05
12.739869934967484	0.0006687330330654717	3.7366509459069164e-05
12.752876438219111	0.0006827658817771809	3.7298928082907246e-05
12.765882941470736	0.0007243934615847047	3.723153123258438e-05
12.77888944472236	0.0007804676660084775	3.716431823652666e-05
12.791895947973988	0.0008263044092905458	3.7097288421494845e-05
12.804902451225612	0.0008399255012589979	3.703044111802445e-05
12.81790895447724	0.0008175759075313982	3.696377565931552e-05
12.830915457728864	0.0007702053771573292	3.689729138178777e-05
12.843921960980492	0.0007117659486747252	3.683098762807813e-05
12.856928464232116	0.0006560779414302997	3.6764863738159015e-05
12.869934967483744	0.000613348129032798	3.6698919063660185e-05
12.882941470735368	0.0005821796632020648	3.663315294788472e-05
12.895947973986996	0.0005527910559729454	3.6567564741907255e-05
12.90895447723862	0.000521263496503166	3.650215380701649e-05
12.921960980490244	0.0004919959598645995	3.6436919495619335e-05
12.934967483741872	0.000464752141678515	3.6371861171113906e-05
12.947973986993496	0.00043126900763457154	3.6306978198563655e-05
12.960980490245124	0.0003876935655346969	3.6242269939701366e-05
12.973986993496748	0.0003407555115955141	3.617773576936045e-05
12.986993496748376	0.0002986075432089841	3.611337505515788e-05
13.0	0.0002644354598946297	3.604918717636796e-05
NEXT_SITE