PARAMETERS	16	4.0	2.0	16	0	-40.65909535042
#OMEGA	VALUE
-13.0	3.577250787234476e-05	0.00011891580071010655
-12.986993496748374	3.583580030819267e-05	0.000118018095406347
-12.973986993496748	3.5899261933258764e-05	0.00011731344859089443
-12.960980490245122	3.5962893360053094e-05	0.00011680075949971336
-12.947973986993496	3.602669519475743e-05	0.00011648378869855147
-12.934967483741872	3.609066805110306e-05	0.0001163719459753576
-12.921960980490246	3.615481254437558e-05	0.00011648154270404998
-12.90895447723862	3.6219129289749574e-05	0.00011683769555059786
-12.895947973986994	3.628361891405696e-05	0.00011747717382093459
-12.882941470735368	3.6348282033582535e-05	0.00011845264647825093
-12.869934967483742	3.6413119278155825e-05	0.00011983903942425211
-12.856928464232116	3.647813127594102e-05	0.00012174310183332704
-12.84392196098049	3.654331866187466e-05	0.000124317837864929
-12.830915457728864	3.6608682068450804e-05	0.00012778413092551233
-12.817908954477238	3.667422213293747e-05	0.0001324622066879444
-12.804902451225614	3.6739939493268814e-05	0.00013881358912370967
-12.791895947973988	3.680583480114574e-05	0.0001474830297855112
-12.778889444722362	3.6871908698610234e-05	0.0001592884275913864
-12.765882941470736	3.6938161833144356e-05	0.00017498367577239993
-12.75287643821911	3.700459485800334e-05	0.0001943671919200085
-12.739869934967484	3.707120843365885e-05	0.00021430045765435946
-12.726863431715858	3.713800320948035e-05	0.00022724484296166025
-12.713856928464232	3.7204979857152765e-05	0.0002257487406237546
-12.700850425212606	3.7272139032262785e-05	0.00021105876787708144
-12.687843921960981	3.7339481408493747e-05	0.00019149097114323776
-12.674837418709355	3.7407007655532176e-05	0.00017362898564976526
-12.66183091545773	3.747471844195438e-05	0.00015969745439725624
-12.648824412206103	3.754261445099161e-05	0.00014953828054653506
-12.635817908954477	3.7610696359990925e-05	0.00014234272177304774
-12.622811405702851	3.767896485218358e-05	0.00013733393432524554
-12.609804902451225	3.7747420614464566e-05	0.00013392280339918905
-12.5967983991996	3.781606433328477e-05	0.0001316967689204418
-12.583791895947973	3.788489670542017e-05	0.00013037606250421163
-12.570785392696347	3.7953918423205835e-05	0.0001297746368471575
-12.557778889444723	3.802313018763659e-05	0.00012977211602793748
-12.544772386193097	3.8092532701039516e-05	0.00013029528081986985
-12.531765882941471	3.816212666896135e-05	0.00013130654443793688
-12.518759379689845	3.823191280127869e-05	0.00013279742327498845
-12.505752876438219	3.830189180642485e-05	0.0001347857532717489
-12.492746373186593	3.8372064401270833e-05	0.0001373160491529024
-12.479739869934967	3.8442431304352986e-05	0.00014046295892256033
-12.466733366683341	3.8512993244199656e-05	0.0001443383118251429
-12.453726863431715	3.858375093712674e-05	0.00014910289545722044
-12.44072036018009	3.865470511899005e-05	0.00015498493002230607
-12.427713856928465	3.872585651654159e-05	0.00016230829342578357
-12.414707353676839	3.87972058667474e-05	0.0001715346967033904
-12.401700850425213	3.8868753914234055e-05	0.00018332401396581322
-12.388694347173587	3.894050139807703e-05	0.00019861112152808058
-12.37568784392196	3.901244905868406e-05	0.00021867024258070966
-12.362681340670335	3.908459765344929e-05	0.00024504523922941335
-12.349674837418709	3.915694793465985e-05	0.00027898696697048475
-12.336668334167083	3.922950065538e-05	0.0003197350936895438
-12.323661830915459	3.9302256579443196e-05	0.00036175171737773404
-12.310655327663833	3.937521646946163e-05	0.0003948217038983737
-12.297648824412207	3.9448381091600204e-05	0.00041174001794719306
-12.28464232116058	3.952175122223789e-05	0.00041550717533356263
-12.271635817908955	3.959532763042617e-05	0.00041377903245787273
-12.258629314657329	3.966911109332116e-05	0.00041013529145650374
-12.245622811405703	3.974310239729384e-05	0.00040654093498015964
-12.232616308154077	3.98173023313797e-05	0.00040603683363427123
-12.21960980490245	3.989171167884109e-05	0.00040788154563398127
-12.206603301650825	3.996633123615201e-05	0.0004086168976815685
-12.1935967983992	4.0041161798010094e-05	0.0004097999722474377
-12.180590295147574	4.011620416943806e-05	0.00041663433568117636
-12.167583791895948	4.019145915201694e-05	0.000429397660614117
-12.154577288644322	4.026692755410011e-05	0.00044190495822871156
-12.141570785392696	4.0342610191479444e-05	0.0004479991628530966
-12.12856428214107	4.041850788005785e-05	0.00044530778097229273
-12.115557778889444	4.049462143529414e-05	0.0004356449664101314
-12.102551275637818	4.0570951685192647e-05	0.00042680631166713834
-12.089544772386192	4.0647499457757696e-05	0.0004282503320296449
-12.076538269134566	4.072426558643372e-05	0.00044556717237409504
-12.063531765882942	4.0801250906774555e-05	0.00047930325243839
-12.050525262631316	4.0878456255444284e-05	0.0005235408692840782
-12.03751875937969	4.0955882481208405e-05	0.0005647425818526841
-12.024512256128064	4.103353042950175e-05	0.0005905062138620298
-12.011505752876438	4.1111400956639343e-05	0.0006030294072759679
-11.998499249624812	4.118949491360713e-05	0.000611898747908235
-11.985492746373186	4.1267813166379064e-05	0.0006188716457287136
-11.97248624312156	4.134635657793151e-05	0.0006238779768398262
-11.959479739869934	4.142512601557069e-05	0.0006367445098353075
-11.94647323661831	4.150412235326417e-05	0.0006714192727862445
-11.933466733366684	4.1583346472973126e-05	0.0007354570773265845
-11.920460230115058	4.166279924788796e-05	0.0008243649800508956
-11.907453726863432	4.174248157307048e-05	0.0009170836402608851
-11.894447223611806	4.182239433281332e-05	0.0009831758160113724
-11.88144072036018	4.190253842628611e-05	0.0010060536344399518
-11.868434217108554	4.198291474866167e-05	0.0009891053615133094
-11.855427713856928	4.206352420643711e-05	0.0009487036600300813
-11.842421210605302	4.214436770477725e-05	0.0009138507100688864
-11.829414707353678	4.222544616128143e-05	0.000912428508532015
-11.816408204102052	4.230676048588844e-05	0.0009591395053076823
-11.803401700850426	4.238831160285894e-05	0.001054583135844278
-11.7903951975988	4.247010044422517e-05	0.0011813605107906522
-11.777388694347174	4.2552127928474626e-05	0.0013006374267041654
-11.764382191095548	4.263439500240551e-05	0.0013734459425093215
-11.751375687843922	4.2716902596051654e-05	0.0013967091360771455
-11.738369184592296	4.2799651660541116e-05	0.0014000938678415675
-11.72536268134067	4.2882643143116184e-05	0.001399822676862561
-11.712356178089045	4.296587799390572e-05	0.0013724820229412682
-11.699349674837418	4.3049357178026604e-05	0.0012918941839342724
-11.686343171585793	4.313308165215801e-05	0.001165374682133291
-11.673336668334167	4.3217052385524646e-05	0.00101312488162697
-11.660330165082541	4.3301270355566857e-05	0.0008542631656116573
-11.647323661830915	4.338573653217548e-05	0.0007092544672115952
-11.63431715857929	4.347045190378207e-05	0.0005903466446940397
-11.621310655327663	4.355541745493241e-05	0.0004983845242625407
-11.608304152076037	4.36406341827178e-05	0.00042866160381005436
-11.595297648824411	4.3726103074903655e-05	0.00037571401471792054
-11.582291145572785	4.3811825141237826e-05	0.00033504911475989996
-11.569284642321161	4.389780138713828e-05	0.0003033561004255336
-11.556278139069535	4.398403282335206e-05	0.0002782802746099655
-11.54327163581791	4.4070520468286745e-05	0.0002581562879363508
-11.530265132566283	4.415726534390263e-05	0.00024179765683041143
-11.517258629314657	4.4244268477267035e-05	0.00022834818097916543
-11.504252126063031	4.433153090410702e-05	0.00021718081528832034
-11.491245622811405	4.4419053658817376e-05	0.00020782937974850313
-11.47823911955978	4.4506837784008546e-05	0.00019994222560537622
-11.465232616308153	4.4594884331061735e-05	0.00019325046725648942
-11.452226113056529	4.4683194352246325e-05	0.00018754591664371656
-11.439219609804903	4.477176890615997e-05	0.00018266554403834068
-11.426213106553277	4.486060905595224e-05	0.0001784803838319471
-11.413206603301651	4.494971587432062e-05	0.0001748875093442459
-11.400200100050025	4.503909043573895e-05	0.0001718041565619277
-11.387193596798399	4.5128733817456634e-05	0.0001691633741705001
-11.374187093546773	4.521864710960166e-05	0.00016691077338837346
-11.361180590295147	4.530883139897135e-05	0.00016500208212455458
-11.348174087043521	4.539928778946045e-05	0.0001634012971103438
-11.335167583791897	4.5490017377858294e-05	0.0001620792887054856
-11.32216108054027	4.558102127660835e-05	0.0001610127565393471
-11.309154577288645	4.567230059604466e-05	0.00016018346519253157
-11.296148074037019	4.5763856459601904e-05	0.00015957771267904874
-11.283141570785393	4.5855689988827386e-05	0.00015918600332986976
-11.270135067533767	4.594780231859108e-05	0.0001590029129536763
-11.25712856428214	4.604019458409603e-05	0.00015902715017968028
-11.244122061030515	4.613286792820581e-05	0.00015926183550762918
-11.231115557778889	4.622582350000126e-05	0.00015971504139056236
-11.218109054527265	4.631906245333717e-05	0.00016040066609401826
-11.205102551275637	4.64125859499509e-05	0.0001613397560521479
-11.192096048024013	4.650639515468846e-05	0.00016256245404411285
-11.179089544772387	4.660049124272092e-05	0.00016411084566003709
-11.16608304152076	4.6694875388553214e-05	0.00016604312436152568
-11.153076538269135	4.678954878167829e-05	0.00016843972606472857
-11.140070035017509	4.6884512609812745e-05	0.00017141244409968337
-11.127063531765883	4.697976807088722e-05	0.00017511808517001182
-11.114057028514257	4.707531636849449e-05	0.00017977901926113926
-11.10105052526263	4.7171158711112327e-05	0.00018571393760824506
-11.088044022011005	4.726729631499005e-05	0.00019338262484436264
-11.07503751875938	4.736373040215014e-05	0.00020344586387743835
-11.062031015507754	4.7460462201054376e-05	0.00021682618791396546
-11.049024512256128	4.755749294849121e-05	0.00023469765482808658
-11.036018009004502	4.765482387936171e-05	0.0002581609015859243
-11.023011505752876	4.7752456248773e-05	0.000287001851985047
-11.01000500250125	4.785039130938973e-05	0.0003168884485010848
-10.996998499249624	4.794863031987173e-05	0.00033716627428181933
-10.983991995997998	4.804717454920393e-05	0.0003369849066885422
-10.970985492746372	4.8146025268147596e-05	0.00031774528276828917
-10.957978989494748	4.824518376300713e-05	0.00029128764571872967
-10.944972486243122	4.834465132008692e-05	0.0002672360727362655
-10.931965982991496	4.8444429231020436e-05	0.00024894337287717505
-10.91895947973987	4.854451879676702e-05	0.0002362657547638758
-10.905952976488244	4.8644921328389046e-05	0.0002280908251450775
-10.892946473236618	4.874563814094568e-05	0.00022335016812802255
-10.879939969984992	4.8846670552826765e-05	0.0002212586295631258
-10.866933466733366	4.894801989441255e-05	0.00022130746722826
-10.85392696348174	4.90496875030777e-05	0.000223211008886115
-10.840920460230116	4.915167472152593e-05	0.0002268638883657914
-10.827913956978488	4.9253982899011284e-05	0.00023232081920487868
-10.814907453726864	4.935661339133812e-05	0.00023980010459700996
-10.801900950475238	4.945956757018699e-05	0.00024971083626046386
-10.788894447223612	4.956284679535905e-05	0.0002627016399180393
-10.775887943971986	4.966645245974011e-05	0.00027971441413543463
-10.76288144072036	4.977038593712013e-05	0.0003019721785090246
-10.749874937468734	4.987464863037694e-05	0.00033068034442795824
-10.736868434217108	4.997924193594905e-05	0.0003659825348353296
-10.723861930965484	5.008416726748344e-05	0.0004049670873469413
-10.710855427713856	5.018942603463028e-05	0.0004405177573194585
-10.697848924462232	5.0295019669799323e-05	0.0004638914686139195
-10.684842421210606	5.040094959762875e-05	0.0004700144985607668
-10.67183591795898	5.050721726207463e-05	0.0004630548763924214
-10.658829414707354	5.0613824107759164e-05	0.00045483670120227693
-10.645822911455728	5.0720771589296554e-05	0.0004553756942771159
-10.632816408204102	5.082806116962768e-05	0.00046827140022032143
-10.619809904952476	5.093569432446099e-05	0.0004909945237755453
-10.606803401700851	5.104367252695141e-05	0.0005152698235993958
-10.593796898449224	5.1151997265130866e-05	0.0005317620311507953
-10.5807903951976	5.126067003458079e-05	0.0005403607622268547
-10.567783891945973	5.136969233965338e-05	0.0005508824799566048
-10.554777388694347	5.1479065686255154e-05	0.0005728539696596702
-10.541770885442721	5.1588791598611294e-05	0.0006100176907316568
-10.528764382191095	5.169887160616504e-05	0.0006601080877202126
-10.51575787893947	5.180930723858168e-05	0.0007166226182674373
-10.502751375687843	5.1920100042956996e-05	0.0007766400439490617
-10.489744872436217	5.203125157393629e-05	0.0008491534945844759
-10.476738369184591	5.214276338971757e-05	0.0009504200064490709
-10.463731865932967	5.2254637063486875e-05	0.0010942597627873196
-10.450725362681341	5.2366874169984534e-05	0.001285724842742142
-10.437718859429715	5.2479476298272765e-05	0.001511986214530081
-10.42471235617809	5.2592445044741254e-05	0.001735850391924032
-10.411705852926463	5.270578201266307e-05	0.0019127839478995101
-10.398699349674837	5.2819488816746585e-05	0.002016644612149787
-10.385692846423211	5.293356708047092e-05	0.0020520888120172387
-10.372686343171585	5.304801842909157e-05	0.0020646365718918203
-10.35967983991996	5.316284451184483e-05	0.002104474457182204
-10.346673336668335	5.3278046970528514e-05	0.0021784163017837255
-10.333666833416707	5.339362746881182e-05	0.002256320612047613
-10.320660330165083	5.350958767291747e-05	0.002294591414809366
-10.307653826913457	5.36259292571728e-05	0.002255293005291148
-10.294647323661831	5.3742653912669525e-05	0.002129345297350982
-10.281640820410205	5.385976333216469e-05	0.0019485021351821619
-10.268634317158579	5.397725921996166e-05	0.0017759013601021945
-10.255627813906953	5.409514329335341e-05	0.0016660322600327016
-10.242621310655327	5.421341727485096e-05	0.001644998766631045
-10.229614807403703	5.4332082900843126e-05	0.0017215756074864252
-10.216608304152075	5.4451141912048584e-05	0.001895733819549883
-10.20360180090045	5.457059606328585e-05	0.0021490991255528336
-10.190595297648825	5.4690447118699304e-05	0.0024240468295053663
-10.177588794397199	5.4810696850982055e-05	0.00262807524210662
-10.164582291145573	5.493134704115388e-05	0.0026849278720840752
-10.151575787893947	5.50523994854446e-05	0.0025768674987141083
-10.13856928464232	5.517385598463598e-05	0.0023448844881661657
-10.125562781390695	5.52957183537206e-05	0.0020512460707707847
-10.11255627813907	5.541798841657286e-05	0.0017488948484866151
-10.099549774887443	5.554066800594892e-05	0.0014800799418936972
-10.086543271635819	5.566375897114728e-05	0.0012687293828912427
-10.073536768384193	5.5787263159468026e-05	0.0011180604196124877
-10.060530265132567	5.5911182441192864e-05	0.0010212757931472582
-10.04752376188094	5.603551869071133e-05	0.0009710419371142809
-10.034517258629315	5.616027379728994e-05	0.0009633987761178409
-10.021510755377689	5.6285449658188824e-05	0.00099846492656408
-10.008504252126063	5.6411048176663314e-05	0.0010791747327478785
-9.995497748874437	5.653707127761809e-05	0.0012064939682033815
-9.98249124562281	5.66635208892885e-05	0.0013679411133000752
-9.969484742371186	5.6790398951678256e-05	0.0015246999845714981
-9.95647823911956	5.691770741911295e-05	0.001626114811215884
-9.943471735867934	5.704544825357871e-05	0.0016529744797698642
-9.930465232616308	5.717362343293786e-05	0.0016099335167562012
-9.917458729364682	5.7302234941047914e-05	0.001489297257306843
-9.904452226113056	5.7431284774644986e-05	0.0013022805158191542
-9.89144572286143	5.7560774946341375e-05	0.0010971189994657404
-9.878439219609804	5.769070747363436e-05	0.0009159227510625589
-9.865432716358178	5.7821084389453326e-05	0.0007726937894217967
-9.852426213106554	5.79519077399393e-05	0.0006643551435092654
-9.839419709854928	5.808317958211351e-05	0.0005831536049331065
-9.826413206603302	5.8214901979658507e-05	0.0005218785676157633
-9.813406703351676	5.834707701701802e-05	0.0004750397339798873
-9.80040020010005	5.8479706783409746e-05	0.0004387195588855253
-9.787393696848424	5.861279338470471e-05	0.00041017208982918607
-9.774387193596798	5.8746338935988796e-05	0.00038746924428045837
-9.761380690345172	5.888034557066657e-05	0.00036924348480849023
-9.748374187093546	5.9014815427804734e-05	0.00035451188931723276
-9.735367683841922	5.914975065557382e-05	0.0003425581131484279
-9.722361180590294	5.928515342767948e-05	0.00033285325609988536
-9.70935467733867	5.9421025921158055e-05	0.00032500242844535343
-9.696348174087044	5.955737032781183e-05	0.0003187082940790953
-9.683341670835418	5.9694188853320895e-05	0.00031374592784350064
-9.670335167583792	5.9831483718131295e-05	0.00030994531881223253
-9.657328664332166	5.996925714590873e-05	0.00030717913492950277
-9.64432216108054	6.0107511385298906e-05	0.0003053541923986325
-9.631315657828914	6.024624869682693e-05	0.0003044056145652396
-9.61830915457729	6.0385471345347774e-05	0.0003042930278255307
-9.605302651325662	6.052518162025233e-05	0.00030499839562070363
-9.592296148074038	6.0665381817037733e-05	0.00030652528182772976
-9.579289644822412	6.080607424496787e-05	0.00030889949388290816
-9.566283141570786	6.09472612360662e-05	0.00031217121032689477
-9.55327663831916	6.108894511802632e-05	0.0003164188724215089
-9.540270135067534	6.123112825584531e-05	0.00032175534544032214
-9.527263631815908	6.137381301052347e-05	0.0003283371744098318
-9.514257128564282	6.151700176126873e-05	0.00033637823424759183
-9.501250625312656	6.166069690838327e-05	0.00034616980275781195
-9.48824412206103	6.180490086005186e-05	0.00035811021610565597
-9.475237618809405	6.194961603755988e-05	0.0003727490160395641
-9.46223111555778	6.209484488373107e-05	0.0003908531274190441
-9.449224612306153	6.224058984871661e-05	0.0004135062335086648
-9.436218109054527	6.238685340265171e-05	0.0004422563295688464
-9.423211605802901	6.25336380292163e-05	0.00047932580389598023
-9.410205102551275	6.268094622530196e-05	0.0005278753074761111
-9.39719859929965	6.282878050212215e-05	0.0005922066558667893
-9.384192096048023	6.297714339109639e-05	0.0006774258303564595
-9.371185592796397	6.312603743285905e-05	0.0007871013316236297
-9.358179089544773	6.327546519191429e-05	0.000915909589791597
-9.345172586293147	6.342542923698513e-05	0.0010366703414125267
-9.332166083041521	6.35759321613305e-05	0.0010998276547310448
-9.319159579789895	6.372697656931159e-05	0.0010749768102467083
-9.30615307653827	6.387856508804912e-05	0.0009894786430494351
-9.293146573286643	6.403070034455283e-05	0.0008943932438413293
-9.280140070035017	6.41833850040241e-05	0.0008201472317488356
-9.267133566783391	6.433662173266352e-05	0.0007746197824106682
-9.254127063531765	6.449041321421323e-05	0.000756300990199632
-9.241120560280141	6.464476215728432e-05	0.0007623674325546448
-9.228114057028513	6.47996712753729e-05	0.000791573003266155
-9.215107553776889	6.495514331017471e-05	0.0008450686338661306
-9.202101050525263	6.511118101326652e-05	0.0009267248717986787
-9.189094547273637	6.526778715243431e-05	0.0010433148300511563
-9.176088044022011	6.542496451800162e-05	0.0012039358600427486
-9.163081540770385	6.558271591805553e-05	0.001416332188054148
-9.150075037518759	6.57410441643469e-05	0.00167515389190398
-9.137068534267133	6.589995210704025e-05	0.0019406638288623768
-9.124062031015509	6.60594425970773e-05	0.0021365707355043284
-9.111055527763881	6.621951851160102e-05	0.002217956997285442
-9.098049024512257	6.638018274018886e-05	0.0022393325270060327
-9.08504252126063	6.654143819784242e-05	0.0022983253914975466
-9.072036018009005	6.670328781188672e-05	0.002448120711477708
-9.059029514757379	6.686573452896472e-05	0.002668098379675077
-9.046023011505753	6.702878131514822e-05	0.0028645806381131234
-9.033016508254127	6.719243115249629e-05	0.002918945064246836
-9.0200100050025	6.73566870491582e-05	0.002795701752084989
-9.007003501750876	6.752155202116583e-05	0.002587194164098916
-8.993996998499249	6.768702911263969e-05	0.002416162975923841
-8.980990495247624	6.785312138202215e-05	0.002348605420191552
-8.967983991995997	6.80198319100711e-05	0.0023939373370573946
-8.954977488744372	6.818716379186629e-05	0.002530258875973024
-8.941970985492746	6.835512015146428e-05	0.0027300123767962647
-8.92896448224112	6.852370411936093e-05	0.00297757935044074
-8.915957978989494	6.869291885946982e-05	0.003258948006932383
-8.902951475737868	6.886276754813903e-05	0.0035405548929891006
-8.889944972486244	6.903325338392108e-05	0.003749147838556066
-8.876938469234616	6.920437957957937e-05	0.003802391628506485
-8.863931965982992	6.937614938062886e-05	0.0036813528345482904
-8.850925462731364	6.954856604579618e-05	0.0034433758412677484
-8.83791895947974	6.972163285612343e-05	0.003177865262444235
-8.824912456228114	6.989535310486517e-05	0.002953892416242332
-8.811905952976488	7.00697301233566e-05	0.0027808303007882396
-8.798899449724862	7.024476725259188e-05	0.0026241643104693013
-8.785892946473236	7.042046785787903e-05	0.00246601108276856
-8.772886443221612	7.059683532562033e-05	0.002325129324762143
-8.759879939969984	7.077387306464455e-05	0.0022333087400989715
-8.74687343671836	7.095158450609595e-05	0.002209182725835035
-8.733866933466732	7.112997310465552e-05	0.002233363384457343
-8.720860430215108	7.130904232999224e-05	0.0022522106601662317
-8.707853926963482	7.148879568530386e-05	0.002236417811665836
-8.694847423711856	7.16692366862226e-05	0.0022214727146520064
-8.68184092046023	7.185036888157637e-05	0.002251445947876518
-8.668834417208604	7.203219583096221e-05	0.00230767010424604
-8.655827913956978	7.221472112650673e-05	0.002303384674472997
-8.642821410705352	7.239794838376223e-05	0.002160910667776683
-8.629814907453728	7.25818812356005e-05	0.001898592775613328
-8.6168084042021	7.276652334342604e-05	0.0016026134685509508
-8.603801900950476	7.295187839195805e-05	0.0013398056153149929
-8.59079539769885	7.313795008578872e-05	0.0011313780644210958
-8.577788894447224	7.332474216203977e-05	0.0009730457366117218
-8.564782391195598	7.351225837604058e-05	0.0008537250515020522
-8.551775887943972	7.370050250765647e-05	0.000763101671519606
-8.538769384692346	7.388947836550752e-05	0.0006933155152928361
-8.52576288144072	7.40791897805293e-05	0.0006387491112460619
-8.512756378189096	7.426964061429953e-05	0.0005954557914649161
-8.499749874937468	7.446083474005327e-05	0.0005606559073702
-8.486743371685844	7.465277607399123e-05	0.0005323702947671594
-8.473736868434216	7.48454685481903e-05	0.0005091695130116092
-8.460730365182592	7.503891612004043e-05	0.000490005403643079
-8.447723861930966	7.523312278190364e-05	0.0004740979623760744
-8.43471735867934	7.542809254179605e-05	0.0004608587404503206
-8.421710855427714	7.562382944459323e-05	0.0004498383622945079
-8.408704352176088	7.582033755171302e-05	0.0004406900891753551
-8.395697848924463	7.601762096387521e-05	0.0004331441872742481
-8.382691345672836	7.621568379745369e-05	0.0004269896741608825
-8.369684842421211	7.641453020301725e-05	0.0004220611831098342
-8.356678339169584	7.661416435866819e-05	0.0004182294375263407
-8.34367183591796	7.681459046904315e-05	0.0004153943204265875
-8.330665332666333	7.701581276831071e-05	0.0004134798508553805
-8.317658829414707	7.721783551750683e-05	0.000412430600448932
-8.304652326163081	7.742066301019701e-05	0.00041220923733475967
-8.291645822911455	7.762429956337247e-05	0.00041279499576984957
-8.278639319659831	7.782874952755314e-05	0.0004141829550255993
-8.265632816408203	7.803401728312398e-05	0.0004163840822462017
-8.25262631315658	7.824010723400665e-05	0.00041942606053446685
-8.239619809904951	7.844702382309166e-05	0.0004233549945409365
-8.226613306653327	7.865477151614009e-05	0.00042823817127080055
-8.213606803401701	7.886335481566142e-05	0.00043416816625385657
-8.200600300150075	7.907277824992232e-05	0.00044126874337546695
-8.18759379689845	7.928304637816463e-05	0.00044970322805915064
-8.174587293646823	7.949416379504637e-05	0.00045968638198878864
-8.161580790395197	7.970613512253699e-05	0.00047150134197138094
-8.148574287143571	7.99189650165788e-05	0.00048552401564050385
-8.135567783891947	8.013265816608772e-05	0.0005022586226228754
-8.12256128064032	8.03472192889565e-05	0.0005223900818742688
-8.109554777388695	8.056265313804989e-05	0.0005468619887707415
-8.096548274137069	8.077896450064959e-05	0.0005769931952386287
-8.083541770885443	8.099615819101569e-05	0.0006146507722366579
-8.070535267633817	8.121423906404246e-05	0.0006624977704822177
-8.057528764382191	8.143321200382303e-05	0.0007243122179466654
-8.044522261130565	8.165308193019971e-05	0.0008052661616835266
-8.031515757878939	8.187385379643253e-05	0.0009116735080503258
-8.018509254627315	8.209553259053148e-05	0.0010486498793980115
-8.005502751375687	8.231812333725497e-05	0.001212263275831682
-7.992496248124062	8.254163109255863e-05	0.0013744002133331268
-7.979489744872436	8.276606095225514e-05	0.0014781934956963338
-7.966483241620811	8.299141804057886e-05	0.0014819717700815804
-7.953476738369185	8.321770752950375e-05	0.0014123969958790283
-7.940470235117559	8.34449346145405e-05	0.001333180275808199
-7.927463731865933	8.367310453616383e-05	0.0012879668208686246
-7.914457228614307	8.390222257093072e-05	0.001293351756368466
-7.901450725362682	8.413229402981504e-05	0.0013548383832405753
-7.888444222111056	8.436332426497994e-05	0.0014772073163086263
-7.87543771885943	8.459531865878667e-05	0.0016655848336925017
-7.862431215607804	8.48282826442226e-05	0.0019164952753824016
-7.8494247123561784	8.506222168258581e-05	0.0021979809560345176
-7.8364182091045524	8.529714127625265e-05	0.00244095263541122
-7.8234117058529264	8.553304696845565e-05	0.0025925243681984567
-7.8104052026013004	8.576994434261742e-05	0.0026829542536559448
-7.7973986993496744	8.600783902212861e-05	0.002769578379118842
-7.784392196098049	8.62467366674613e-05	0.002837395619908145
-7.771385692846423	8.648664298083197e-05	0.0028212746945445177
-7.758379189594797	8.672756370886603e-05	0.002719625110037982
-7.745372686343171	8.696950463549236e-05	0.0026056466791939403
-7.732366183091545	8.721247158749446e-05	0.002526362032436835
-7.71935967983992	8.745647043606475e-05	0.0024668368115836614
-7.706353176588294	8.770150708903302e-05	0.0024098896179666207
-7.693346673336668	8.794758750352294e-05	0.0023851297233655755
-7.680340170085042	8.819471767529397e-05	0.0024406541145859384
-7.667333666833416	8.844290364484753e-05	0.002605266426382591
-7.654327163581791	8.869215149986953e-05	0.0028793243212531516
-7.641320660330165	8.894246736568245e-05	0.003234997297911657
-7.628314157078539	8.919385741779084e-05	0.003635011874988381
-7.615307653826913	8.944632787633022e-05	0.0040527806445973535
-7.602301150575288	8.969988500384662e-05	0.004427986764406477
-7.589294647323662	8.995453510962648e-05	0.004638799937026761
-7.576288144072036	9.021028455336033e-05	0.0046054875345997726
-7.56328164082041	9.046713973204223e-05	0.004386947612602832
-7.550275137568784	9.072510710417259e-05	0.00411307150290996
-7.537268634317159	9.098419316211359e-05	0.0038759789367498465
-7.524262131065533	9.124440445129611e-05	0.0037133137321659904
-7.511255627813907	9.150574757021968e-05	0.0036228056340467107
-7.498249124562281	9.176822915535343e-05	0.003558188480871971
-7.485242621310655	9.203185590367369e-05	0.0034800222064090836
-7.47223611805903	9.229663455956327e-05	0.003410564414613959
-7.459229614807404	9.256257190792816e-05	0.0033748881898653105
-7.446223111555778	9.28296747948476e-05	0.003335932466892344
-7.433216608304152	9.309795011380739e-05	0.003244237496921043
-7.420210105052526	9.336740481213912e-05	0.0031185250765699557
-7.407203601800901	9.363804588247149e-05	0.003014004650011448
-7.394197098549275	9.390988037838444e-05	0.002927841376261453
-7.381190595297649	9.418291539997625e-05	0.002796128398764086
-7.368184092046023	9.44571581039666e-05	0.002581994397978571
-7.3551775887943975	9.473261570036584e-05	0.00230632813095466
-7.3421710855427715	9.500929545347425e-05	0.0020066094548796265
-7.3291645822911455	9.528720468321428e-05	0.001721879607962773
-7.3161580790395195	9.55663507604676e-05	0.0014806689425462816
-7.3031515757878935	9.584674112295133e-05	0.001290342718787807
-7.290145072536268	9.61283832493498e-05	0.0011444929462167686
-7.277138569284642	9.641128468640403e-05	0.001033132826392058
-7.264132066033016	9.669545303869764e-05	0.0009473940737096953
-7.25112556278139	9.698089595866488e-05	0.0008805473743074277
-7.238119059529764	9.726762117023835e-05	0.0008277492392060326
-7.225112556278139	9.755563644753273e-05	0.0007855575324849928
-7.212106053026513	9.78449496282785e-05	0.0007515155187480804
-7.199099549774887	9.813556860516215e-05	0.0007238497672782396
-7.186093046523261	9.842750133925993e-05	0.0007012623885551683
-7.173086543271635	9.872075584638207e-05	0.0006827903201394037
-7.16008004002001	9.901534020950731e-05	0.0006677099196298331
-7.147073536768384	9.931126256945699e-05	0.000655471747983527
-7.134067033516758	9.960853113322177e-05	0.0006456555168716793
-7.121060530265132	9.990715416885454e-05	0.0006379386491703887
-7.108054027013507	0.00010020714001279796	0.0006320741800774909
-7.095047523761881	0.00010050849705967035	0.0006278752053554548
-7.082041020510255	0.00010081123377381207	0.0006252040497795042
-7.069034517258629	0.00010111535868873034	0.000623964973553992
-7.056028014007003	0.00010142088039877262	0.0006240996811203159
-7.043021510755378	0.00010172780756934063	0.0006255852270297124
-7.030015007503752	0.00010203614892823065	0.0006284341850385511
-7.017008504252126	0.00010234591328184273	0.0006326972049073287
-7.0040020010005	0.00010265710949208806	0.0006384683704413474
-6.990995497748874	0.00010296974650425561	0.000645894143956216
-6.977988994497249	0.0001032838333252517	0.0006551872074777032
-6.964982491245623	0.0001035993790426959	0.0006666472950955793
-6.951975987993997	0.00010391639280438181	0.0006806923143366506
-6.938969484742371	0.00010423488383226598	0.0006979049111215385
-6.925962981490746	0.00010455486143368109	0.0007191024416619562
-6.91295647823912	0.00010487633497990867	0.0007454422859665133
-6.899949974987494	0.00010519931391395065	0.0007785789976186841
-6.886943471735868	0.0001055238077665166	0.0008208910001381575
-6.873936968484242	0.00010584982613093263	0.0008757764164161186
-6.860930465232617	0.00010617737868756638	0.0009479250560380237
-6.847923961980991	0.00010650647518839484	0.001043141016729865
-6.834917458729365	0.00010683712546655233	0.0011663370092568348
-6.821910955477739	0.00010716933943588636	0.0013145397308386153
-6.808904452226113	0.00010750312708507348	0.0014626238793633561
-6.7958979489744875	0.00010783849848672311	0.0015565020295001952
-6.7828914457228615	0.00010817546379737752	0.0015510788288419786
-6.7698849424712355	0.00010851403325218278	0.0014649086503866204
-6.7568784392196095	0.00010885421717188315	0.0013567975179696878
-6.7438719359679835	0.00010919602595438338	0.0012681542415565739
-6.730865432716358	0.00010953947009673115	0.0012119980291819266
-6.717858929464732	0.00010988456016491899	0.0011875773741277795
-6.704852426213106	0.00011023130682452642	0.001191232494308081
-6.69184592296148	0.00011057972082162415	0.0012205535545704027
-6.678839419709855	0.00011092981299354321	0.0012755214724224917
-6.665832916458229	0.0001112815942611034	0.0013588600767155956
-6.652826413206603	0.00011163507564349029	0.0014764026781611816
-6.639819909954977	0.00011199026824659786	0.0016375742331745657
-6.626813406703351	0.00011234718326635917	0.0018554209242377384
-6.613806903451726	0.00011270583199085582	0.0021441480650368216
-6.6008004002001	0.00011306622580820047	0.0025095054809264328
-6.587793896948474	0.00011342837619787716	0.0029288990644062984
-6.574787393696848	0.00011379229472863184	0.0033420040763656456
-6.561780890445222	0.0001141579930733494	0.0036953073414305315
-6.548774387193597	0.00011452548300205923	0.003983133114920379
-6.535767883941971	0.00011489477637993684	0.004182880678472833
-6.522761380690345	0.00011526588517485337	0.004221288470597551
-6.509754877438719	0.00011563882145237958	0.0040745058526966416
-6.496748374187093	0.0001160135973754528	0.003830440016125425
-6.483741870935468	0.00011639022522358378	0.003599327270109587
-6.470735367683842	0.00011676871736254757	0.003440013517848284
-6.457728864432216	0.000117149086276358	0.0033886272585191834
-6.44472236118059	0.00011753134454761671	0.0034739997958986857
-6.431715857928965	0.0001179155048643965	0.003695118011352916
-6.418709354677339	0.00011830158003323099	0.0040067696776731054
-6.405702851425713	0.0001186895829557999	0.0043347286007811014
-6.392696348174087	0.00011907952665157762	0.0046200434832419646
-6.379689844922461	0.00011947142425117185	0.004856835891843492
-6.366683341670836	0.00011986528899821103	0.005054941273229252
-6.35367683841921	0.00012026113424434826	0.005161942123946828
-6.340670335167584	0.00012065897346025256	0.005114228575805901
-6.327663831915958	0.00012105882023538683	0.0049389093759338865
-6.314657328664332	0.00012146068827256773	0.004729181828770912
-6.301650825412707	0.00012186459138996408	0.004551447801423358
-6.288644322161081	0.0001222705435325322	0.0044171007123552375
-6.275637818909455	0.00012267855876213485	0.00432322821492781
-6.262631315657829	0.0001230886512649798	0.004240189243276293
-6.249624812406203	0.00012350083534584666	0.004103037638652274
-6.2366183091545775	0.00012391512543874494	0.003877576423281792
-6.2236118059029515	0.0001243315361041386	0.0035872273189551107
-6.2106053026513255	0.00012475008202628146	0.0032644947578658323
-6.1975987993996995	0.00012517077802154386	0.0029354320756654895
-6.184592296148074	0.0001255936390359702	0.0026422279885476296
-6.171585792896448	0.00012601868014783246	0.0024206860061846136
-6.158579289644822	0.0001264459165633003	0.002271877773553199
-6.145572786393196	0.0001268753636272102	0.0021615341386902465
-6.13256628314157	0.00012730703682217737	0.0020411408054967772
-6.119559779889945	0.00012774095176215639	0.0018902445166695259
-6.106553276638319	0.0001281771242088725	0.0017298426708027836
-6.093546773386693	0.00012861557005383606	0.0015871212473492768
-6.080540270135067	0.00012905630533477375	0.0014727263743429253
-6.067533766883441	0.00012949934623673887	0.0013851754888093426
-6.054527263631816	0.00012994470908578304	0.0013192118192393298
-6.04152076038019	0.0001303924103494003	0.0012697060348061395
-6.028514257128564	0.00013084246665573396	0.0012326473061210486
-6.015507753876938	0.00013129489477015088	0.00120511283388669
-6.002501250625312	0.0001317497116141153	0.0011850155465094048
-5.989494747373687	0.00013220693426674313	0.001170867035822143
-5.976488244122061	0.00013266657995469888	0.0011616009174532094
-5.963481740870435	0.00013312866605852403	0.0011564505789646295
-5.950475237618809	0.00013359321013206582	0.0011548668299057319
-5.937468734367184	0.00013406022987616506	0.0011564631504918932
-5.924462231115558	0.0001345297431477599	0.001160979908418125
-5.911455727863932	0.00013500176797942576	0.0011682619533917027
-5.898449224612306	0.00013547632256949438	0.0011782462022613682
-5.88544272136068	0.0001359534252721728	0.001190957419369365
-5.872436218109055	0.00013643309461963682	0.0012065116441332124
-5.859429714857429	0.00013691534931148386	0.0012251278601732585
-5.846423211605803	0.00013740020822305965	0.0012471497669085396
-5.833416708354177	0.0001378876903963544	0.0012730811642206463
-5.820410205102551	0.00013837781506120805	0.0013036408282571799
-5.807403701850926	0.0001388706016129948	0.0013398462846291315
-5.7943971985993	0.00013936606963971254	0.001383141069915439
-5.781390695347674	0.00013986423890655075	0.001435587032019514
-5.768384192096048	0.00014036512936244083	0.0015001499165181453
-5.755377688844422	0.00014086876114338676	0.0015811023647640532
-5.742371185592797	0.00014137515457768313	0.0016845135138534584
-5.729364682341171	0.0001418843301785877	0.0018185567782632583
-5.716358179089545	0.00014239630866341724	0.0019925761387373786
-5.703351675837919	0.00014291111092845643	0.002211806522760873
-5.6903451725862935	0.00014342875808237565	0.002461953324641386
-5.6773386693346675	0.0001439492714271351	0.002685155018051777
-5.6643321660830415	0.0001444726724715295	0.0027879069648469867
-5.6513256628314155	0.00014499898291708835	0.00272715398310841
-5.6383191595797895	0.00014552822468816284	0.0025658160585881884
-5.625312656328164	0.00014606041990850027	0.002395322121532928
-5.612306153076538	0.00014659559091712016	0.002263640955184165
-5.599299649824912	0.00014713376026387337	0.0021798258416615424
-5.586293146573286	0.00014767495071754677	0.0021378172207701107
-5.57328664332166	0.0001482191852704151	0.002129313053121251
-5.560280140070035	0.00014876648712702778	0.002147774930497559
-5.547273636818409	0.0001493168797265243	0.002189001435227822
-5.534267133566783	0.00014987038672786834	0.0022508194168816553
-5.521260630315157	0.0001504270320235035	0.0023327195232286657
-5.508254127063532	0.00015098683973646665	0.002435641153119117
-5.495247623811906	0.00015154983422249746	0.002561939760308052
-5.48224112056028	0.0001521160400849153	0.002715542994629616
-5.469234617308654	0.00015268548215841005	0.0029023195684394487
-5.456228114057028	0.00015325818551925607	0.003130716903496311
-5.443221610805403	0.00015383417550329792	0.0034127605532620064
-5.430215107553777	0.00015441347768396785	0.0037655295634250185
-5.417208604302151	0.0001549961178910486	0.004213147125834316
-5.404202101050525	0.00015558212221100653	0.004788882630300528
-5.391195597798899	0.0001561715169879907	0.005535386023084232
-5.378189094547274	0.00015676432882827385	0.006497006772855696
-5.365182591295648	0.00015736058459914215	0.007693125132455569
-5.352176088044022	0.00015796031144554856	0.009074673949292178
-5.339169584792396	0.00015856353677190516	0.010521138014068954
-5.32616308154077	0.00015917028826617496	0.011914996594321714
-5.313156578289145	0.00015978059388732646	0.013182711920718182
-5.300150075037519	0.00016039448188764904	0.01431843138275346
-5.287143571785893	0.00016101198078910528	0.015417189127298725
-5.274137068534267	0.00016163311941364	0.016441456406218746
-5.261130565282642	0.00016225792686563878	0.016919293417011927
-5.248124062031016	0.00016288643255357727	0.01630324362786295
-5.23511755877939	0.00016351866618036226	0.01469470089664393
-5.222111055527764	0.00016415465775554416	0.012758500309089538
-5.209104552276138	0.00016479443758588008	0.011066092056625232
-5.1960980490245126	0.00016543803630120202	0.009840249067780804
-5.1830915457728866	0.00016608548483831864	0.009088024349926616
-5.1700850425212606	0.00016673681445111832	0.008756430673198534
-5.1570785392696346	0.00016739205672067214	0.008805496727080198
-5.1440720360180086	0.00016805124354934975	0.00923098830340252
-5.131065532766383	0.00016871440717258768	0.010068305707936931
-5.118059029514757	0.00016938158016066573	0.011384001582027015
-5.105052526263131	0.00017005279542092744	0.013235687043219535
-5.092046023011505	0.00017072808620310909	0.01555414004531952
-5.079039519759879	0.00017140748610877665	0.017938140671348912
-5.066033016508254	0.00017209102908510854	0.019609625796913943
-5.053026513256628	0.00017277874943988358	0.019936861601285383
-5.040020010005002	0.00017347068183837244	0.019115666082795246
-5.027013506753376	0.00017416686131599413	0.018019070507262036
-5.014007003501751	0.00017486732327176568	0.017446860747985182
-5.001000500250125	0.00017557210348584373	0.017759740223992848
-4.987993996998499	0.00017628123811308516	0.01890599857485642
-4.974987493746873	0.00017699476369426037	0.020369557820252293
-4.961980990495247	0.00017771271716571224	0.021158688725875896
-4.948974487243621	0.00017843513584614445	0.020482538841935516
-4.935967983991995	0.00017916205746437708	0.01863683186355547
-4.922961480740369	0.0001798935201500207	0.016584313952488494
-4.909954977488745	0.00018062956244735417	0.015004837394134052
-4.896948474237119	0.00018137022330655395	0.014110396540823578
-4.883941970985493	0.00018211554210445513	0.013852997989682536
-4.870935467733867	0.00018286555865187903	0.01404222511540798
-4.857928964482241	0.00018362031317831207	0.014404056852026947
-4.844922461230615	0.00018437984636043847	0.01478150469102757
-4.831915957978989	0.00018514419931248138	0.015311810521160485
-4.818909454727363	0.0001859134136074081	0.01622598108641382
-4.805902951475737	0.00018668753126382942	0.017522968527367122
-4.792896448224113	0.0001874665947684262	0.018868523635101275
-4.779889944972487	0.00018825064707106431	0.019842930986086582
-4.766883441720861	0.00018903973160033782	0.020292461415483465
-4.753876938469235	0.00018983389226245873	0.020295237416067757
-4.740870435217609	0.0001906331734553568	0.02013465136935444
-4.727863931965983	0.000191437620060686	0.020314582735769693
-4.714857428714357	0.000192247277466695	0.021249701866403847
-4.701850925462731	0.00019306219157388949	0.02302046996261753
-4.688844422211105	0.00019388240878748242	0.025351029219322085
-4.6758379189594805	0.0001947079760358239	0.027837258884513272
-4.6628314157078545	0.0001955389407817254	0.03026943774773072
-4.6498249124562285	0.00019637535101546533	0.03230069674848002
-4.6368184092046025	0.00019721725526955503	0.032988528265176065
-4.6238119059529765	0.00019806470263816767	0.03164565109038853
-4.6108054027013505	0.00019891774275782037	0.028900042093967904
-4.5977988994497245	0.0001997764258442336	0.0260312543213308
-4.5847923961980985	0.00020064080267312434	0.023765188075444144
-4.5717858929464725	0.00020151092461329068	0.022084520261228313
-4.5587793896948465	0.00020238684361906234	0.020744713410212
-4.545772886443222	0.0002032686122344085	0.019730598845955294
-4.532766383191596	0.00020415628362513427	0.019205844588348397
-4.51975987993997	0.00020504991155889662	0.019294674194527905
-4.506753376688344	0.00020594955042907426	0.020056969034440097
-4.493746873436718	0.00020685525526364934	0.021556935743484162
-4.480740370185092	0.00020776708173231295	0.023915429334871452
-4.467733866933466	0.00020868508615123904	0.027337791870827077
-4.45472736368184	0.0002096093254964071	0.032118497114281275
-4.441720860430214	0.00021053985741570358	0.038583509595200294
-4.42871435717859	0.00021147674023191954	0.04686721803458482
-4.415707853926964	0.0002124200329577386	0.056449741955687194
-4.402701350675338	0.00021336979530306444	0.0658085209514927
-4.389694847423712	0.0002143260876878994	0.0728870991105498
-4.376688344172086	0.00021528897124412083	0.07615320812519011
-4.36368184092046	0.0002162585078395729	0.07563568241407292
-4.350675337668834	0.00021723476007862175	0.07281029571777964
-4.337668834417208	0.00021821779131447894	0.06931243802504239
-4.324662331165582	0.00021920766565919347	0.06663164724143245
-4.311655827913956	0.00022020444800596728	0.0660135294519113
-4.298649324662332	0.00022120820402260488	0.06803027958540275
-4.285642821410706	0.00022221900017116436	0.0723497390683332
-4.27263631815908	0.00022323690372749727	0.07779143666575028
-4.259629814907454	0.00022426198277925025	0.08276110153522442
-4.246623311655828	0.0002252943062532875	0.08577109869724109
-4.233616808404202	0.000226333943906476	0.08588230292560761
-4.220610305152576	0.00022738096636532035	0.08240951668102015
-4.20760380190095	0.00022843544511608194	0.0750142380437353
-4.194597298649324	0.00022949745252798248	0.06499319764200617
-4.1815907953977	0.00023056706187385423	0.05486149717116551
-4.168584292146074	0.00023164434731659522	0.046459856007322164
-4.155577788894448	0.00023272938395624276	0.04033748372475121
-4.142571285642822	0.00023382224782531047	0.036338395432108594
-4.129564782391196	0.00023492301590444242	0.034162816207283564
-4.11655827913957	0.00023603176614206411	0.03360713738817911
-4.103551775887944	0.0002371485774611548	0.03463162700058087
-4.090545272636318	0.0002382735297878913	0.037372439032917315
-4.077538769384692	0.00023940670404654085	0.042122075405300774
-4.064532266133066	0.00024054818219698682	0.04921090448338716
-4.051525762881441	0.00024169804723528365	0.05858760590653089
-4.038519259629815	0.00024285638322074643	0.0688521099970959
-4.025512756378189	0.0002440232752745075	0.0763686402014786
-4.012506253126563	0.0002451988096185964	0.0770594435656019
-3.9994997498749374	0.0002463830735783823	0.07071134276432578
-3.9864932466233114	0.00024757615561188384	0.06102981007933794
-3.9734867433716854	0.00024877814531021336	0.051655828143822746
-3.9604802401200594	0.0002499891334289961	0.04434284579004755
-3.9474737368684334	0.0002512092118969189	0.039414149972831436
-3.934467233616809	0.00025243847385747475	0.03653377994592444
-3.921460730365183	0.0002536770136507549	0.03513881510116135
-3.908454227113557	0.0002549249268706255	0.034760664575436806
-3.895447723861931	0.00025618231035096084	0.03538289662043925
-3.882441220610305	0.0002574492622167135	0.037387405650819217
-3.869434717358679	0.00025872588187847434	0.04107110020348681
-3.856428214107053	0.0002600122700706642	0.04609194160272745
-3.843421710855427	0.0002613085288651895	0.05083979499059721
-3.830415207603801	0.0002626147616929808	0.05259924200531385
-3.817408704352175	0.00026393107337130406	0.049887314888898304
-3.804402201100551	0.0002652575701215243	0.04427281987515752
-3.791395697848925	0.0002665943595925313	0.03840113329774175
-3.778389194597299	0.00026794155088549765	0.03378350574471756
-3.765382691345673	0.0002692992545813011	0.0307851431727576
-3.752376188094047	0.0002706675827555127	0.029293944908530767
-3.739369684842421	0.00027204664901492315	0.029066897407377223
-3.726363181590795	0.00027343656851008813	0.029756559141092098
-3.713356678339169	0.0002748374579778501	0.03087378035996935
-3.700350175087543	0.0002762494357443357	0.03197148808931671
-3.6873436718359187	0.00027767262178146623	0.032952459138747225
-3.6743371685842927	0.0002791071377058474	0.03418068759772841
-3.6613306653326667	0.00028055310682173484	0.03633750189206475
-3.6483241620810407	0.0002820106541563394	0.04012646688412147
-3.6353176588294147	0.0002834799064667104	0.04616399747098765
-3.6223111555777887	0.00028496099229080585	0.05499087807016745
-3.6093046523261627	0.0002864540419665884	0.06678539639300296
-3.5962981490745367	0.00028795918767243744	0.08038314875403352
-3.5832916458229107	0.0002894765634380292	0.09197372663473491
-3.5702851425712847	0.0002910063052045109	0.09629777389868943
-3.5572786393196605	0.000292548550835936	0.091889619728724
-3.5442721360680345	0.0002941034401647835	0.0825804375265703
-3.5312656328164085	0.0002956711150191582	0.0724291598161716
-3.5182591295647825	0.00029725171926142657	0.06327941411645444
-3.5052526263131565	0.0002988453988211903	0.0558442855923309
-3.4922461230615305	0.00030045230173492143	0.0503229647078538
-3.4792396198099045	0.0003020725781822664	0.0466699635743999
-3.4662331165582785	0.00030370638052190646	0.044683179427551845
-3.4532266133066525	0.000305353863328639	0.04383442890843536
-3.4402201100550283	0.0003070151834444479	0.04355075952812837
-3.4272136068034023	0.0003086905000003748	0.0438027325989464
-3.4142071035517763	0.00031037997447602717	0.04514872355515309
-3.4012006003001503	0.00031208377072844407	0.04804967248684244
-3.3881940970485243	0.00031380205504061287	0.05197910930426963
-3.3751875937968983	0.00031553499616454594	0.054948498017665215
-3.3621810905452723	0.000317282765372906	0.054457079568355216
-3.3491745872936463	0.0003190455364873168	0.049928063187166805
-3.3361680840420203	0.00032082348594641985	0.04335725214691366
-3.3231615807903943	0.0003226167928377377	0.03703762078843953
-3.31015507753877	0.0003244256389581812	0.032031242888461264
-3.297148574287144	0.00032625020884691214	0.02845703180491932
-3.284142071035518	0.00032809068986250356	0.026103784061767832
-3.271135567783892	0.00032994727221180575	0.02473809988860376
-3.258129064532266	0.00033182014901600443	0.02419647987621043
-3.24512256128064	0.0003337095163556958	0.024398700475946722
-3.232116058029014	0.00033561557333805503	0.02534297346627945
-3.219109554777388	0.00033753852214624125	0.027097964688990173
-3.206103051525762	0.000339478568096796	0.029780657199061533
-3.193096548274138	0.00034143591970736686	0.03347703768797283
-3.180090045022512	0.00034341078874722264	0.0380327845833196
-3.167083541770886	0.0003454033903075304	0.042773790410819745
-3.15407703851926	0.0003474139428590872	0.046744878645139765
-3.141070535267634	0.000349442668322153	0.04989200790414694
-3.128064032016008	0.00035148979213550646	0.0535712839967154
-3.115057528764382	0.00035355554330884775	0.059476209489203735
-3.102051025512756	0.00035564015451916564	0.06879064266457313
-3.08904452226113	0.0003577438621594764	0.08190368307611906
-3.076038019009504	0.0003598669064179827	0.09756147475249799
-3.0630315157578796	0.00036200953136222846	0.11153154622013983
-3.0500250125062536	0.0003641719849979408	0.11793974607816948
-3.0370185092546276	0.00036635451936617436	0.1150932366443208
-3.0240120060030016	0.0003685573906149209	0.10718242880368323
-3.0110055027513756	0.0003707808590723838	0.09875822421774805
-2.9979989994997496	0.0003730251893483416	0.09206900447022881
-2.9849924962481236	0.0003752906504068676	0.08784710483337843
-2.9719859929964976	0.00037757751566425135	0.08516941555674407
-2.9589794897448716	0.00037988606306404993	0.081723397596419
-2.9459729864932473	0.0003822165751907747	0.07573383117755406
-2.9329664832416213	0.00038456933934505333	0.06736820956560619
-2.9199599799899953	0.0003869446476575389	0.05839754014497334
-2.9069534767383693	0.00038934279716629216	0.0506352570680515
-2.8939469734867433	0.0003917640899452346	0.04488959157755912
-2.8809404702351173	0.00039420883318352917	0.04119494496165843
-2.8679339669834913	0.0003966773393121459	0.039348223907045954
-2.8549274637318653	0.00039916992610178337	0.03919806670890358
-2.8419209604802393	0.0004016869167742243	0.04073532234707067
-2.8289144572286133	0.00040422864012423787	0.044086227225772046
-2.815907953976989	0.0004067954306320454	0.04940464680150647
-2.802901450725363	0.0004093876285951037	0.05657499476874572
-2.789894947473737	0.00041200558023091194	0.06478968376830929
-2.776888444222111	0.00041464963782422704	0.07271364864460561
-2.763881940970485	0.00041732015984274895	0.0795842200824689
-2.750875437718859	0.00042001751108866614	0.08509767804270496
-2.737868934467233	0.0004227420628089007	0.08814381493938706
-2.724862431215607	0.00042549419286574963	0.08795929747172049
-2.711855927963981	0.00042827428585878735	0.08502085269869786
-2.698849424712357	0.00043108273328218427	0.07919886362010276
-2.685842921460731	0.00043391993366981296	0.07033932661746223
-2.672836418209105	0.0004367862927673327	0.06018824033238812
-2.659829914957479	0.00043968222367296583	0.05100871784896277
-2.646823411705853	0.00044260814701146955	0.043859167277891076
-2.633816908454227	0.0004455644910985601	0.038765797685610504
-2.620810405202601	0.0004485516921199917	0.03538290891801721
-2.607803901950975	0.00045157019429853396	0.03332900866697275
-2.594797398699349	0.0004546204500920359	0.03228090188340338
-2.581790895447723	0.000457702920368952	0.031965868957303134
-2.5687843921960987	0.0004608180745979684	0.0320660592450428
-2.5557778889444727	0.00046396639105861226	0.03220671586069823
-2.5427713856928467	0.0004671483570297674	0.032218133962961804
-2.5297648824412207	0.00047036446901715934	0.0323139782338453
-2.5167583791895947	0.0004736152329448684	0.03286405173534701
-2.5037518759379687	0.0004769011643898091	0.034138130912336084
-2.4907453726863427	0.00048022278881121316	0.03630266654203862
-2.4777388694347167	0.0004835806417700095	0.03952044851768477
-2.4647323661830907	0.0004869752691838425	0.04402537766865411
-2.4517258629314664	0.0004904072275619953	0.05016128154837196
-2.4387193596798404	0.0004938770842569662	0.05837909965503407
-2.4257128564282144	0.0004973854177412473	0.06913374226695657
-2.4127063531765884	0.0005009328178487982	0.08259775346212572
-2.3996998499249624	0.0005045198860803568	0.0984087340000388
-2.3866933466733364	0.00050814723586734	0.11633081401414092
-2.3736868434217104	0.0005118154928633878	0.1375433618641846
-2.3606803401700844	0.0005155252952530054	0.1634406292939916
-2.3476738369184584	0.000519277294063647	0.1912934355555822
-2.3346673336668324	0.0005230721534631444	0.21099224621523505
-2.321660830415208	0.0005269105511184202	0.2106196580783778
-2.308654327163582	0.0005307931785016873	0.19010944732381074
-2.295647823911956	0.0005347207412583765	0.16148849498517137
-2.28264132066033	0.0005386939595631857	0.13555887646432208
-2.269634817408704	0.0005427135684749063	0.11653804912380239
-2.256628314157078	0.0005467803183276665	0.10479573224089223
-2.243621810905452	0.0005508949751260594	0.09967488626910725
-2.230615307653826	0.0005550583209364968	0.10055322924333643
-2.2176088044022	0.0005592711543066509	0.1068186900851884
-2.204602301150576	0.0005635342907017726	0.1171136034716388
-2.19159579789895	0.0005678485629390106	0.128335401954481
-2.178589294647324	0.000572214821644712	0.1363393293581422
-2.165582791395698	0.0005766339357202721	0.13860925966760118
-2.152576288144072	0.0005811067928375158	0.13434436911791559
-2.139569784892446	0.0005856342999273068	0.12360219194119737
-2.12656328164082	0.0005902173837021296	0.10897180417729202
-2.113556778389194	0.000594856991185666	0.09454954188153608
-2.100550275137568	0.0005995540902680174	0.083029829313081
-2.087543771885942	0.0006043096702660344	0.07515098309153767
-2.0745372686343178	0.0006091247425128454	0.07070298360145089
-2.0615307653826918	0.0006140003409587091	0.0693862626017222
-2.0485242621310658	0.0006189375228055072	0.07113165907145325
-2.0355177588794398	0.000623937369144234	0.07614840772642806
-2.0225112556278138	0.0006290009856235734	0.08488940155733626
-2.0095047523761878	0.0006341295031375704	0.0978282973607929
-1.9964982491245618	0.0006393240785458332	0.11473629561480736
-1.9834917458729358	0.0006445858954045036	0.1333439571729429
-1.9704852426213098	0.0006499161647210983	0.14886588281215207
-1.9574787393696855	0.0006553161257595308	0.1569974321446963
-1.9444722361180595	0.0006607870468333665	0.15805768638766882
-1.9314657328664335	0.0006663302261691317	0.1567163048012996
-1.9184592296148075	0.0006719469927615185	0.1570785507791711
-1.9054527263631815	0.0006776387072888745	0.15786029588010475
-1.8924462231115555	0.0006834067630367979	0.15305238714279834
-1.8794397198599295	0.0006892525868706922	0.13920299833743677
-1.8664332166083035	0.0006951776402397414	0.12011281407654739
-1.8534267133566775	0.0007011834202061973	0.10172269801417677
-1.8404202101050515	0.0007072714605248498	0.08706394077874513
-1.8274137068534273	0.0007134433327584677	0.07651677764699738
-1.8144072036018013	0.0007197006474269907	0.06944344101186273
-1.8014007003501753	0.0007260450552069031	0.0650398717038203
-1.7883941970985493	0.0007324782481674674	0.06257357170261357
-1.7753876938469233	0.0007390019610570286	0.061485797106043405
-1.7623811905952973	0.0007456179726431644	0.06149463141090383
-1.7493746873436713	0.0007523281070880294	0.06252524708898721
-1.7363681840920453	0.0007591342353895358	0.06458359831483829
-1.7233616808404193	0.0007660382768666096	0.06780460981852465
-1.710355177588795	0.0007730422007106164	0.07248774533723745
-1.697348674337169	0.0007801480275909656	0.07904471425597248
-1.684342171085543	0.0007873578313245533	0.0879900643021444
-1.671335667833917	0.0007946737406017146	0.10000469917430144
-1.658329164582291	0.0008020979408013273	0.11604978474153516
-1.645322661330665	0.0008096326758457728	0.13751449210199573
-1.632316158079039	0.0008172802501648091	0.16633033714318857
-1.619309654827413	0.0008250430307049639	0.20482899866183835
-1.606303151575787	0.0008329234490451753	0.25477515370026427
-1.593296648324161	0.0008409240035802679	0.31465545823995544
-1.5802901450725368	0.0008490472618027933	0.3761895675906958
-1.5672836418209108	0.000857295862676466	0.4271213149565244
-1.5542771385692848	0.0008656725191028558	0.4623619515602173
-1.5412706353176588	0.0008741800205022132	0.48300668623776466
-1.5282641320660328	0.0008828212354872189	0.4842230311423956
-1.5152576288144068	0.0008915991146560831	0.46070994531264653
-1.5022511255627808	0.0009005166935104336	0.4169711926891624
-1.4892446223111548	0.0009095770954860027	0.36551191739056055
-1.4762381190595288	0.000918783535117984	0.3205137798885416
-1.4632316158079046	0.0009281393213532718	0.29062114929988125
-1.4502251125562786	0.000937647860985269	0.27679739436651984
-1.4372186093046526	0.0009473126622578931	0.2732783207030246
-1.4242121060530266	0.0009571373386320081	0.2685814971015512
-1.4112056028014006	0.0009671256126974059	0.25205159560149804
-1.3981990995497746	0.0009772813202755248	0.22402625461385173
-1.3851925962981486	0.0009876084147171227	0.19368413028550757
-1.3721860930465226	0.00099811097136826	0.16858276374590675
-1.3591795897948966	0.001008793192277535	0.15137603159095148
-1.3461730865432706	0.0010196594110686297	0.1421156053080439
-1.3331665832916464	0.001030714098111174	0.1403453518049842
-1.3201600800400204	0.001041961865857699	0.1457889964569925
-1.3071535767883944	0.0010534074744968924	0.15792216185164254
-1.2941470735367684	0.00106505583783012	0.17440558759799818
-1.2811405702851424	0.0010769120294623624	0.1889669098691069
-1.2681340670335164	0.0010889812892758144	0.19287637029232496
-1.2551275637818904	0.0011012690302167893	0.18330481312895452
-1.2421210605302644	0.00111378084543301	0.16706853790862208
-1.2291145572786384	0.0011265225157497394	0.1527305089893265
-1.2161080540270142	0.0011395000175212777	0.14482042955594865
-1.2031015507753882	0.0011527195308889127	0.14481921309607093
-1.1900950475237622	0.0011661874484465429	0.15339444432660876
-1.1770885442721362	0.0011799103843612713	0.1714540346364457
-1.1640820410205102	0.001193895183945859	0.19995397519183644
-1.1510755377688842	0.001208148933768749	0.23805164399208922
-1.1380690345172582	0.0012226789722424858	0.27897358584965726
-1.1250625312656322	0.0012374929008224234	0.30689718826270707
-1.1120560280140062	0.0012525985957787533	0.30520187591978654
-1.099049524762382	0.0012680042206052455	0.2738508355645036
-1.086043021510756	0.001283718239120879	0.22935002227870005
-1.07303651825913	0.0012997494292626977	0.18725073924823366
-1.060030015007504	0.0013161068976709211	0.15391256017483745
-1.047023511755878	0.0013328000950855179	0.12965275644822905
-1.034017008504252	0.001349838832589656	0.11282735577331526
-1.021010505252626	0.0013672332988052815	0.10171642837465145
-1.008004002001	0.001384994078074686	0.09512399948395667
-0.9949974987493739	0.0014031321696865717	0.09246730230240474
-0.9819909954977479	0.0014216590082377634	0.09365310223607382
-0.9689844922461237	0.0014405864852011785	0.09897436943582183
-0.9559779889944977	0.0014599269717803232	0.10903436586615178
-0.9429714857428717	0.0014796933431495685	0.1244376458019757
-0.9299649824912457	0.0014998990041688032	0.14472945381694968
-0.9169584792396197	0.0015205579166920336	0.16612753431997174
-0.9039519759879937	0.001541684628552309	0.1800322149698016
-0.8909454727363677	0.0015632943044060488	0.17841238419095606
-0.8779389694847417	0.0015854027585069375	0.16324005696307442
-0.8649324662331157	0.0016080264895947938	0.14404271805696067
-0.8519259629814915	0.0016311827180632843	0.12819412643995443
-0.8389194597298655	0.0016548894255358215	0.11837204110148125
-0.8259129564782395	0.0016791653971033327	0.11487791601396224
-0.8129064532266135	0.0017040302663583473	0.11759326720852203
-0.7998999499749875	0.0017295045635088435	0.12680941880368157
-0.7868934467233615	0.0017556097667773551	0.14349793593558058
-0.7738869434717355	0.0017823683573682247	0.1692883542549446
-0.7608804402201095	0.0018098038782834447	0.20587750534427995
-0.7478739369684835	0.0018379409973281469	0.2528563466147168
-0.7348674337168575	0.0018668055746181578	0.3027301459234475
-0.7218609304652333	0.0018964247349985142	0.33657408031576674
-0.7088544272136073	0.0019268269457966003	0.3340768904968626
-0.6958479239619813	0.001958042100329016	0.29632669064399464
-0.6828414207103553	0.0019901016077442657	0.24432598143524042
-0.6698349174587293	0.00202303848966523	0.1960250217676719
-0.6568284142071033	0.002056887484337744	0.15795308967945831
-0.6438219109554773	0.0020916851588810292	0.1300059122868139
-0.6308154077038512	0.0021274700304733107	0.110171028590757
-0.6178089044522252	0.002164282697207587	0.09647497572713526
-0.604802401200601	0.0022021659796505055	0.08746188446862468
-0.591795897948975	0.002241165073999518	0.08219712446679184
-0.578789394697349	0.0022813277180780966	0.08018037319698867
-0.565782891445723	0.002322704371347961	0.08128070942892163
-0.552776388194097	0.0023653484103993705	0.08571872531227898
-0.539769884942471	0.0024093163414483643	0.09409547216582725
-0.526763381690845	0.002454668031578233	0.10744839432424846
-0.513756878439219	0.002501466960715737	0.12725183716192812
-0.500750375187593	0.002549780496509113	0.15508183171659562
-0.487743871935967	0.002599680194536047	0.19120489873798763
-0.4747373686843428	0.002651242126646025	0.23102295394009764
-0.4617308654327168	0.0027045472405143878	0.26102065179105727
-0.4487243621810908	0.0027596817538949603	0.26404760186013176
-0.4357178589294648	0.002816737587561957	0.23723563776291035
-0.4227113556778388	0.002875812841374059	0.19568264442464034
-0.4097048524262128	0.0029370123185522568	0.15501398617955198
-0.3966983491745868	0.00300044810393274	0.12186951179338767
-0.3836918459229608	0.003066240202730497	0.09674083552857848
-0.3706853426713348	0.0031345172472950766	0.07807982404777436
-0.35767883941971057	0.003205417280412126	0.06418214452740345
-0.34467233616808457	0.0032790886248930118	0.05369680384164155
-0.33166583291645857	0.0033556908507174077	0.045652666970589006
-0.31865932966483257	0.0034353958525967787	0.03937256926677912
-0.30565282641320657	0.0035183890528852624	0.034386081809622326
-0.29264632316158057	0.0036048707469840124	0.0303637885965099
-0.27963981990995457	0.0036950576112296796	0.027071987447967127
-0.26663331665832857	0.0037891843963900884	0.024342366786869185
-0.25362681340670257	0.003887505833744198	0.022051815394536822
-0.24062031015507657	0.0039902987852517	0.02010890480115257
-0.22761380690345234	0.004097864674739604	0.018444742295780303
-0.21460730365182634	0.004210532243420162	0.01700670056454401
-0.20160080040020034	0.004328660680919416	0.01575405924811002
-0.18859429714857434	0.004452643192154104	0.01465493275917007
-0.17558779389694834	0.004582911071798423	0.013684074890650377
-0.16258129064532234	0.004719938371606891	0.012821289155764193
-0.14957478739369634	0.004864247262530541	0.012050263171760167
-0.13656828414207034	0.00501641421380683	0.011357703731387336
-0.12356178089044434	0.005177077136096608	0.01073268773454028
-0.11055527763882012	0.005346943666378667	0.010166169915444057
-0.09754877438719411	0.005526800810328303	0.00965060574111909
-0.08454227113556811	0.005717526204978118	0.009179659806706764
-0.07153576788394211	0.0059201013235621325	0.00874797833796992
-0.058529264632316114	0.006135627018419076	0.008351010220271737
-0.04552276138069011	0.006365341891401699	0.007984865090753579
-0.03251625812906411	0.006610644099995788	0.007646199979574053
-0.019509754877438112	0.006873117359036174	0.007332128119150849
-0.006503251625812112	0.007154562092680727	0.0070401450980337454
0.006503251625813888	0.007457032943387509	0.006768068683716932
0.019509754877438112	0.007782884172512938	0.006513989491530925
0.03251625812906411	0.008134824916878336	0.0062762303159293875
0.04552276138069011	0.008515986833225186	0.006053312422836132
0.058529264632316114	0.00893000741715344	0.005843927468901389
0.07153576788394211	0.009381133295419009	0.00564691399469186
0.08454227113556811	0.009874349159069151	0.005461237655762674
0.09754877438719411	0.01041553987229793	0.005285974523893455
0.11055527763882012	0.011011695862595872	0.005120296922402234
0.12356178089044612	0.011671175472402928	0.0049634613626702295
0.13656828414207034	0.012404042972507301	0.004814798230773243
0.14957478739369634	0.013222508063941651	0.004673702937938784
0.16258129064532234	0.014141502924291838	0.00453962830037713
0.17558779389694834	0.015179447708076999	0.00441207795559706
0.18859429714857434	0.01635927723887498	0.0042906006558811605
0.20160080040020034	0.017709834102924593	0.0041747853067080065
0.21460730365182634	0.019267782259511756	0.004064256640091135
0.22761380690345234	0.021080269837619015	0.0039586714307376925
0.24062031015507834	0.023208684740937957	0.0038577151778982355
0.25362681340670434	0.02573402564806071	0.0037610991878636035
0.26663331665832857	0.02876469138215676	0.003668558002232536
0.27963981990995457	0.03244793083279185	0.0035798471253783992
0.29264632316158057	0.036986874651859125	0.003494741011616065
0.30565282641320657	0.042666077605058916	0.0034130312782648664
0.31865932966483257	0.04988983581983508	0.00333452511581811
0.33166583291645857	0.05923872338576586	0.00325904387045739
0.34467233616808457	0.07154846966806472	0.0031864217776272907
0.35767883941971057	0.08800275181169215	0.0031165048283458008
0.37068534267133657	0.11017942128119929	0.003049149752392566
0.3836918459229608	0.13982090256134116	0.0029842231046204315
0.3966983491745868	0.17768314229615678	0.002921600442463479
0.4097048524262128	0.22037144861229474	0.0028611655842687433
0.4227113556778388	0.25595254337813866	0.002802809939359996
0.4357178589294648	0.2668495170615236	0.002746431901919033
0.4487243621810908	0.24678013768358842	0.002691936301751685
0.4617308654327168	0.2088191563927625	0.0026392339057924596
0.4747373686843428	0.16973805267508324	0.0025882409650564986
0.4877438719359688	0.1378056109475163	0.002538878802216815
0.5007503751875948	0.11431999746008847	0.002491073435708535
0.513756878439219	0.09798806837219254	0.002444755236619911
0.526763381690845	0.08718651625458429	0.00239985861510017
0.539769884942471	0.08064527866731086	0.002356321733378519
0.552776388194097	0.07753771194496784	0.00231408624281515
0.565782891445723	0.07742637218693826	0.002273097042657657
0.578789394697349	0.08020927745765527	0.0022333020584736074
0.591795897948975	0.08610438151544586	0.0021946520383915313
0.604802401200601	0.09568018460587169	0.0021571003655306287
0.617808904452227	0.1099299217474452	0.002120602885136602
0.6308154077038512	0.1303615599778054	0.002085117745089682
0.6438219109554773	0.1589808699861387	0.002050605248621995
0.6568284142071033	0.19775406335961265	0.0020170277181366103
0.6698349174587293	0.24650861741899677	0.0019843493691974468
0.6828414207103553	0.29803522038656005	0.0019525361938096397
0.6958479239619813	0.3337218013287715	0.001921555852188117
0.7088544272136073	0.33335402915372525	0.0018913775723226056
0.7218609304652333	0.297840210037699	0.0018619720566884768
0.7348674337168593	0.24808994745074975	0.0018333113955149027
0.7478739369684853	0.20217442766551497	0.0018053689860848543
0.7608804402201095	0.16682930130844797	0.001778119457583327
0.7738869434717355	0.14219522124230333	0.0017515386010505951
0.7868934467233615	0.1265752082726016	0.0017256033040469188
0.7998999499749875	0.11843132931471112	0.0017002914896675492
0.8129064532266135	0.11690368852954502	0.0016755820595591997
0.8259129564782395	0.1217857533129133	0.0016514548406620921
0.8389194597298655	0.13314092401474686	0.0016278905353493967
0.8519259629814915	0.15018875639726914	0.0016048706747959773
0.8649324662331175	0.1690090566425776	0.0015823775752338287
0.8779389694847417	0.18091454583327082	0.0015603942969768525
0.8909454727363677	0.1775055812515547	0.0015389046059548495
0.9039519759879937	0.16015795489839046	0.0015178929376187256
0.9169584792396197	0.13810882097298616	0.0014973443630182937
0.9299649824912457	0.11870413717751982	0.0014772445569177783
0.9429714857428717	0.10449293661511416	0.0014575797678123559
0.9559779889944977	0.09542757555268755	0.0014383367896900756
0.9689844922461237	0.09080576079125258	0.0014195029354717725
0.9819909954977497	0.09004828970135026	0.001401066011945451
0.9949974987493757	0.0928956766382103	0.0013830142961538394
1.008004002001	0.09946229787656169	0.001365336513121762
1.021010505252626	0.11034797096742899	0.0013480218148325118
1.034017008504252	0.12675040507626967	0.0013310597603518604
1.047023511755878	0.1503842298722048	0.0013144402970817204
1.060030015007504	0.18299013650406537	0.0012981537430034606
1.07303651825913	0.2246803108055222	0.001282190769922531
1.086043021510756	0.2700248908721884	0.0012665423875531934
1.099049524762382	0.3041578973850477	0.0012511999285227393
1.112056028014008	0.30937369673413295	0.001236155034094022
1.1250625312656322	0.2835330134537163	0.001221399640690124
1.1380690345172582	0.2428470873458095	0.0012069259670886012
1.1510755377688842	0.20410898760984275	0.0011927265022743105
1.1640820410205102	0.1748911452441304	0.0011787939939260639
1.1770885442721362	0.15634928875619936	0.0011651214374689411
1.1900950475237622	0.14758662831804692	0.0011517020656932608
1.2031015507753882	0.14764754893854048	0.0011385293388613826
1.2161080540270142	0.15568751489085841	0.001125596935336537
1.2291145572786402	0.1697819187223094	0.001112898742638646
1.2421210605302662	0.1847611018712072	0.0011004288489688818
1.2551275637818904	0.19211558663061445	0.001088181535093935
1.2681340670335164	0.18632399171597924	0.0010761512666715989
1.2811405702851424	0.17102788266693802	0.0010643326869037573
1.2941470735367684	0.15450186893064466	0.0010527206095390929
1.3071535767883944	0.142405355642776	0.0010413100122199648
1.3201600800400204	0.13676628011823966	0.0010300960301239392
1.3331665832916464	0.13798243575826907	0.0010190739498915358
1.3461730865432724	0.1462798418837391	0.0010082392038488486
1.3591795897948984	0.16217975690143605	0.0009975873644795241
1.3721860930465226	0.18614134661549353	0.000987114139148093
1.3851925962981486	0.21702500677992098	0.000976815365044681
1.3981990995497746	0.24940272696903454	0.000966687004402278
1.4112056028014006	0.273667958792817	0.0009567251398502341
1.4242121060530266	0.2847293167642775	0.0009469259700317645
1.4372186093046526	0.28980080203637293	0.0009372858053902089
1.4502251125562786	0.3014431430880826	0.0009278010641241563
1.4632316158079046	0.32758055781073914	0.0009184682683410772
1.4762381190595306	0.368521692637811	0.0009092840403477354
1.4892446223111566	0.4172195385838976	0.0009002450991234534
1.5022511255627808	0.46181110966147065	0.0008913482569135045
1.5152576288144068	0.4893595587269075	0.0008825904159879272
1.5282641320660328	0.49126357089378137	0.0008739685655250184
1.5412706353176588	0.46864881118334967	0.0008654797786129542
1.5542771385692848	0.4261022636331766	0.000857121209389744
1.5672836418209108	0.3677703772542573	0.0008488900902976493
1.5802901450725368	0.30332903533199385	0.0008407837294234222
1.5932966483241628	0.24431053055648488	0.0008327995079880912
1.6063031515757888	0.19653737298963847	0.000824934877890926
1.619309654827413	0.16015983216926988	0.0008171873593902923
1.632316158079039	0.1330123605142104	0.0008095545388360215
1.645322661330665	0.11273025277506732	0.0008020340665253478
1.658329164582291	0.09745910824578341	0.0007946236546295671
1.671335667833917	0.08591813491572564	0.0007873210751846438
1.684342171085543	0.07725330239126993	0.0007801241581781859
1.697348674337169	0.07087546462453542	0.0007730307897139133
1.710355177588795	0.06634401603216267	0.000766038910212874
1.723361680840421	0.06328090407080023	0.000759146512718023
1.736368184092047	0.061348436824206765	0.0007523516412490938
1.7493746873436713	0.0603431248370756	0.0007456523892083178
1.7623811905952973	0.06027947812157963	0.0007390468978560882
1.7753876938469233	0.06133146845499071	0.0007325333548465762
1.7883941970985493	0.06377156583175847	0.0007261099928020931
1.8014007003501753	0.06805417569626449	0.0007197750879479603
1.8144072036018013	0.07485914961784879	0.0007135269588010029
1.8274137068534273	0.08497868287501642	0.0007073639648915719
1.8404202101050533	0.09903287056428278	0.0007012845055492933
1.8534267133566793	0.11667011641692793	0.0006952870187066917
1.8664332166083035	0.13512385311963215	0.0006893699797774211
1.8794397198599295	0.14897517604894572	0.0006835319005348284
1.8924462231115555	0.1543960244041882	0.0006777713280706754
1.9054527263631815	0.1540888350831744	0.0006720868437617433
1.9184592296148075	0.1539721187733788	0.0006664770622712979
1.9314657328664335	0.1559767986763353	0.0006609406306097299
1.9444722361180595	0.1562050800501258	0.000655476227193641
1.9574787393696855	0.14927566514537016	0.0006500825609686567
1.9704852426213115	0.13427582693325957	0.0006447583705400106
1.9834917458729358	0.11561532350372172	0.0006395024233374347
1.9964982491245618	0.0984038721613899	0.0006343135148111356
2.0095047523761878	0.08512014288198733	0.0006291904676535287
2.0225112556278138	0.07606124641403211	0.000624132131044397
2.0355177588794398	0.07074091973381891	0.000619137379931689
2.0485242621310658	0.06864695996796844	0.0006142051143021021
2.0615307653826918	0.06947498721869239	0.0006093342585272721
2.0745372686343178	0.07320083779377895	0.0006045237606865372
2.0875437718859438	0.08010731514514813	0.0005997725919308916
2.1005502751375698	0.09057843507037633	0.0005950797458701418
2.113556778389194	0.10440757835537351	0.0005904442379623953
2.12656328164082	0.1195449966435328	0.000585865104948291
2.139569784892446	0.13171126193811555	0.0005813414042736831
2.152576288144072	0.13735654842149425	0.000576872213562285
2.165582791395698	0.13636207547277768	0.00057245663006944
2.178589294647324	0.129865603050477	0.0005680937701912914
2.19159579789895	0.1196137600831435	0.0005637827689487507
2.204602301150576	0.10919690906365864	0.0005595227795263114
2.217608804402202	0.10213214234890877	0.0005553129727888795
2.230615307653826	0.10028222484455396	0.0005511525368485648
2.243621810905452	0.10444757759112444	0.0005470406766097113
2.256628314157078	0.115250546762655	0.0005429766133528968
2.269634817408704	0.13328942765940222	0.0005389595843303674
2.28264132066033	0.15820100120942315	0.000534988842344486
2.295647823911956	0.1861646760628426	0.0005310636553845782
2.308654327163582	0.20720517625306023	0.0005271833062324704
2.321660830415208	0.20936371485897098	0.0005233470921101047
2.334667333666834	0.19127749311317566	0.0005195543243153855
2.34767383691846	0.1638744575896448	0.0005158043278763458
2.3606803401700844	0.1378270827301511	0.0005120964412295148
2.3736868434217104	0.11677964783199446	0.0005084300158834099
2.3866933466733364	0.0995478894873375	0.0005048044161078957
2.3996998499249624	0.08437746575372218	0.0005012190186226562
2.4127063531765884	0.07106541853894277	0.0004976732123060934
2.4257128564282144	0.06011824010111888	0.000494166397905893
2.4387193596798404	0.05164053230179233	0.0004906979877501438
2.4517258629314664	0.04531907012647984	0.0004872674054797743
2.4647323661830924	0.04074179412408019	0.0004838740857850965
2.4777388694347167	0.03756279274627161	0.0004805174741382423
2.4907453726863427	0.035518449198812974	0.00047719702655424356
2.5037518759379687	0.034360373641285635	0.0004739122093389003
2.5167583791895947	0.033763845699518624	0.0004706624988494168
2.5297648824412207	0.03336040914563643	0.0004674473812656954
2.5427713856928467	0.03294884246781793	0.00046426635237406533
2.5557778889444727	0.032577983365397745	0.00046111891733446875
2.5687843921960987	0.03248251434416061	0.00045800459047440345
2.5817908954477247	0.03302301372076433	0.00045492289508652917
2.5947973986993507	0.03455734225076035	0.00045187336321506066
2.607803901950975	0.037388964713322204	0.00044885553546658574
2.620810405202601	0.04178022674070647	0.0004458689608283217
2.633816908454227	0.047822154142301176	0.00044291319646139193
2.646823411705853	0.05499843895716916	0.0004399878075357355
2.659829914957479	0.0617174311942853	0.0004370923670490301
2.672836418209105	0.06611565950784226	0.00043422645564850093
2.685842921460731	0.06829581883716862	0.0004313896614848156
2.698849424712357	0.0703273564772583	0.0004285815800173509
2.711855927963983	0.07338526037154702	0.0004258018138796338
2.724862431215607	0.07615598749467611	0.00042304997272080147
2.737868934467233	0.07640021134220498	0.0004203256730391791
2.750875437718859	0.07376474256789378	0.00041762853805726863
2.763881940970485	0.06929420706591183	0.00041495819756720564
2.776888444222111	0.06338150413456634	0.00041231428778509827
2.789894947473737	0.05653641703976475	0.0004096964512332324
2.802901450725363	0.05012394058914804	0.00040710433658541767
2.815907953976989	0.04528181409267795	0.00040453759855152427
2.828914457228615	0.04239086169288453	0.0004019958977504734
2.841920960480241	0.041433307522303675	0.0003994789005818955
2.8549274637318653	0.04236279295526291	0.00039698627910855766
2.8679339669834913	0.04526158557356219	0.0003945177109411224
2.8809404702351173	0.05035302776288886	0.0003920728791224626
2.8939469734867433	0.05786198869327108	0.00038965147201452943
2.9069534767383693	0.06760459584270628	0.00038725318318810764
2.9199599799899953	0.0783815929499796	0.00038487771132389437
2.9329664832416213	0.08813925889736196	0.00038252476010092185
2.9459729864932473	0.09576006508038348	0.0003801940381025215
2.9589794897448733	0.10211130002171209	0.00037788525871329526
2.9719859929964976	0.1080990842994789	0.0003755981400180852
2.9849924962481236	0.11248995636058445	0.00037333240471992823
2.9979989994997496	0.11273810245110827	0.00037108778003613896
3.0110055027513773	0.10826306491537285	0.0003688639976194841
3.0240120060030016	0.10055226015031316	0.00036666079346492353
3.037018509254626	0.09039373904052306	0.0003644779078146865
3.0500250125062536	0.07852050688721812	0.0003623150850957657
3.063031515757878	0.06699890230702721	0.00036017207382066374
3.0760380190095056	0.05774783069063538	0.00035804862651744873
3.08904452226113	0.05145922094333455	0.0003559444996367178
3.1020510255127576	0.04800368398675792	0.00035385945350752124
3.115057528764382	0.04686963993703297	0.0003517932522244527
3.1280640320160096	0.04711966135313661	0.0003497456636021301
3.141070535267634	0.047362154134618306	0.0003477164590901527
3.1540770385192616	0.04659755294954471	0.00034570541370892993
3.167083541770886	0.045091914826665636	0.00034371230598417846
3.18009004502251	0.043430291958560296	0.0003417369178708718
3.193096548274138	0.041320302329037384	0.00033977903470794324
3.206103051525762	0.03825785490102607	0.0003378384451306893
3.21910955477739	0.03467315707772056	0.00033591494102136465
3.232116058029014	0.03149953163111763	0.00033400831745189485
3.245122561280642	0.02930860885257114	0.0003321183726164856
3.258129064532266	0.028256850787246046	0.0003302449077789982
3.271135567783894	0.028359261601488495	0.00032838772721033305
3.284142071035518	0.029662391563175183	0.00032654663814157825
3.2971485742871423	0.03229192431799477	0.0003247214507063889
3.31015507753877	0.036387940938438446	0.0003229119778819234
3.3231615807903943	0.0418428947258046	0.00032111803543921624
3.336168084042022	0.04775738521049466	0.0003193394419002127
3.3491745872936463	0.05210446087174736	0.0003175760184844778
3.362181090545274	0.052978139306741556	0.00031582758905002173
3.3751875937968983	0.050790400343162845	0.00031409398006265743
3.388194097048526	0.047755505791745145	0.00031237502052938737
3.4012006003001503	0.045418240444946356	0.0003106705419784195
3.4142071035517745	0.04393078033033515	0.00030898037838844594
3.4272136068034023	0.042992313490089695	0.0003073043661637742
3.4402201100550265	0.04263681342967296	0.00030564234407870483
3.4532266133066543	0.04330674242572252	0.00030399415324877666
3.4662331165582785	0.04561554570943993	0.000302359637071703
3.4792396198099063	0.04997724261370595	0.000300738641204612
3.4922461230615305	0.056415091096877035	0.0002991310135186387
3.5052526263131583	0.06470948522495612	0.00029753660405540394
3.5182591295647825	0.0745698818353443	0.00029595526499370806
3.5312656328164067	0.08515153427420441	0.00029438685061289327
3.5442721360680345	0.09402535391456901	0.00029283121725642847
3.5572786393196587	0.09693700043849796	0.00029128822329338444
3.5702851425712865	0.09108767895299263	0.0002897577290896791
3.5832916458229107	0.07906847557825258	0.00028823959696677726
3.5962981490745385	0.06610228854746081	0.00028673369117027114
3.6093046523261627	0.055400004297309624	0.0002852398778416809
3.6223111555777905	0.04762360562552914	0.00028375802498337155
3.6353176588294147	0.042167544665734025	0.0002822880024242469
3.648324162081039	0.03814627338099197	0.0002808296817975453
3.6613306653326667	0.03489563900507542	0.00027938293649842905
3.674337168584291	0.03206548148125099	0.000277947641662446
3.6873436718359187	0.02966458849806175	0.0002765236741362198
3.700350175087543	0.02795629800753352	0.0002751109124460305
3.7133566783391707	0.02717224470619417	0.0002737092367727234
3.726363181590795	0.027437750354225687	0.0002723185289239538
3.7393696848424227	0.02885983594803143	0.00027093867230676416
3.752376188094047	0.03157963841539424	0.0002695695518989405
3.7653826913456747	0.035713136110167354	0.0002682110542233662
3.778389194597299	0.041146981915863634	0.00026686306733025855
3.791395697848923	0.047236043123599636	0.00026552548076297366
3.804402201100551	0.05250731496682293	0.0002641981855432407
3.817408704352175	0.054734594353932686	0.00026288107413163786
3.830415207603803	0.052612822709928064	0.0002615740404248168
3.843421710855427	0.04758770762125186	0.00026027697971464647
3.856428214107055	0.042340101586822776	0.0002589897886743353
3.869434717358679	0.03850291735717304	0.0002577123653410007
3.882441220610307	0.03640751391539043	0.0002564446090811412
3.895447723861931	0.035647018697732236	0.0002551864205764254
3.9084542271135554	0.03560846532838924	0.0002539377018074829
3.921460730365183	0.036109005251106274	0.0002526983560252605
3.9344672336168074	0.0376323708037819	0.00025146828773503493
3.947473736868435	0.04087811993258661	0.000250247402671544
3.9604802401200594	0.04636674443300082	0.00024903560779698797
3.973486743371687	0.054171197164084695	0.0002478328112535122
3.9864932466233114	0.0632323696422431	0.00024663892237020146
3.999499749874939	0.07048926159504032	0.00024545385162655364
4.012506253126563	0.07195549562002812	0.0002442775106533679
4.025512756378188	0.06663794393180689	0.00024310981219588523
4.038519259629815	0.05775314516979135	0.00024195067010512883
4.05152576288144	0.04904611127278613	0.00024079999932724583
4.064532266133067	0.04230995368008772	0.00023965771587419749
4.077538769384692	0.03783747893858347	0.00023852373681609862
4.090545272636319	0.03540296183184477	0.00023739798025956826
4.103551775887944	0.03476502421410721	0.00023628036533818175
4.116558279139571	0.03582815483727608	0.00023517081219637248
4.129564782391196	0.03867292406651335	0.00023406924195923384
4.14257128564282	0.04352542035271434	0.00023297557674439862
4.155577788894448	0.050624712413825934	0.0002318897396228481
4.168584292146072	0.05989123813508668	0.00023081165461891207
4.1815907953977	0.07046797523893944	0.00022974124668972973
4.194597298649324	0.08056332858512294	0.00022867844171381435
4.207603801900952	0.08775700903006967	0.00022762316646995906
4.220610305152576	0.08985628160383596	0.0002265753486441202
4.233616808404204	0.08661666496953002	0.0002255349167896714
4.246623311655828	0.08028919775390286	0.00022450180033362077
4.259629814907456	0.07347627271132262	0.00022347592955596074
4.27263631815908	0.06754603955028071	0.0002224572355771226
4.285642821410704	0.06310857865767416	0.00022144565034554198
4.298649324662332	0.060848110199360095	0.00022044110663499428
4.311655827913956	0.06153884254943209	0.0002194435380131754
4.324662331165584	0.06538833389988885	0.0002184528788504725
4.337668834417208	0.07136854123450898	0.00021746906429498392
4.350675337668836	0.07687908201651361	0.00021649203027240826
4.36368184092046	0.07879161557116432	0.0002155217134575116
4.376688344172088	0.07579854707786493	0.00021455805128134386
4.389694847423712	0.06931277777289624	0.00021360098190725818
4.402701350675336	0.06163204342729567	0.0002126504442402366
4.415707853926964	0.053929879290481875	0.00021170637788192614
4.428714357178588	0.046519635150027994	0.00021076872315806128
4.441720860430216	0.03981280811601917	0.0002098374210814935
4.45472736368184	0.03407194338554809	0.00020891241335652122
4.467733866933468	0.02924551805523734	0.00020799364236190332
4.480740370185092	0.025302812605550784	0.00020708105114874975
4.49374687343672	0.02226497247613357	0.00020617458342298
4.506753376688344	0.020084744747270733	0.0002052741835407712
4.5197598799399685	0.01866865227031167	0.0002043797964946803
4.532766383191596	0.017942314764754608	0.00020349136791486533
4.5457728864432205	0.017881732028982356	0.00020260884405221002
4.558779389694848	0.018510267603785713	0.00020173217176944203
4.5717858929464725	0.019850781041669596	0.0002008612985352487
4.5847923961981	0.021783703470437343	0.00019999617241550638
4.5977988994497245	0.023797713206812676	0.00019913674206262222
4.610805402701352	0.024951844762428732	0.00019828295671120433
4.6238119059529765	0.024610631774232394	0.00019743476617140043
4.636818409204601	0.02324305463216536	0.00019659212081546418
4.6498249124562285	0.02189976982402786	0.0001957549715706497
4.662831415707853	0.02128072014226612	0.00019492326991799036
4.6758379189594805	0.021524732730237695	0.0001940969678794202
4.688844422211105	0.02236156713387205	0.00019327601800933625
4.7018509254627325	0.02336807626842763	0.00019246037338915833
4.714857428714357	0.02425063146213391	0.0001916499876253308
4.7278639319659845	0.024737597626264596	0.00019084481483433446
4.740870435217609	0.02447315942359196	0.0001900448096394669
4.7538769384692365	0.023434831022759006	0.00018924992716240485
4.766883441720861	0.022014696241494103	0.00018846012302309312
4.779889944972485	0.02043205123920655	0.00018767535332009366
4.792896448224113	0.01861830364060235	0.00018689557464091067
4.805902951475737	0.016712058637394667	0.00018612074404156242
4.818909454727365	0.015082737746718977	0.0001853508190413633
4.831915957978989	0.013988169005251239	0.0001845857576296961
4.844922461230617	0.013505084936341394	0.00018382551824569493
4.857928964482241	0.013626670692839848	0.00018307005977891144
4.870935467733869	0.014303289380529605	0.00018231934156187624
4.883941970985493	0.015394781432719773	0.00018157332336721232
4.896948474237117	0.01664794334518882	0.0001808319653960888
4.909954977488745	0.017897724794999736	0.00018009522827611146
4.922961480740369	0.019263298092023873	0.0001793630730553275
4.935967983991997	0.020803250140823848	0.000178635461199117
4.948974487243621	0.02203859371562933	0.0001779123545830874
4.961980990495249	0.022218215886875448	0.00017719371548330365
4.974987493746873	0.021235219637544933	0.00017647950658228329
4.987993996998501	0.01985868619744069	0.00017576969094723616
5.001000500250125	0.01895420919564883	0.00017506423204227683
5.014007003501749	0.018908509780455884	0.00017436309371565706
5.027013506753377	0.019564087409211894	0.0001736662401856659
5.040020010005001	0.02025350590205699	0.00017297363606105787
5.053026513256629	0.020093782021606166	0.00017228524630197306
5.066033016508253	0.018694250792975486	0.0001716010362509124
5.079039519759881	0.016494852959236472	0.00017092097159721042
5.092046023011505	0.014259251812390183	0.00017024501839568718
5.105052526263133	0.012475842850855345	0.0001695731430488845
5.118059029514757	0.01128638249238434	0.00016890531230284722
5.131065532766382	0.010673420697076663	0.00016824149325556093
5.144072036018009	0.010587504744831167	0.00016758165332964037
5.157078539269634	0.010968955449865314	0.0001669257602956442
5.170085042521261	0.011703687660242323	0.00016627378224720601
5.183091545772886	0.012592544924391436	0.00016562568760614127
5.196098049024513	0.0134190694403572	0.00016498144511212232
5.209104552276138	0.014023978944165516	0.0001643410238328924
5.2221110555277654	0.01432345245726896	0.0001637043931346227
5.23511755877939	0.014276915000190238	0.0001630715227103341
5.2481240620310174	0.01382128585775011	0.00016244238254503607
5.261130565282642	0.013028937932691331	0.0001618169429377092
5.274137068534266	0.01218936851540331	0.0001611951744800999
5.287143571785894	0.011503862026760459	0.00016057704805760853
5.300150075037518	0.010863874919668448	0.0001599625348543965
5.313156578289146	0.010048362505830077	0.0001593516063379541
5.32616308154077	0.009042133548183395	0.00015874423425765727
5.339169584792398	0.008046040196426962	0.00015814039065364938
5.352176088044022	0.0072472881912289955	0.00015754004783219422
5.36518259129565	0.006677587090714976	0.0001569431783837727
5.378189094547274	0.0062214784585336025	0.0001563497551656523
5.391195597798898	0.005719063853692363	0.0001557597513007769
5.404202101050526	0.005122845969046885	0.0001551731401815415
5.41720860430215	0.004516072286766759	0.0001545898954594671
5.430215107553778	0.003984096482845811	0.00015400999104553392
5.443221610805402	0.0035539219289085766	0.00015343340110818282
5.45622811405703	0.00321621950375528	0.0001528601000627683
5.469234617308654	0.002952097574674184	0.00015229006257433397
5.482241120560282	0.002744386814828581	0.00015172326356460708
5.495247623811906	0.0025801736166969347	0.00015115967818479792
5.50825412706353	0.0024504891734915546	0.00015059928183447369
5.521260630315158	0.002349491630377454	0.0001500420501546751
5.534267133566782	0.0022738118204743696	0.00014948795901259526
5.54727363681841	0.0022221947826941424	0.000148936984512682
5.560280140070034	0.0021954394402162736	0.00014838910298897723
5.573286643321662	0.0021966186019249934	0.00014784429100211938
5.586293146573286	0.0022315152736300803	0.00014730252533567967
5.599299649824914	0.0023089676030431106	0.00014676378299638415
5.612306153076538	0.002439945359534623	0.00014622804121244837
5.625312656328163	0.002631810949727864	0.000145695277421809
5.63831915957979	0.0028705186463993115	0.00014516546928489138
5.651325662831415	0.0030894034072203036	0.00014463859466729012
5.664332166083042	0.0031682075097708706	0.00014411463164676341
5.677338669334667	0.00303316355743366	0.00014359355850979139
5.690345172586294	0.002749068649624542	0.00014307535374347147
5.703351675837919	0.002436709729810027	0.00014255999603740577
5.716358179089546	0.002166621559969162	0.00014204746428347903
5.729364682341171	0.001954645413020928	0.00014153773757041854
5.742371185592798	0.0017932247903807985	0.00014103079518235084
5.755377688844423	0.0016702761952720468	0.000140526616595138
5.768384192096047	0.0015754311116878972	0.00014002518148026333
5.781390695347675	0.00150104850499444	0.00013952646968795612
5.794397198599299	0.0014417742513795906	0.00013903046126673146
5.807403701850927	0.0013939098529810456	0.00013853713644240706
5.820410205102551	0.0013549022208353412	0.00013804647562665195
5.833416708354179	0.0013229851125488024	0.0001375584594104362
5.846423211605803	0.001296939611459047	0.00013707306856280965
5.859429714857431	0.0012759377419971907	0.00013659028403001372
5.872436218109055	0.0012594424184860786	0.0001361100869358145
5.885442721360679	0.0012471460666354517	0.00013563245856873518
5.898449224612307	0.0012389371971162078	0.00013515738039449054
5.911455727863931	0.00123488925963966	0.00013468483404477372
5.924462231115559	0.0012352700335130917	0.0001342148013229183
5.937468734367183	0.001240573353940122	0.00013374726418979854
5.950475237618811	0.0012515787385772859	0.00013328220477692998
5.963481740870435	0.0012694487580678926	0.0001328196053724806
5.976488244122063	0.001295877914997079	0.00013235944842548975
5.989494747373687	0.0013333051863972933	0.00013190171654198224
6.002501250625311	0.0013851754564268015	0.00013144639249063061
6.015507753876939	0.0014561182679287965	0.0001309934591864348
6.028514257128563	0.0015515303818787185	0.0001305428996998259
6.041520760380191	0.0016751153394982676	0.0001300946972554451
6.054527263631815	0.0018220197238290048	0.0001296488352244829
6.067533766883443	0.0019698148719754505	0.00012920529712745488
6.080540270135067	0.0020866299333012206	0.00012876406662953865
6.093546773386695	0.0021671695825012938	0.00012832512754534786
6.106553276638319	0.002239903282929223	0.000127888463828163
6.1195597798899435	0.002321218009416315	0.00012745405957304
6.132566283141571	0.0023943731108018174	0.0001270218990179206
6.1455727863931955	0.002449542330951182	0.00012659196653874716
6.158579289644823	0.0025199585765706134	0.00012616424664879666
6.1715857928964475	0.0026571041456969757	0.00012573872399190833
6.184592296148075	0.0028984890384384787	0.00012531538335658343
6.1975987993996995	0.0032592382969902634	0.0001248942096599981
6.210605302651327	0.003718538514063674	0.00012447518794278523
6.2236118059029515	0.004198467074916001	0.00012405830338757529
6.236618309154579	0.004592868442328535	0.0001236435412993453
6.2496248124062035	0.004861169013126498	0.0001232308871130794
6.262631315657828	0.005047473247578815	0.0001228203263871075
6.2756378189094555	0.005193993972034794	0.00012241184480632494
6.28864432216108	0.0053011872121147	0.00012200542817986104
6.3016508254127075	0.005341454186833294	0.00012160106243563895
6.314657328664332	0.005292633827396864	0.00012119873362859135
6.3276638319159595	0.005178036491753524	0.00012079842792800388
6.340670335167584	0.005050750866963938	0.00012040013162295526
6.3536768384192115	0.004928735109262616	0.00012000383111943069
6.366683341670836	0.004778973427426614	0.00011960951294098798
6.37968984492246	0.00456705611422481	0.0001192171637244277
6.392696348174088	0.004305233417401744	0.00011882677022134747
6.405702851425712	0.0040604970338118385	0.00011843831929470028
6.41870935467734	0.003913653891717828	0.00011805179791868348
6.431715857928964	0.0039068925930914045	0.00011766719317729546
6.444722361180592	0.004020267707907754	0.00011728449226866555
6.457728864432216	0.004200543146928193	0.00011690368248895577
6.470735367683844	0.00441769586482843	0.0001165247512491252
6.483741870935468	0.004642424629059172	0.00011614768606327264
6.496748374187092	0.004768642233354603	0.00011577247454785944
6.50975487743872	0.004670036453378268	0.00011539910442925905
6.522761380690344	0.004347534921884111	0.00011502756353198862
6.535767883941972	0.003941531945474086	0.00011465783977970823
6.548774387193596	0.003594186807223898	0.0001142899212014381
6.561780890445224	0.0033394976905020135	0.00011392379592334301
6.574787393696848	0.00310690160216176	0.00011355945217139674
6.587793896948476	0.0028140808599429468	0.00011319687826383262
6.6008004002001	0.0024653427672566286	0.00011283606262357804
6.613806903451724	0.0021254129357946017	0.00011247699376448761
6.626813406703352	0.0018389984328507358	0.00011211966029323062
6.639819909954976	0.0016142237197122045	0.000111764050914398
6.652826413206604	0.0014419412744222093	0.00011141015442395208
6.665832916458228	0.0013099664964509872	0.00011105795970711707
6.678839419709856	0.0012080424046091442	0.0001107074557431531
6.69184592296148	0.0011285956491983162	0.00011035863160024917
6.704852426213108	0.0010662966076482316	0.00011001147643474596
6.717858929464732	0.001017477810025036	0.00010966597949291224
6.73086543271636	0.0009796756170391552	0.00010932213010717007
6.743871935967984	0.0009513224443262747	0.00010897991769720505
6.756878439219609	0.0009315649749390698	0.00010863933176596952
6.769884942471236	0.0009201844183551744	0.00010830036190367931
6.782891445722861	0.0009176074497219133	0.0001079629977852603
6.795897948974488	0.0009250098080716418	0.00010762722916812795
6.808904452226113	0.0009445227162190317	0.00010729304588885658
6.82191095547774	0.0009795390165426854	0.00010696043787150611
6.834917458729365	0.0010350241426899665	0.00010662939511485447
6.847923961980992	0.001117391036530857	0.00010629990770172348
6.860930465232617	0.0012324740750087049	0.00010597196579198442
6.873936968484241	0.001378072149572085	0.00010564555962644384
6.886943471735869	0.001527657320871345	0.00010532067951973811
6.899949974987493	0.001619147727645709	0.00010499731586866012
6.912956478239121	0.0015930681395927015	0.00010467545913750431
6.925962981490745	0.0014617258720236448	0.0001043550998790499
6.938969484742373	0.001293023250597769	0.00010403622870791551
6.951975987993997	0.0011393499890602898	0.00010371883632043222
6.964982491245625	0.0010179126551758122	0.00010340291348598374
6.977988994497249	0.0009270808459148627	0.00010308845104256559
6.990995497748873	0.0008601924238393899	0.00010277543990211413
7.004002001000501	0.0008109154472100144	0.00010246387104762
7.017008504252125	0.0007744460678350551	0.00010215373553912332
7.030015007503753	0.0007473991847125605	0.00010184502449106514
7.043021510755377	0.0007274491047545295	0.00010153772910148628
7.056028014007005	0.0007130108447683803	0.00010123184063304258
7.069034517258629	0.0007030098089629844	0.0001009273504148922
7.082041020510257	0.0006967266119732862	0.00010062424984214058
7.095047523761881	0.0006936956726653065	0.00010032253038283478
7.108054027013505	0.0006936404225612591	0.00010002218356197634
7.121060530265133	0.0006964334499336422	9.972320097595411e-05
7.134067033516757	0.0007020742350046794	9.942557428843646e-05
7.147073536768385	0.0007106802292409231	9.912929521893599e-05
7.160080040020009	0.0007224892762416335	9.883435555813058e-05
7.173086543271637	0.0007378731674309025	9.854074715953676e-05
7.186093046523261	0.0007573638291210605	9.824846193062786e-05
7.199099549774889	0.0007816955914149437	9.795749184959845e-05
7.212106053026513	0.0008118695776432316	9.766782895259674e-05
7.2251125562781375	0.0008492499424025413	9.737946534216224e-05
7.238119059529765	0.0008957069766928338	9.709239316924023e-05
7.2511255627813895	0.0009538291094797202	9.680660465338775e-05
7.264132066033017	0.0010272325815572358	9.652209207033913e-05
7.2771385692846415	0.001120993899317857	9.623884775633584e-05
7.290145072536269	0.0012421785523900608	9.595686409968884e-05
7.3031515757878935	0.0014002233694572208	9.567613355887516e-05
7.316158079039521	0.0016062730481163356	9.539664863655872e-05
7.3291645822911455	0.0018692728616283016	9.511840189324605e-05
7.342171085542773	0.002186819282010588	9.484138595539093e-05
7.3551775887943975	0.0025386787909867925	9.456559349196869e-05
7.368184092046022	0.002902515322173893	9.429101723568145e-05
7.3811905952976495	0.0032713716157486417	9.40176499732992e-05
7.394197098549274	0.0036284429690367492	9.374548453622289e-05
7.4072036018009015	0.003922770363194772	9.347451382579752e-05
7.420210105052526	0.004096222185226983	9.320473077634173e-05
7.4332166083041535	0.004133834041047946	9.293612839400556e-05
7.446223111555778	0.004072573422377546	9.266869971935598e-05
7.4592296148074055	0.003964253401560036	9.240243786146074e-05
7.47223611805903	0.0038594264341244022	9.213733596569185e-05
7.485242621310654	0.0038225131834569437	9.187338723781746e-05
7.498249124562282	0.0038937819272123475	9.16105849282367e-05
7.511255627813906	0.004033780045516577	9.134892234230474e-05
7.524262131065534	0.004149957041288843	9.108839282667702e-05
7.537268634317158	0.004190106810061378	9.082898978607368e-05
7.550275137568786	0.004166895090582989	9.057070666873557e-05
7.56328164082041	0.0041069028523561535	9.031353696853373e-05
7.576288144072038	0.004027579542196458	9.005747423407318e-05
7.589294647323662	0.003955674476806559	8.980251205170653e-05
7.602301150575286	0.003907747958295182	8.954864406318652e-05
7.615307653826914	0.0038431180994235037	8.929586395045597e-05
7.628314157078538	0.003717402401188563	8.904416544730509e-05
7.641320660330166	0.0035439372807746228	8.879354232615988e-05
7.65432716358179	0.003348836655383658	8.854398841195987e-05
7.667333666833418	0.0031619711293621178	8.829549756583788e-05
7.680340170085042	0.003044683586920449	8.804806370033003e-05
7.69334667333667	0.003057810807593042	8.780168076760742e-05
7.706353176588294	0.003228417366320513	8.755634276613744e-05
7.719359679839918	0.0035375249348145177	8.731204373890744e-05
7.732366183091546	0.003902636226134293	8.706877776454292e-05
7.74537268634317	0.004190193657932495	8.682653897174042e-05
7.758379189594798	0.004284100400213986	8.658532152860943e-05
7.771385692846422	0.004128611171470675	8.634511964233926e-05
7.78439219609805	0.0037362682601675967	8.610592756541635e-05
7.7973986993496744	0.003199135456522284	8.586773959018412e-05
7.810405202601302	0.002650109691631042	8.563055004939812e-05
7.8234117058529264	0.0021796847068679126	8.539435331389456e-05
7.836418209104554	0.001811561023779773	8.515914379780831e-05
7.8494247123561784	0.0015333578780989399	8.492491595235574e-05
7.862431215607803	0.0013241658715792415	8.469166426938735e-05
7.8754377188594304	0.0011655235268452913	8.445938328072167e-05
7.888444222111055	0.001043594742851095	8.422806755303824e-05
7.9014507253626824	0.0009485664308621633	8.399771169553816e-05
7.914457228614307	0.000873586312656216	8.376831035095123e-05
7.9274637318659344	0.0008138702100393136	8.35398582059721e-05
7.940470235117559	0.0007660643316885762	8.331234997516201e-05
7.9534767383691864	0.0007278156759631393	8.308578041948955e-05
7.966483241620811	0.000697490755374286	8.286014433300792e-05
7.979489744872435	0.0006739968674964736	8.26354365434101e-05
7.992496248124063	0.0006566760437372032	8.241165191724686e-05
8.005502751375687	0.0006452546455018027	8.218878535615204e-05
8.018509254627315	0.0006398416606432367	8.196683179850783e-05
8.031515757878939	0.0006409773593564205	8.174578621666928e-05
8.044522261130567	0.000649741863314901	8.152564361740833e-05
8.057528764382191	0.000667938782949351	8.13063990432461e-05
8.070535267633819	0.0006983627031686979	8.108804756967736e-05
8.083541770885443	0.0007451045691851954	8.087058430372718e-05
8.096548274137067	0.0008136294875731309	8.065400439094539e-05
8.109554777388695	0.0009096701548675368	8.043830301274202e-05
8.12256128064032	0.0010343693311100077	8.022347537461894e-05
8.135567783891947	0.001171906515619714	8.000951671849332e-05
8.148574287143571	0.0012752199808420128	7.979642232525119e-05
8.161580790395199	0.0012844220765446668	7.95841874994263e-05
8.174587293646823	0.001189919005507245	7.937280758163467e-05
8.187593796898451	0.0010449000253903717	7.916227794124708e-05
8.200600300150075	0.0009036841431782072	7.895259398915666e-05
8.2136068034017	0.0007890329126043483	7.874375115157761e-05
8.226613306653327	0.0007024849608792127	7.85357448988e-05
8.239619809904951	0.0006386379933697173	7.832857072787025e-05
8.25262631315658	0.0005916058759427578	7.812222416214709e-05
8.265632816408203	0.0005567445913701174	7.791670076051638e-05
8.278639319659831	0.0005307311743890653	7.771199611095181e-05
8.291645822911455	0.0005112637888673444	7.750810583029288e-05
8.304652326163083	0.0004967604020329475	7.730502556746455e-05
8.317658829414707	0.0004861328580012536	7.710275099181985e-05
8.330665332666335	0.00047863197824793424	7.690127781356804e-05
8.34367183591796	0.00047374476966288714	7.670060176434568e-05
8.356678339169584	0.0004711270828611225	7.650071860643148e-05
8.369684842421211	0.0004705599155698792	7.630162412919361e-05
8.382691345672836	0.0004719216187487607	7.610331415608407e-05
8.395697848924463	0.0004751711309582962	7.590578452709718e-05
8.408704352176088	0.000480339303658317	7.570903112164018e-05
8.421710855427715	0.0004875267107844472	7.551304984010354e-05
8.43471735867934	0.0004969073187482964	7.531783660852387e-05
8.447723861930967	0.0005087382241035776	7.512338738879798e-05
8.460730365182592	0.0005233765086132269	7.492969815625639e-05
8.473736868434216	0.0005413052791117812	7.473676492530945e-05
8.486743371685844	0.0005631723528496391	7.454458373079564e-05
8.499749874937468	0.0005898470956753332	7.435315063397674e-05
8.512756378189096	0.0006225040212588517	7.416246172076146e-05
8.52576288144072	0.0006627464541212325	7.397251310758968e-05
8.538769384692348	0.0007127903930770341	7.378330093288366e-05
8.551775887943972	0.0007757374813799345	7.359482136048978e-05
8.5647823911956	0.0008559728024641888	7.340707057934548e-05
8.577788894447224	0.0009597103620158087	7.322004480214694e-05
8.590795397698848	0.0010956134266464357	7.303374027267662e-05
8.603801900950476	0.0012750470043669804	7.284815325026006e-05
8.6168084042021	0.0015104404451883324	7.266328002752953e-05
8.629814907453728	0.0018082344561282104	7.247911691210529e-05
8.642821410705352	0.0021537077431562635	7.229566024136158e-05
8.65582791395698	0.0025007507695472553	7.211290637665346e-05
8.668834417208604	0.0027932036645437197	7.193085169932001e-05
8.681840920460232	0.0029874097654245535	7.174949261901098e-05
8.694847423711856	0.0030436686910967348	7.156882556491606e-05
8.70785392696348	0.002956572631941823	7.138884698820736e-05
8.720860430215108	0.0027958133927485918	7.120955336892276e-05
8.733866933466732	0.002661395384645382	7.103094120286535e-05
8.74687343671836	0.002607320140258995	7.085300701104025e-05
8.759879939969984	0.0026327039371341066	7.067574733732318e-05
8.772886443221612	0.0027205178225784277	7.049915874923762e-05
8.785892946473236	0.002869570529941412	7.032323783218164e-05
8.798899449724864	0.0030892361555309167	7.014798119908683e-05
8.811905952976488	0.003351945972832837	6.99733854778728e-05
8.824912456228116	0.0035755586176137166	6.979944732254939e-05
8.83791895947974	0.003687919420843455	6.962616340711048e-05
8.850925462731364	0.003685873835855835	6.945353042520086e-05
8.863931965982992	0.003615164464437437	6.928154509522333e-05
8.876938469234616	0.003515392623151703	6.911020415489855e-05
8.889944972486244	0.0033967281914646374	6.893950435993279e-05
8.902951475737868	0.0032527389726367817	6.876944248557226e-05
8.915957978989496	0.003082552737675215	6.860001533903759e-05
8.92896448224112	0.0029306390937162696	6.843121973065802e-05
8.941970985492748	0.002867576500362956	6.826305250484666e-05
8.954977488744372	0.0029315776226626067	6.809551051745188e-05
8.967983991995997	0.0031082651392200233	6.792859064697065e-05
8.980990495247624	0.0033460601432712123	6.776228979143983e-05
8.993996998499249	0.003589822980609836	6.759660487021257e-05
9.007003501750876	0.003778770373076945	6.743153281607572e-05
9.0200100050025	0.003832226243299486	6.7267070591015e-05
9.033016508254128	0.003707873813103224	6.710321516567586e-05
9.046023011505753	0.003445483624783696	6.693996353468457e-05
9.05902951475738	0.0031497941500098214	6.677731271198528e-05
9.072036018009005	0.0029176228076347455	6.661525972795346e-05
9.085042521260629	0.002758291850521899	6.64538016326155e-05
9.098049024512257	0.002590898324611346	6.629293549076376e-05
9.111055527763881	0.002334496986390433	6.613265839139348e-05
9.124062031015509	0.0020046370874231556	6.597296744104142e-05
9.137068534267133	0.0016763675274580336	6.581385975601428e-05
9.15007503751876	0.0013989159525240602	6.565533248237276e-05
9.163081540770385	0.0011816480050709233	6.549738277128458e-05
9.176088044022013	0.001015643101908159	6.534000779967464e-05
9.189094547273637	0.0008887067161581497	6.518320476456285e-05
9.202101050525261	0.0007905177054456924	6.502697087074072e-05
9.215107553776889	0.0007134097715006948	6.487130334509317e-05
9.228114057028513	0.0006519202521284573	6.471619943348994e-05
9.241120560280141	0.000602187515839514	6.456165639290301e-05
9.254127063531765	0.0005614652711806167	6.44076715039521e-05
9.267133566783393	0.0005277778727983407	6.425424205880326e-05
9.280140070035017	0.0004996857732081361	6.410136537049471e-05
9.293146573286645	0.00047612770322358333	6.394903876227875e-05
9.30615307653827	0.00045631435718562763	6.379725957850191e-05
9.319159579789897	0.00043965643271459687	6.364602517838769e-05
9.332166083041521	0.00042571581823391824	6.349533293814602e-05
9.345172586293145	0.0004141727425500674	6.334518024753155e-05
9.358179089544773	0.0004048043699425019	6.319556451361841e-05
9.371185592796397	0.00039747213271845716	6.304648315946793e-05
9.384192096048025	0.00039211640054892527	6.289793362179719e-05
9.39719859929965	0.00038875815436156813	6.274991335697422e-05
9.410205102551277	0.0003875083753530628	6.260241983047088e-05
9.423211605802901	0.00038858708444444723	6.245545052696588e-05
9.43621810905453	0.0003923556116540716	6.230900294801334e-05
9.449224612306153	0.0003993680155669477	6.216307460349402e-05
9.462231115557778	0.00041045083552337935	6.201766302782463e-05
9.475237618809405	0.00042682424440043665	6.187276576019585e-05
9.48824412206103	0.00045027956004650704	6.172838036300199e-05
9.501250625312657	0.0004834168945812012	6.158450440640895e-05
9.514257128564282	0.0005298835917714184	6.144113547834618e-05
9.52726363181591	0.0005943194798939677	6.129827118417364e-05
9.540270135067534	0.0006810175669483831	6.115590913358115e-05
9.553276638319161	0.0007888753461441356	6.1014046962570845e-05
9.566283141570786	0.0009001383453787204	6.0872682313140025e-05
9.57928964482241	0.000971981299283109	6.073181284171891e-05
9.592296148074038	0.0009618241410966899	6.059143622605401e-05
9.605302651325662	0.0008764608071620827	6.045155014389181e-05
9.61830915457729	0.0007631899818991705	6.0312152305397326e-05
9.631315657828914	0.0006596520351280777	6.017324041474037e-05
9.644322161080542	0.0005786450075380145	6.00348122027361e-05
9.657328664332166	0.0005193360657264057	5.989686540741612e-05
9.670335167583794	0.0004771615715368771	5.975939778268824e-05
9.683341670835418	0.00044774091751920153	5.962240709511679e-05
9.696348174087042	0.00042777640106694825	5.948589112614311e-05
9.70935467733867	0.0004149966062650945	5.9349847662204525e-05
9.722361180590294	0.00040791399420225805	5.921427451605066e-05
9.735367683841922	0.0004056114926530574	5.907916950209646e-05
9.748374187093546	0.0004075958715581418	5.894453045196535e-05
9.761380690345174	0.000413711508832737	5.8810355208271936e-05
9.774387193596798	0.00042410310423779407	5.867664163039521e-05
9.787393696848426	0.0004392207089986	5.8543387581044826e-05
9.80040020010005	0.000459867339000386	5.8410590946356145e-05
9.813406703351678	0.00048729711796091646	5.827824961834871e-05
9.826413206603302	0.0005233805364690536	5.814636150225372e-05
9.839419709854926	0.0005708620612359105	5.801492451484869e-05
9.852426213106554	0.0006337368701667678	5.788393658523461e-05
9.865432716358178	0.0007177389700389059	5.7753395657056394e-05
9.878439219609806	0.0008307644911935697	5.762329968073132e-05
9.89144572286143	0.0009824703863636763	5.7493646626549655e-05
9.904452226113058	0.0011807267716060776	5.7364434461582015e-05
9.917458729364682	0.001420244890546818	5.723566118409629e-05
9.93046523261631	0.001662309298627096	5.710732478991787e-05
9.943471735867934	0.001829354283619966	5.69794232895271e-05
9.956478239119559	0.0018517534347382014	5.6851954710168684e-05
9.969484742371186	0.001730185224274261	5.672491707897631e-05
9.98249124562281	0.001535475971811806	5.659830844784164e-05
9.995497748874438	0.0013472601099401293	5.647212687043268e-05
10.008504252126063	0.001207533175879405	5.634637041274093e-05
10.02151075537769	0.0011255751639817069	5.622103715519078e-05
10.034517258629315	0.0010984818990132927	5.609612518764351e-05
10.047523761880942	0.0011231919736875984	5.597163261028548e-05
10.060530265132567	0.0012004879251563683	5.58475575299644e-05
10.07353676838419	0.001334784120350041	5.572389807351197e-05
10.086543271635819	0.0015300832714966184	5.5600652372533865e-05
10.099549774887443	0.0017813284026539922	5.5477818565519144e-05
10.11255627813907	0.002067482973499679	5.535539481282825e-05
10.125562781390695	0.0023556877447603597	5.52333792731563e-05
10.138569284642323	0.002599183024395213	5.5111770122295844e-05
10.151575787893947	0.0027402322660563527	5.4990565543255876e-05
10.164582291145575	0.002760252634016025	5.486976373236807e-05
10.177588794397199	0.0026859103157895747	5.474936289151522e-05
10.190595297648823	0.002543390243140542	5.4629361240787766e-05
10.20360180090045	0.002378525980283208	5.450975700016514e-05
10.216608304152075	0.0022657608368217286	5.439054840261637e-05
10.229614807403703	0.0022604550949343327	5.427173369942917e-05
10.242621310655327	0.002373523370917008	5.4153311138338545e-05
10.255627813906955	0.002562797077825474	5.403527898684146e-05
10.268634317158579	0.002725091186121742	5.3917635516431694e-05
10.281640820410207	0.002748666227143204	5.380037901181467e-05
10.294647323661831	0.0026275713496545228	5.368350776746578e-05
10.307653826913459	0.0024695831434635718	5.356702008185721e-05
10.320660330165083	0.0023774937260852003	5.345091426900428e-05
10.333666833416707	0.0023733453343123267	5.33351886483624e-05
10.346673336668335	0.002395706214275539	5.321984155037818e-05
10.35967983991996	0.0023441789429420323	5.310487131582331e-05
10.372686343171587	0.002167677327082229	5.299027629257491e-05
10.385692846423211	0.0019054926486951063	5.287605483972335e-05
10.398699349674839	0.0016345013918194207	5.276220531924558e-05
10.411705852926463	0.0014031911599644564	5.264872611254745e-05
10.424712356178091	0.0012174149341666052	5.2535615602145036e-05
10.437718859429715	0.001066628223762689	5.242287217899211e-05
10.45072536268134	0.000947162616168673	5.231049424969658e-05
10.463731865932967	0.0008612224841377802	5.219848022020024e-05
10.476738369184591	0.0008089320317808957	5.2086828513098204e-05
10.48974487243622	0.0007858464880544647	5.197553755798001e-05
10.502751375687843	0.000780329704401117	5.186460578932017e-05
10.515757878939471	0.0007708459264197387	5.175403165358361e-05
10.528764382191095	0.0007363651829210838	5.164381360411863e-05
10.541770885442723	0.000677430779395749	5.153395010437656e-05
10.554777388694347	0.000613255308761218	5.142443962269372e-05
10.567783891945972	0.0005601300819386701	5.131528063917479e-05
10.5807903951976	0.0005242782547483227	5.120647164302827e-05
10.593796898449224	0.0005062320321658209	5.1098011125461085e-05
10.606803401700851	0.000504122758172243	5.098989759100281e-05
10.619809904952476	0.0005129624534909727	5.088212955095539e-05
10.632816408204103	0.0005223068475089798	5.0774705527056874e-05
10.645822911455728	0.0005187581704508837	5.066762404493108e-05
10.658829414707355	0.0004949580858070179	5.0560883639749754e-05
10.67183591795898	0.000454609577888454	5.045448285312393e-05
10.684842421210604	0.00040860769402817354	5.034842023987629e-05
10.697848924462232	0.0003664691631011241	5.024269435927042e-05
10.710855427713856	0.0003319691674178449	5.013730377034786e-05
10.723861930965484	0.0003049327690447523	5.003224705790732e-05
10.736868434217108	0.00028388971434878396	4.9927522795645274e-05
10.749874937468736	0.0002673496213362325	4.982312957624302e-05
10.76288144072036	0.00025414321641381576	4.971906599848808e-05
10.775887943971988	0.00024342456760506614	4.9615330658170365e-05
10.788894447223612	0.00023459625040289644	4.9511922175393686e-05
10.801900950475236	0.0002272370327844886	4.940883916915162e-05
10.814907453726864	0.00022104789078636333	4.930608026265659e-05
10.827913956978488	0.00021581483780430677	4.920364409011224e-05
10.840920460230116	0.00021138405965481777	4.910152929382683e-05
10.85392696348174	0.0002076454660223659	4.89997345209936e-05
10.866933466733368	0.0002045219168586021	4.889825842768758e-05
10.879939969984992	0.00020196233444313982	4.879709967420265e-05
10.89294647323662	0.00019993758994563127	4.8696256933045134e-05
10.905952976488244	0.00019843852416145946	4.8595728878053635e-05
10.918959479739872	0.00019747580491846772	4.8495514193613865e-05
10.931965982991496	0.00019708160545983677	4.8395611572105146e-05
10.94497248624312	0.00019731336569772662	4.829601970923747e-05
10.957978989494748	0.0001982602286888513	4.8196737304939674e-05
10.970985492746372	0.00020005319572924396	4.8097763078791544e-05
10.983991995998	0.0002028807063341187	4.799909574038086e-05
10.996998499249624	0.0002070123420576664	4.790073401639283e-05
11.010005002501252	0.0002128347930114849	4.7802676639840946e-05
11.023011505752876	0.00022090606385594125	4.770492234595913e-05
11.036018009004504	0.00023203527052906292	4.760746988108355e-05
11.049024512256128	0.0002473923669920053	4.751031799277161e-05
11.062031015507753	0.0002686305139842915	4.74134654424585e-05
11.07503751875938	0.0002979183133273722	4.7316910989025907e-05
11.088044022011005	0.0003375108673561167	4.722065340811987e-05
11.101050525262632	0.00038786602739993015	4.712469146883613e-05
11.114057028514257	0.0004428589807418115	4.7029023959810345e-05
11.127063531765884	0.0004843101978655451	4.6933649667124655e-05
11.140070035017509	0.0004892180969294779	4.6838567389295704e-05
11.153076538269136	0.00045409873282797886	4.6743775921953556e-05
11.16608304152076	0.00039954947836828847	4.6649274080046155e-05
11.179089544772385	0.0003464444047774906	4.655506067252624e-05
11.192096048024013	0.00030348924607248584	4.646113451911571e-05
11.205102551275637	0.0002712561211964948	4.6367494448307234e-05
11.218109054527265	0.0002476682678360653	4.62741392907029e-05
11.231115557778889	0.00023047006438969841	4.618106788356613e-05
11.244122061030517	0.000217884876573482	4.608827907415236e-05
11.25712856428214	0.00020864365177297728	4.599577170993907e-05
11.270135067533769	0.00020186929532650666	4.590354464584223e-05
11.283141570785393	0.00019696092878607185	4.58115967436612e-05
11.296148074037017	0.00019350723708633222	4.57199268725228e-05
11.309154577288645	0.00019122714188857248	4.562853390455146e-05
11.322161080540269	0.0001899305185298905	4.5537416717200685e-05
11.335167583791897	0.00018949256481726184	4.5446574196805756e-05
11.348174087043521	0.0001898373033695222	4.5356005234364893e-05
11.361180590295149	0.00019092726731984033	4.526570872187552e-05
11.374187093546773	0.00019275753054881495	4.517568356743329e-05
11.3871935967984	0.00019535300224338137	4.508592867169536e-05
11.400200100050025	0.00019876843893740226	4.499644295141714e-05
11.413206603301653	0.00020309103880666868	4.490722532179969e-05
11.426213106553277	0.00020844585572632468	4.48182747079251e-05
11.439219609804901	0.00021500467776314203	4.472959003687382e-05
11.452226113056529	0.0002229995373637106	4.464117024660652e-05
11.465232616308153	0.00023274276205598188	4.4553014274972824e-05
11.478239119559781	0.00024465657691763454	4.446512106393019e-05
11.491245622811405	0.00025931691741654106	4.437748957031307e-05
11.504252126063033	0.00027751846704171523	4.429011874296229e-05
11.517258629314657	0.0003003708318621845	4.420300754637285e-05
11.530265132566285	0.0003294375238190872	4.411615494648302e-05
11.54327163581791	0.0003669228214601139	4.402955991522628e-05
11.556278139069533	0.00041587132062570475	4.394322142575735e-05
11.569284642321161	0.00048019516919906025	4.38571384628883e-05
11.582291145572785	0.000563914399314025	4.377131000909973e-05
11.595297648824413	0.00066822627102614	4.368573506075002e-05
11.608304152076037	0.0007856002187409672	4.3600412610089734e-05
11.621310655327665	0.0008977353779284769	4.351534166291415e-05
11.63431715857929	0.0009916890592523986	4.343052122257607e-05
11.647323661830917	0.0010767191701250844	4.334595030164312e-05
11.660330165082541	0.001165366873606466	4.326162791723487e-05
11.673336668334166	0.0012524958593501667	4.317755308802518e-05
11.686343171585793	0.0013236542904181414	4.309372484290197e-05
11.699349674837418	0.0013576217671277258	4.301014221197441e-05
11.712356178089045	0.001333005334473114	4.292680422968154e-05
11.72536268134067	0.0012617383530120208	4.284370993679065e-05
11.738369184592298	0.0011894106536621818	4.2760858378398936e-05
11.751375687843922	0.0011534630734940654	4.267824860559877e-05
11.76438219109555	0.0011569283700023636	4.2595879671813996e-05
11.777388694347174	0.0011720812476170295	4.25137506375739e-05
11.790395197598798	0.00116813293825202	4.243186056429593e-05
11.803401700850426	0.001137796657484369	4.235020852016991e-05
11.81640820410205	0.001081049054070915	4.226879358248947e-05
11.829414707353678	0.0009919809991141282	4.218761482288613e-05
11.842421210605302	0.0008822758568667322	4.210667132820145e-05
11.85542771385693	0.0007800932766524049	4.202596218016996e-05
11.868434217108554	0.0007053170478291682	4.1945486473626836e-05
11.881440720360182	0.0006641318735945978	4.1865243301741906e-05
11.894447223611806	0.0006564528271423287	4.178523176567861e-05
11.907453726863434	0.0006805286084828888	4.170545097004208e-05
11.920460230115058	0.0007317154749598709	4.162590002010358e-05
11.933466733366682	0.0007979764682670698	4.154657802968309e-05
11.94647323661831	0.0008611329184371463	4.1467484118373754e-05
11.959479739869934	0.0009079922882357927	4.1388617402438044e-05
11.972486243121562	0.0009290518113539425	4.130997701401462e-05
11.985492746373186	0.0009091271659261713	4.123156207769263e-05
11.998499249624814	0.0008441242033379037	4.1153371728164245e-05
12.011505752876438	0.0007545945710202284	4.107540510822627e-05
12.024512256128066	0.0006695641660283691	4.0997661353792125e-05
12.03751875937969	0.0006075202557566106	4.092013961543017e-05
12.050525262631314	0.0005734958983514282	4.084283904237651e-05
12.063531765882942	0.0005639193222266581	4.0765758787308926e-05
12.076538269134566	0.0005695067757074401	4.068889801089881e-05
12.089544772386194	0.0005788613909896156	4.0612255878924586e-05
12.102551275637818	0.0005850485244970338	4.053583155427809e-05
12.115557778889446	0.0005870324834956753	4.045962420706761e-05
12.12856428214107	0.0005860492818473562	4.038363301506198e-05
12.141570785392698	0.0005799541340355541	4.0307857154586735e-05
12.154577288644322	0.000561100799441161	4.0232295806519325e-05
12.167583791895947	0.0005258766479896426	4.015694816406068e-05
12.180590295147574	0.0004826770743366904	4.008181340808825e-05
12.193596798399199	0.0004453958007325509	4.000689073968555e-05
12.206603301650826	0.0004224897820261919	3.9932179356161335e-05
12.21960980490245	0.00041392228088710237	3.985767845571253e-05
12.232616308154078	0.00041247775638186823	3.978338724852648e-05
12.245622811405703	0.00040819750293041857	3.970930493879532e-05
12.25862931465733	0.0003972837806294205	3.963543074603226e-05
12.271635817908955	0.00038285638718482673	3.956176387809318e-05
12.284642321160579	0.00036479656315890896	3.948830356370614e-05
12.297648824412207	0.0003385767409740392	3.941504902416071e-05
12.31065532766383	0.0003048460996927238	3.934199948707473e-05
12.323661830915459	0.00027040553944102097	3.926915418361876e-05
12.336668334167083	0.00024065018623231627	3.919651235007038e-05
12.34967483741871	0.00021699637343230993	3.9124073222152056e-05
12.362681340670335	0.00019871747606203805	3.9051836047798716e-05
12.375687843921963	0.0001845954205115241	3.89798000670627e-05
12.388694347173587	0.00017355510036687338	3.8907964529766303e-05
12.401700850425215	0.00016478649563511638	3.8836328692948285e-05
12.414707353676839	0.00015770955843430468	3.876489181009468e-05
12.427713856928463	0.00015191366425693076	3.8693653140242645e-05
12.44072036018009	0.000147106715880585	3.862261195108907e-05
12.453726863431715	0.00014307853809270021	3.855176750122702e-05
12.466733366683343	0.00013967585809959715	3.848111906823437e-05
12.479739869934967	0.0001367854468860008	3.841066592524811e-05
12.492746373186595	0.0001343227488930232	3.834040734418398e-05
12.505752876438219	0.00013222415948677124	3.8270342607948926e-05
12.518759379689847	0.0001304417375176392	3.8200471002669545e-05
12.531765882941471	0.00012893956596227163	3.813079181003154e-05
12.544772386193095	0.00012769125230849276	3.806130432570942e-05
12.557778889444723	0.00012667824147938322	3.799200784027068e-05
12.570785392696347	0.00012588873407115564	3.792290165027801e-05
12.583791895947975	0.00012531708449881052	3.785398505784521e-05
12.5967983991996	0.00012496361370561981	3.7785257362421554e-05
12.609804902451227	0.00012483481970382293	3.771671787455855e-05
12.622811405702851	0.00012494401535689814	3.764836590292031e-05
12.635817908954479	0.0001253124737223832	3.7580200757503235e-05
12.648824412206103	0.00012597122635027436	3.751222175951696e-05
12.661830915457728	0.0001269637509090371	3.744442822262162e-05
12.674837418709355	0.0001283499190697368	3.737681947257876e-05
12.68784392196098	0.0001302117815430437	3.730939483348461e-05
12.700850425212607	0.00013266208680806635	3.7242153637429e-05
12.713856928464232	0.0001358569283109734	3.717509520873019e-05
12.72686343171586	0.00014001467903412834	3.710821888791571e-05
12.739869934967484	0.00014544448703890378	3.7041524010295035e-05
12.752876438219111	0.0001525890129684404	3.697500991806102e-05
12.765882941470736	0.0001620870522949236	3.69086759532955e-05
12.77888944472236	0.00017485892175528317	3.684252146118894e-05
12.791895947973988	0.00019219922015767388	3.677654579548051e-05
12.804902451225612	0.00021579067530719254	3.6710748306689744e-05
12.81790895447724	0.00024733354794159723	3.664512834877787e-05
12.830915457728864	0.00028699152668809624	3.657968528436584e-05
12.843921960980492	0.00032957894777996266	3.6514418468747145e-05
12.856928464232116	0.0003606039537850103	3.644932727353556e-05
12.869934967483744	0.00036285321035167684	3.6384411059686705e-05
12.882941470735368	0.0003351055701088512	3.631966919859231e-05
12.895947973986996	0.0002937390611235102	3.6255101067639295e-05
12.90895447723862	0.0002542008637073101	3.619070603522179e-05
12.921960980490244	0.00022258897452920312	3.612648348483294e-05
12.934967483741872	0.00019910770730913185	3.606243279774546e-05
12.947973986993496	0.00018212714425203114	3.599855335634228e-05
12.960980490245124	0.00016994285307958545	3.5934844547225175e-05
12.973986993496748	0.00016122671081109097	3.587130576121478e-05
12.986993496748376	0.00015503449712539474	3.580793639013091e-05
13.0	0.00015071571119951166	3.5744735829124075e-05
NEXT_SITE