-15.000000    0.003691  0.000535  0.003156 
-14.989997    0.003732  0.000536  0.003197 
-14.979993    0.003775  0.000536  0.003239 
-14.969990    0.003814  0.000537  0.003278 
-14.959987    0.003844  0.000537  0.003307 
-14.949983    0.003860  0.000538  0.003322 
-14.939980    0.003861  0.000538  0.003322 
-14.929977    0.003849  0.000539  0.003310 
-14.919973    0.003830  0.000540  0.003291 
-14.909970    0.003807  0.000540  0.003267 
-14.899967    0.003783  0.000541  0.003243 
-14.889963    0.003758  0.000541  0.003217 
-14.879960    0.003733  0.000542  0.003191 
-14.869957    0.003708  0.000542  0.003165 
-14.859953    0.003686  0.000543  0.003143 
-14.849950    0.003669  0.000544  0.003125 
-14.839947    0.003659  0.000544  0.003115 
-14.829943    0.003661  0.000545  0.003116 
-14.819940    0.003673  0.000545  0.003128 
-14.809937    0.003696  0.000546  0.003151 
-14.799933    0.003730  0.000547  0.003184 
-14.789930    0.003776  0.000547  0.003229 
-14.779927    0.003832  0.000548  0.003285 
-14.769923    0.003896  0.000548  0.003348 
-14.759920    0.003959  0.000549  0.003410 
-14.749917    0.004014  0.000550  0.003464 
-14.739913    0.004055  0.000550  0.003505 
-14.729910    0.004083  0.000551  0.003532 
-14.719907    0.004101  0.000551  0.003549 
-14.709903    0.004112  0.000552  0.003560 
-14.699900    0.004120  0.000552  0.003568 
-14.689897    0.004127  0.000553  0.003574 
-14.679893    0.004135  0.000554  0.003581 
-14.669890    0.004141  0.000554  0.003587 
-14.659887    0.004146  0.000555  0.003591 
-14.649883    0.004149  0.000555  0.003593 
-14.639880    0.004153  0.000556  0.003597 
-14.629877    0.004158  0.000557  0.003601 
-14.619873    0.004164  0.000557  0.003607 
-14.609870    0.004168  0.000558  0.003610 
-14.599867    0.004167  0.000559  0.003609 
-14.589863    0.004165  0.000559  0.003606 
-14.579860    0.004164  0.000560  0.003604 
-14.569857    0.004169  0.000560  0.003609 
-14.559853    0.004182  0.000561  0.003621 
-14.549850    0.004203  0.000562  0.003641 
-14.539847    0.004229  0.000562  0.003667 
-14.529843    0.004259  0.000563  0.003696 
-14.519840    0.004293  0.000563  0.003729 
-14.509837    0.004332  0.000564  0.003768 
-14.499833    0.004377  0.000565  0.003812 
-14.489830    0.004428  0.000565  0.003863 
-14.479827    0.004484  0.000566  0.003918 
-14.469823    0.004539  0.000567  0.003972 
-14.459820    0.004590  0.000567  0.004023 
-14.449817    0.004634  0.000568  0.004066 
-14.439813    0.004663  0.000568  0.004095 
-14.429810    0.004674  0.000569  0.004105 
-14.419807    0.004669  0.000570  0.004099 
-14.409803    0.004656  0.000570  0.004085 
-14.399800    0.004643  0.000571  0.004072 
-14.389797    0.004634  0.000572  0.004063 
-14.379793    0.004630  0.000572  0.004057 
-14.369790    0.004623  0.000573  0.004050 
-14.359787    0.004611  0.000573  0.004037 
-14.349783    0.004591  0.000574  0.004017 
-14.339780    0.004570  0.000575  0.003996 
-14.329777    0.004555  0.000575  0.003980 
-14.319773    0.004553  0.000576  0.003977 
-14.309770    0.004570  0.000577  0.003993 
-14.299767    0.004602  0.000577  0.004025 
-14.289763    0.004646  0.000578  0.004068 
-14.279760    0.004694  0.000579  0.004115 
-14.269757    0.004739  0.000579  0.004160 
-14.259753    0.004780  0.000580  0.004200 
-14.249750    0.004815  0.000580  0.004234 
-14.239747    0.004844  0.000581  0.004263 
-14.229743    0.004866  0.000582  0.004284 
-14.219740    0.004881  0.000582  0.004299 
-14.209737    0.004894  0.000583  0.004311 
-14.199733    0.004907  0.000584  0.004323 
-14.189730    0.004923  0.000584  0.004338 
-14.179727    0.004940  0.000585  0.004355 
-14.169723    0.004958  0.000586  0.004372 
-14.159720    0.004977  0.000586  0.004391 
-14.149717    0.005000  0.000587  0.004413 
-14.139713    0.005030  0.000588  0.004442 
-14.129710    0.005064  0.000588  0.004476 
-14.119707    0.005100  0.000589  0.004511 
-14.109703    0.005133  0.000590  0.004544 
-14.099700    0.005162  0.000590  0.004572 
-14.089697    0.005189  0.000591  0.004598 
-14.079693    0.005216  0.000592  0.004624 
-14.069690    0.005242  0.000592  0.004650 
-14.059687    0.005268  0.000593  0.004676 
-14.049683    0.005300  0.000594  0.004707 
-14.039680    0.005343  0.000594  0.004749 
-14.029677    0.005398  0.000595  0.004803 
-14.019673    0.005458  0.000596  0.004863 
-14.009670    0.005513  0.000596  0.004917 
-13.999667    0.005550  0.000597  0.004953 
-13.989663    0.005560  0.000598  0.004962 
-13.979660    0.005538  0.000598  0.004940 
-13.969657    0.005493  0.000599  0.004894 
-13.959653    0.005438  0.000600  0.004839 
-13.949650    0.005387  0.000600  0.004786 
-13.939647    0.005344  0.000601  0.004743 
-13.929643    0.005311  0.000602  0.004710 
-13.919640    0.005284  0.000602  0.004681 
-13.909637    0.005258  0.000603  0.004655 
-13.899633    0.005234  0.000604  0.004631 
-13.889630    0.005217  0.000604  0.004613 
-13.879627    0.005214  0.000605  0.004608 
-13.869623    0.005225  0.000606  0.004619 
-13.859620    0.005247  0.000606  0.004641 
-13.849617    0.005270  0.000607  0.004663 
-13.839613    0.005287  0.000608  0.004679 
-13.829610    0.005294  0.000609  0.004686 
-13.819607    0.005297  0.000609  0.004687 
-13.809603    0.005300  0.000610  0.004690 
-13.799600    0.005308  0.000611  0.004697 
-13.789597    0.005325  0.000611  0.004714 
-13.779593    0.005354  0.000612  0.004742 
-13.769590    0.005394  0.000613  0.004781 
-13.759587    0.005445  0.000613  0.004832 
-13.749583    0.005502  0.000614  0.004888 
-13.739580    0.005562  0.000615  0.004947 
-13.729577    0.005621  0.000615  0.005006 
-13.719573    0.005680  0.000616  0.005063 
-13.709570    0.005735  0.000617  0.005118 
-13.699567    0.005781  0.000618  0.005163 
-13.689563    0.005811  0.000618  0.005193 
-13.679560    0.005824  0.000619  0.005205 
-13.669557    0.005827  0.000620  0.005207 
-13.659553    0.005825  0.000620  0.005205 
-13.649550    0.005822  0.000621  0.005201 
-13.639547    0.005814  0.000622  0.005192 
-13.629543    0.005800  0.000623  0.005178 
-13.619540    0.005783  0.000623  0.005160 
-13.609537    0.005765  0.000624  0.005141 
-13.599533    0.005748  0.000625  0.005123 
-13.589530    0.005732  0.000625  0.005106 
-13.579527    0.005715  0.000626  0.005089 
-13.569523    0.005702  0.000627  0.005075 
-13.559520    0.005697  0.000628  0.005069 
-13.549517    0.005705  0.000628  0.005077 
-13.539513    0.005730  0.000629  0.005100 
-13.529510    0.005769  0.000630  0.005139 
-13.519507    0.005820  0.000631  0.005189 
-13.509503    0.005877  0.000631  0.005246 
-13.499500    0.005934  0.000632  0.005302 
-13.489496    0.005987  0.000633  0.005354 
-13.479493    0.006035  0.000633  0.005402 
-13.469490    0.006082  0.000634  0.005448 
-13.459486    0.006132  0.000635  0.005497 
-13.449483    0.006185  0.000636  0.005550 
-13.439480    0.006239  0.000636  0.005603 
-13.429476    0.006284  0.000637  0.005647 
-13.419473    0.006314  0.000638  0.005676 
-13.409470    0.006326  0.000639  0.005687 
-13.399466    0.006323  0.000639  0.005684 
-13.389463    0.006314  0.000640  0.005673 
-13.379460    0.006307  0.000641  0.005666 
-13.369456    0.006312  0.000642  0.005670 
-13.359453    0.006336  0.000642  0.005694 
-13.349450    0.006377  0.000643  0.005733 
-13.339446    0.006424  0.000644  0.005780 
-13.329443    0.006470  0.000645  0.005825 
-13.319440    0.006510  0.000645  0.005864 
-13.309436    0.006542  0.000646  0.005895 
-13.299433    0.006563  0.000647  0.005916 
-13.289430    0.006572  0.000648  0.005925 
-13.279426    0.006573  0.000648  0.005925 
-13.269423    0.006573  0.000649  0.005924 
-13.259420    0.006577  0.000650  0.005927 
-13.249416    0.006588  0.000651  0.005937 
-13.239413    0.006603  0.000652  0.005952 
-13.229410    0.006620  0.000652  0.005967 
-13.219406    0.006636  0.000653  0.005983 
-13.209403    0.006652  0.000654  0.005998 
-13.199400    0.006673  0.000655  0.006019 
-13.189396    0.006708  0.000655  0.006052 
-13.179393    0.006760  0.000656  0.006104 
-13.169390    0.006828  0.000657  0.006171 
-13.159386    0.006898  0.000658  0.006240 
-13.149383    0.006959  0.000658  0.006301 
-13.139380    0.007014  0.000659  0.006354 
-13.129376    0.007068  0.000660  0.006408 
-13.119373    0.007125  0.000661  0.006464 
-13.109370    0.007175  0.000662  0.006514 
-13.099366    0.007207  0.000662  0.006545 
-13.089363    0.007215  0.000663  0.006552 
-13.079360    0.007203  0.000664  0.006539 
-13.069356    0.007174  0.000665  0.006509 
-13.059353    0.007125  0.000666  0.006459 
-13.049350    0.007052  0.000666  0.006386 
-13.039346    0.006963  0.000667  0.006296 
-13.029343    0.006872  0.000668  0.006205 
-13.019340    0.006798  0.000669  0.006130 
-13.009336    0.006751  0.000670  0.006082 
-12.999333    0.006733  0.000670  0.006063 
-12.989330    0.006743  0.000671  0.006072 
-12.979326    0.006778  0.000672  0.006106 
-12.969323    0.006833  0.000673  0.006161 
-12.959320    0.006902  0.000674  0.006228 
-12.949316    0.006974  0.000674  0.006299 
-12.939313    0.007038  0.000675  0.006363 
-12.929310    0.007083  0.000676  0.006407 
-12.919306    0.007101  0.000677  0.006424 
-12.909303    0.007099  0.000678  0.006422 
-12.899300    0.007091  0.000678  0.006413 
-12.889296    0.007092  0.000679  0.006413 
-12.879293    0.007110  0.000680  0.006430 
-12.869290    0.007148  0.000681  0.006467 
-12.859286    0.007197  0.000682  0.006515 
-12.849283    0.007246  0.000683  0.006564 
-12.839280    0.007287  0.000683  0.006603 
-12.829276    0.007317  0.000684  0.006633 
-12.819273    0.007346  0.000685  0.006661 
-12.809270    0.007382  0.000686  0.006696 
-12.799266    0.007421  0.000687  0.006734 
-12.789263    0.007451  0.000687  0.006764 
-12.779260    0.007464  0.000688  0.006776 
-12.769256    0.007457  0.000689  0.006768 
-12.759253    0.007438  0.000690  0.006748 
-12.749250    0.007417  0.000691  0.006727 
-12.739246    0.007406  0.000692  0.006714 
-12.729243    0.007407  0.000692  0.006715 
-12.719240    0.007420  0.000693  0.006727 
-12.709236    0.007441  0.000694  0.006747 
-12.699233    0.007470  0.000695  0.006775 
-12.689230    0.007507  0.000696  0.006812 
-12.679226    0.007556  0.000697  0.006860 
-12.669223    0.007620  0.000698  0.006923 
-12.659220    0.007704  0.000698  0.007005 
-12.649216    0.007805  0.000699  0.007106 
-12.639213    0.007917  0.000700  0.007217 
-12.629210    0.008032  0.000701  0.007331 
-12.619206    0.008152  0.000702  0.007450 
-12.609203    0.008280  0.000703  0.007577 
-12.599200    0.008421  0.000704  0.007718 
-12.589196    0.008573  0.000704  0.007869 
-12.579193    0.008728  0.000705  0.008022 
-12.569190    0.008871  0.000706  0.008165 
-12.559186    0.008991  0.000707  0.008284 
-12.549183    0.009077  0.000708  0.008370 
-12.539180    0.009127  0.000709  0.008419 
-12.529176    0.009139  0.000710  0.008429 
-12.519173    0.009112  0.000711  0.008402 
-12.509170    0.009054  0.000711  0.008342 
-12.499166    0.008979  0.000712  0.008267 
-12.489163    0.008913  0.000713  0.008200 
-12.479160    0.008880  0.000714  0.008166 
-12.469156    0.008890  0.000715  0.008175 
-12.459153    0.008941  0.000716  0.008225 
-12.449150    0.009018  0.000717  0.008302 
-12.439146    0.009107  0.000718  0.008389 
-12.429143    0.009187  0.000718  0.008469 
-12.419140    0.009236  0.000719  0.008517 
-12.409136    0.009238  0.000720  0.008518 
-12.399133    0.009196  0.000721  0.008475 
-12.389130    0.009131  0.000722  0.008409 
-12.379126    0.009067  0.000723  0.008344 
-12.369123    0.009019  0.000724  0.008295 
-12.359120    0.008986  0.000725  0.008261 
-12.349116    0.008965  0.000726  0.008240 
-12.339113    0.008951  0.000727  0.008224 
-12.329110    0.008939  0.000727  0.008212 
-12.319106    0.008928  0.000728  0.008199 
-12.309103    0.008915  0.000729  0.008186 
-12.299100    0.008903  0.000730  0.008173 
-12.289096    0.008898  0.000731  0.008167 
-12.279093    0.008903  0.000732  0.008171 
-12.269090    0.008915  0.000733  0.008182 
-12.259086    0.008924  0.000734  0.008191 
-12.249083    0.008925  0.000735  0.008190 
-12.239080    0.008913  0.000736  0.008178 
-12.229076    0.008892  0.000737  0.008155 
-12.219073    0.008862  0.000738  0.008125 
-12.209070    0.008830  0.000738  0.008092 
-12.199066    0.008804  0.000739  0.008065 
-12.189063    0.008791  0.000740  0.008050 
-12.179060    0.008786  0.000741  0.008045 
-12.169056    0.008778  0.000742  0.008036 
-12.159053    0.008754  0.000743  0.008011 
-12.149050    0.008709  0.000744  0.007965 
-12.139046    0.008655  0.000745  0.007910 
-12.129043    0.008606  0.000746  0.007860 
-12.119040    0.008578  0.000747  0.007831 
-12.109036    0.008573  0.000748  0.007825 
-12.099033    0.008585  0.000749  0.007836 
-12.089030    0.008602  0.000750  0.007852 
-12.079026    0.008619  0.000751  0.007869 
-12.069023    0.008638  0.000752  0.007886 
-12.059020    0.008663  0.000753  0.007911 
-12.049016    0.008703  0.000753  0.007949 
-12.039013    0.008763  0.000754  0.008008 
-12.029010    0.008851  0.000755  0.008096 
-12.019006    0.008977  0.000756  0.008220 
-12.009003    0.009146  0.000757  0.008389 
-11.999000    0.009353  0.000758  0.008594 
-11.988996    0.009572  0.000759  0.008813 
-11.978993    0.009762  0.000760  0.009002 
-11.968990    0.009883  0.000761  0.009121 
-11.958986    0.009918  0.000762  0.009156 
-11.948983    0.009883  0.000763  0.009120 
-11.938980    0.009808  0.000764  0.009044 
-11.928976    0.009714  0.000765  0.008949 
-11.918973    0.009611  0.000766  0.008845 
-11.908970    0.009504  0.000767  0.008737 
-11.898966    0.009391  0.000768  0.008623 
-11.888963    0.009277  0.000769  0.008508 
-11.878960    0.009176  0.000770  0.008406 
-11.868956    0.009109  0.000771  0.008338 
-11.858953    0.009080  0.000772  0.008308 
-11.848950    0.009079  0.000773  0.008306 
-11.838946    0.009086  0.000774  0.008312 
-11.828943    0.009086  0.000775  0.008311 
-11.818940    0.009074  0.000776  0.008298 
-11.808936    0.009053  0.000777  0.008276 
-11.798933    0.009030  0.000778  0.008252 
-11.788930    0.009006  0.000779  0.008227 
-11.778926    0.008971  0.000780  0.008191 
-11.768923    0.008913  0.000781  0.008132 
-11.758920    0.008823  0.000782  0.008041 
-11.748916    0.008710  0.000783  0.007927 
-11.738913    0.008587  0.000784  0.007803 
-11.728910    0.008474  0.000785  0.007689 
-11.718906    0.008386  0.000786  0.007600 
-11.708903    0.008328  0.000787  0.007540 
-11.698900    0.008294  0.000788  0.007506 
-11.688896    0.008278  0.000789  0.007489 
-11.678893    0.008273  0.000790  0.007483 
-11.668890    0.008282  0.000791  0.007491 
-11.658886    0.008306  0.000792  0.007514 
-11.648883    0.008347  0.000793  0.007554 
-11.638880    0.008406  0.000794  0.007612 
-11.628876    0.008479  0.000795  0.007684 
-11.618873    0.008557  0.000796  0.007761 
-11.608870    0.008627  0.000797  0.007830 
-11.598866    0.008680  0.000798  0.007881 
-11.588863    0.008722  0.000799  0.007923 
-11.578860    0.008771  0.000801  0.007970 
-11.568856    0.008842  0.000802  0.008040 
-11.558853    0.008942  0.000803  0.008140 
-11.548850    0.009067  0.000804  0.008263 
-11.538846    0.009207  0.000805  0.008402 
-11.528843    0.009357  0.000806  0.008551 
-11.518840    0.009519  0.000807  0.008713 
-11.508836    0.009686  0.000808  0.008878 
-11.498833    0.009829  0.000809  0.009020 
-11.488830    0.009914  0.000810  0.009104 
-11.478826    0.009925  0.000811  0.009113 
-11.468823    0.009882  0.000812  0.009070 
-11.458820    0.009823  0.000813  0.009010 
-11.448816    0.009777  0.000814  0.008962 
-11.438813    0.009753  0.000815  0.008937 
-11.428810    0.009753  0.000816  0.008937 
-11.418806    0.009784  0.000818  0.008967 
-11.408803    0.009858  0.000819  0.009040 
-11.398800    0.009978  0.000820  0.009158 
-11.388796    0.010118  0.000821  0.009297 
-11.378793    0.010227  0.000822  0.009405 
-11.368790    0.010256  0.000823  0.009433 
-11.358786    0.010184  0.000824  0.009360 
-11.348783    0.010032  0.000825  0.009207 
-11.338780    0.009843  0.000826  0.009017 
-11.328776    0.009659  0.000827  0.008832 
-11.318773    0.009505  0.000828  0.008676 
-11.308770    0.009385  0.000830  0.008555 
-11.298766    0.009296  0.000831  0.008465 
-11.288763    0.009236  0.000832  0.008405 
-11.278760    0.009210  0.000833  0.008377 
-11.268756    0.009221  0.000834  0.008387 
-11.258753    0.009264  0.000835  0.008429 
-11.248750    0.009317  0.000836  0.008481 
-11.238746    0.009355  0.000837  0.008518 
-11.228743    0.009364  0.000838  0.008526 
-11.218740    0.009350  0.000840  0.008510 
-11.208736    0.009336  0.000841  0.008495 
-11.198733    0.009360  0.000842  0.008518 
-11.188730    0.009450  0.000843  0.008608 
-11.178726    0.009606  0.000844  0.008762 
-11.168723    0.009792  0.000845  0.008947 
-11.158720    0.009956  0.000846  0.009109 
-11.148716    0.010055  0.000848  0.009207 
-11.138713    0.010076  0.000849  0.009227 
-11.128710    0.010025  0.000850  0.009175 
-11.118706    0.009917  0.000851  0.009066 
-11.108703    0.009774  0.000852  0.008922 
-11.098700    0.009629  0.000853  0.008776 
-11.088696    0.009505  0.000854  0.008650 
-11.078693    0.009405  0.000856  0.008550 
-11.068690    0.009317  0.000857  0.008461 
-11.058686    0.009232  0.000858  0.008375 
-11.048683    0.009155  0.000859  0.008296 
-11.038680    0.009090  0.000860  0.008229 
-11.028676    0.009037  0.000861  0.008176 
-11.018673    0.009001  0.000863  0.008138 
-11.008670    0.008995  0.000864  0.008131 
-10.998666    0.009035  0.000865  0.008170 
-10.988663    0.009126  0.000866  0.008260 
-10.978660    0.009253  0.000867  0.008386 
-10.968656    0.009404  0.000868  0.008536 
-10.958653    0.009573  0.000870  0.008703 
-10.948650    0.009750  0.000871  0.008879 
-10.938646    0.009901  0.000872  0.009029 
-10.928643    0.009968  0.000873  0.009095 
-10.918640    0.009912  0.000874  0.009038 
-10.908636    0.009741  0.000876  0.008865 
-10.898633    0.009500  0.000877  0.008624 
-10.888630    0.009242  0.000878  0.008364 
-10.878626    0.009007  0.000879  0.008128 
-10.868623    0.008823  0.000880  0.007942 
-10.858620    0.008703  0.000882  0.007821 
-10.848616    0.008645  0.000883  0.007762 
-10.838613    0.008635  0.000884  0.007751 
-10.828610    0.008651  0.000885  0.007766 
-10.818606    0.008672  0.000886  0.007786 
-10.808603    0.008688  0.000888  0.007801 
-10.798600    0.008701  0.000889  0.007812 
-10.788596    0.008721  0.000890  0.007831 
-10.778593    0.008764  0.000891  0.007873 
-10.768590    0.008842  0.000893  0.007950 
-10.758586    0.008953  0.000894  0.008059 
-10.748583    0.009078  0.000895  0.008183 
-10.738580    0.009194  0.000896  0.008298 
-10.728576    0.009292  0.000898  0.008394 
-10.718573    0.009380  0.000899  0.008481 
-10.708570    0.009476  0.000900  0.008576 
-10.698566    0.009592  0.000901  0.008690 
-10.688563    0.009715  0.000903  0.008812 
-10.678560    0.009818  0.000904  0.008915 
-10.668556    0.009876  0.000905  0.008971 
-10.658553    0.009879  0.000906  0.008972 
-10.648550    0.009828  0.000908  0.008920 
-10.638546    0.009738  0.000909  0.008829 
-10.628543    0.009629  0.000910  0.008718 
-10.618540    0.009522  0.000911  0.008611 
-10.608536    0.009424  0.000913  0.008512 
-10.598533    0.009332  0.000914  0.008418 
-10.588530    0.009243  0.000915  0.008328 
-10.578526    0.009157  0.000917  0.008240 
-10.568523    0.009063  0.000918  0.008145 
-10.558520    0.008950  0.000919  0.008031 
-10.548516    0.008818  0.000920  0.007897 
-10.538513    0.008684  0.000922  0.007762 
-10.528510    0.008575  0.000923  0.007652 
-10.518506    0.008509  0.000924  0.007584 
-10.508503    0.008484  0.000926  0.007559 
-10.498499    0.008488  0.000927  0.007561 
-10.488496    0.008499  0.000928  0.007571 
-10.478493    0.008500  0.000930  0.007570 
-10.468489    0.008488  0.000931  0.007557 
-10.458486    0.008470  0.000932  0.007537 
-10.448483    0.008458  0.000934  0.007524 
-10.438479    0.008462  0.000935  0.007527 
-10.428476    0.008481  0.000936  0.007545 
-10.418473    0.008509  0.000937  0.007572 
-10.408469    0.008545  0.000939  0.007607 
-10.398466    0.008595  0.000940  0.007655 
-10.388463    0.008668  0.000941  0.007726 
-10.378459    0.008765  0.000943  0.007822 
-10.368456    0.008882  0.000944  0.007938 
-10.358453    0.009012  0.000946  0.008066 
-10.348449    0.009142  0.000947  0.008195 
-10.338446    0.009260  0.000948  0.008311 
-10.328443    0.009348  0.000950  0.008398 
-10.318439    0.009388  0.000951  0.008437 
-10.308436    0.009377  0.000952  0.008425 
-10.298433    0.009335  0.000954  0.008381 
-10.288429    0.009296  0.000955  0.008341 
-10.278426    0.009290  0.000956  0.008334 
-10.268423    0.009333  0.000958  0.008375 
-10.258419    0.009420  0.000959  0.008461 
-10.248416    0.009533  0.000961  0.008572 
-10.238413    0.009633  0.000962  0.008671 
-10.228409    0.009674  0.000963  0.008711 
-10.218406    0.009620  0.000965  0.008655 
-10.208403    0.009469  0.000966  0.008503 
-10.198399    0.009258  0.000967  0.008291 
-10.188396    0.009035  0.000969  0.008066 
-10.178393    0.008834  0.000970  0.007864 
-10.168389    0.008669  0.000972  0.007698 
-10.158386    0.008546  0.000973  0.007573 
-10.148383    0.008464  0.000974  0.007489 
-10.138379    0.008420  0.000976  0.007444 
-10.128376    0.008412  0.000977  0.007435 
-10.118373    0.008437  0.000979  0.007458 
-10.108369    0.008488  0.000980  0.007508 
-10.098366    0.008555  0.000982  0.007574 
-10.088363    0.008625  0.000983  0.007642 
-10.078359    0.008683  0.000984  0.007699 
-10.068356    0.008725  0.000986  0.007739 
-10.058353    0.008757  0.000987  0.007770 
-10.048349    0.008791  0.000989  0.007802 
-10.038346    0.008832  0.000990  0.007842 
-10.028343    0.008884  0.000992  0.007892 
-10.018339    0.008948  0.000993  0.007955 
-10.008336    0.009030  0.000994  0.008035 
-9.998333    0.009136  0.000996  0.008140 
-9.988329    0.009266  0.000997  0.008269 
-9.978326    0.009415  0.000999  0.008416 
-9.968323    0.009559  0.001000  0.008558 
-9.958319    0.009663  0.001002  0.008661 
-9.948316    0.009695  0.001003  0.008692 
-9.938313    0.009647  0.001005  0.008643 
-9.928309    0.009535  0.001006  0.008529 
-9.918306    0.009388  0.001008  0.008381 
-9.908303    0.009238  0.001009  0.008229 
-9.898299    0.009105  0.001011  0.008094 
-9.888296    0.009000  0.001012  0.007987 
-9.878293    0.008923  0.001014  0.007909 
-9.868289    0.008868  0.001015  0.007853 
-9.858286    0.008828  0.001017  0.007811 
-9.848283    0.008794  0.001018  0.007776 
-9.838279    0.008764  0.001020  0.007745 
-9.828276    0.008741  0.001021  0.007720 
-9.818273    0.008727  0.001023  0.007705 
-9.808269    0.008723  0.001024  0.007699 
-9.798266    0.008728  0.001026  0.007702 
-9.788263    0.008742  0.001027  0.007715 
-9.778259    0.008764  0.001029  0.007735 
-9.768256    0.008793  0.001030  0.007763 
-9.758253    0.008829  0.001032  0.007797 
-9.748249    0.008872  0.001033  0.007838 
-9.738246    0.008922  0.001035  0.007887 
-9.728243    0.008979  0.001037  0.007943 
-9.718239    0.009045  0.001038  0.008007 
-9.708236    0.009122  0.001040  0.008082 
-9.698233    0.009211  0.001041  0.008169 
-9.688229    0.009314  0.001043  0.008272 
-9.678226    0.009437  0.001044  0.008393 
-9.668223    0.009584  0.001046  0.008538 
-9.658219    0.009762  0.001047  0.008715 
-9.648216    0.009980  0.001049  0.008931 
-9.638213    0.010246  0.001051  0.009195 
-9.628209    0.010568  0.001052  0.009516 
-9.618206    0.010944  0.001054  0.009890 
-9.608203    0.011350  0.001055  0.010295 
-9.598199    0.011726  0.001057  0.010669 
-9.588196    0.011975  0.001059  0.010917 
-9.578193    0.012019  0.001060  0.010959 
-9.568189    0.011858  0.001062  0.010796 
-9.558186    0.011571  0.001063  0.010507 
-9.548183    0.011253  0.001065  0.010188 
-9.538179    0.010966  0.001067  0.009899 
-9.528176    0.010734  0.001068  0.009666 
-9.518173    0.010559  0.001070  0.009489 
-9.508169    0.010435  0.001071  0.009363 
-9.498166    0.010352  0.001073  0.009279 
-9.488163    0.010302  0.001075  0.009227 
-9.478159    0.010280  0.001076  0.009204 
-9.468156    0.010281  0.001078  0.009203 
-9.458153    0.010303  0.001080  0.009223 
-9.448149    0.010342  0.001081  0.009260 
-9.438146    0.010397  0.001083  0.009314 
-9.428143    0.010466  0.001085  0.009382 
-9.418139    0.010550  0.001086  0.009463 
-9.408136    0.010646  0.001088  0.009558 
-9.398133    0.010757  0.001090  0.009667 
-9.388129    0.010885  0.001091  0.009794 
-9.378126    0.011037  0.001093  0.009944 
-9.368123    0.011222  0.001095  0.010128 
-9.358119    0.011446  0.001096  0.010350 
-9.348116    0.011709  0.001098  0.010611 
-9.338113    0.011998  0.001100  0.010899 
-9.328109    0.012287  0.001101  0.011186 
-9.318106    0.012544  0.001103  0.011441 
-9.308103    0.012750  0.001105  0.011645 
-9.298099    0.012902  0.001107  0.011796 
-9.288096    0.012994  0.001108  0.011886 
-9.278093    0.013008  0.001110  0.011898 
-9.268089    0.012941  0.001112  0.011829 
-9.258086    0.012823  0.001113  0.011709 
-9.248083    0.012697  0.001115  0.011582 
-9.238079    0.012593  0.001117  0.011476 
-9.228076    0.012518  0.001119  0.011400 
-9.218073    0.012469  0.001120  0.011349 
-9.208069    0.012447  0.001122  0.011325 
-9.198066    0.012457  0.001124  0.011333 
-9.188063    0.012509  0.001126  0.011383 
-9.178059    0.012611  0.001127  0.011483 
-9.168056    0.012771  0.001129  0.011642 
-9.158053    0.012996  0.001131  0.011865 
-9.148049    0.013291  0.001133  0.012158 
-9.138046    0.013647  0.001134  0.012513 
-9.128043    0.014033  0.001136  0.012896 
-9.118039    0.014377  0.001138  0.013239 
-9.108036    0.014586  0.001140  0.013446 
-9.098033    0.014598  0.001142  0.013456 
-9.088029    0.014435  0.001143  0.013292 
-9.078026    0.014185  0.001145  0.013040 
-9.068023    0.013933  0.001147  0.012786 
-9.058019    0.013728  0.001149  0.012579 
-9.048016    0.013588  0.001151  0.012437 
-9.038013    0.013513  0.001152  0.012361 
-9.028009    0.013500  0.001154  0.012346 
-9.018006    0.013543  0.001156  0.012387 
-9.008003    0.013639  0.001158  0.012481 
-8.997999    0.013786  0.001160  0.012627 
-8.987996    0.013985  0.001162  0.012823 
-8.977993    0.014227  0.001163  0.013063 
-8.967989    0.014494  0.001165  0.013329 
-8.957986    0.014753  0.001167  0.013586 
-8.947983    0.014962  0.001169  0.013793 
-8.937979    0.015104  0.001171  0.013934 
-8.927976    0.015203  0.001173  0.014030 
-8.917973    0.015305  0.001175  0.014130 
-8.907969    0.015455  0.001176  0.014279 
-8.897966    0.015683  0.001178  0.014505 
-8.887963    0.016006  0.001180  0.014825 
-8.877959    0.016435  0.001182  0.015253 
-8.867956    0.016987  0.001184  0.015803 
-8.857953    0.017686  0.001186  0.016501 
-8.847949    0.018571  0.001188  0.017383 
-8.837946    0.019675  0.001190  0.018485 
-8.827943    0.021006  0.001192  0.019815 
-8.817939    0.022493  0.001194  0.021300 
-8.807936    0.023925  0.001196  0.022729 
-8.797933    0.024943  0.001197  0.023746 
-8.787929    0.025200  0.001199  0.024000 
-8.777926    0.024620  0.001201  0.023419 
-8.767923    0.023472  0.001203  0.022269 
-8.757919    0.022139  0.001205  0.020934 
-8.747916    0.020894  0.001207  0.019687 
-8.737913    0.019859  0.001209  0.018650 
-8.727909    0.019054  0.001211  0.017843 
-8.717906    0.018454  0.001213  0.017241 
-8.707903    0.018026  0.001215  0.016810 
-8.697899    0.017737  0.001217  0.016519 
-8.687896    0.017562  0.001219  0.016343 
-8.677893    0.017483  0.001221  0.016262 
-8.667889    0.017488  0.001223  0.016265 
-8.657886    0.017571  0.001225  0.016346 
-8.647883    0.017731  0.001227  0.016504 
-8.637879    0.017969  0.001229  0.016740 
-8.627876    0.018289  0.001231  0.017058 
-8.617873    0.018693  0.001233  0.017460 
-8.607869    0.019174  0.001235  0.017938 
-8.597866    0.019709  0.001237  0.018472 
-8.587863    0.020273  0.001239  0.019034 
-8.577859    0.020858  0.001241  0.019616 
-8.567856    0.021504  0.001243  0.020261 
-8.557853    0.022291  0.001245  0.021046 
-8.547849    0.023296  0.001247  0.022049 
-8.537846    0.024562  0.001249  0.023312 
-8.527843    0.026054  0.001252  0.024803 
-8.517839    0.027612  0.001254  0.026358 
-8.507836    0.028908  0.001256  0.027652 
-8.497833    0.029552  0.001258  0.028295 
-8.487829    0.029350  0.001260  0.028090 
-8.477826    0.028460  0.001262  0.027198 
-8.467823    0.027255  0.001264  0.025991 
-8.457819    0.026073  0.001266  0.024807 
-8.447816    0.025105  0.001268  0.023837 
-8.437813    0.024419  0.001270  0.023149 
-8.427809    0.024019  0.001273  0.022746 
-8.417806    0.023887  0.001275  0.022613 
-8.407803    0.024007  0.001277  0.022730 
-8.397799    0.024371  0.001279  0.023092 
-8.387796    0.024984  0.001281  0.023703 
-8.377793    0.025865  0.001283  0.024582 
-8.367789    0.027052  0.001285  0.025767 
-8.357786    0.028592  0.001288  0.027304 
-8.347783    0.030503  0.001290  0.029213 
-8.337779    0.032703  0.001292  0.031411 
-8.327776    0.034913  0.001294  0.033619 
-8.317773    0.036618  0.001296  0.035322 
-8.307769    0.037251  0.001299  0.035953 
-8.297766    0.036604  0.001301  0.035303 
-8.287763    0.035010  0.001303  0.033707 
-8.277759    0.033057  0.001305  0.031752 
-8.267756    0.031211  0.001308  0.029904 
-8.257753    0.029701  0.001310  0.028391 
-8.247749    0.028583  0.001312  0.027271 
-8.237746    0.027840  0.001314  0.026526 
-8.227743    0.027434  0.001317  0.026118 
-8.217739    0.027334  0.001319  0.026015 
-8.207736    0.027524  0.001321  0.026203 
-8.197733    0.028005  0.001323  0.026682 
-8.187729    0.028796  0.001326  0.027470 
-8.177726    0.029916  0.001328  0.028588 
-8.167723    0.031368  0.001330  0.030038 
-8.157719    0.033087  0.001333  0.031754 
-8.147716    0.034869  0.001335  0.033534 
-8.137713    0.036330  0.001337  0.034993 
-8.127709    0.037028  0.001340  0.035688 
-8.117706    0.036765  0.001342  0.035423 
-8.107703    0.035770  0.001344  0.034426 
-8.097699    0.034503  0.001347  0.033156 
-8.087696    0.033346  0.001349  0.031997 
-8.077693    0.032491  0.001351  0.031139 
-8.067689    0.031983  0.001354  0.030629 
-8.057686    0.031781  0.001356  0.030425 
-8.047683    0.031785  0.001359  0.030426 
-8.037679    0.031858  0.001361  0.030497 
-8.027676    0.031879  0.001363  0.030516 
-8.017673    0.031816  0.001366  0.030450 
-8.007669    0.031724  0.001368  0.030356 
-7.997666    0.031669  0.001371  0.030298 
-7.987663    0.031648  0.001373  0.030275 
-7.977659    0.031595  0.001376  0.030219 
-7.967656    0.031459  0.001378  0.030080 
-7.957653    0.031266  0.001381  0.029886 
-7.947649    0.031097  0.001383  0.029714 
-7.937646    0.031022  0.001386  0.029637 
-7.927643    0.031067  0.001388  0.029679 
-7.917639    0.031204  0.001391  0.029813 
-7.907636    0.031372  0.001393  0.029979 
-7.897633    0.031509  0.001396  0.030113 
-7.887629    0.031583  0.001398  0.030184 
-7.877626    0.031616  0.001401  0.030215 
-7.867623    0.031667  0.001404  0.030264 
-7.857619    0.031793  0.001406  0.030387 
-7.847616    0.032022  0.001409  0.030613 
-7.837613    0.032354  0.001412  0.030942 
-7.827609    0.032770  0.001414  0.031356 
-7.817606    0.033251  0.001417  0.031834 
-7.807603    0.033787  0.001420  0.032367 
-7.797599    0.034382  0.001422  0.032959 
-7.787596    0.035032  0.001425  0.033606 
-7.777593    0.035692  0.001428  0.034264 
-7.767589    0.036273  0.001431  0.034842 
-7.757586    0.036697  0.001434  0.035264 
-7.747583    0.036957  0.001436  0.035520 
-7.737579    0.037115  0.001439  0.035675 
-7.727576    0.037259  0.001442  0.035817 
-7.717573    0.037460  0.001445  0.036014 
-7.707569    0.037757  0.001448  0.036309 
-7.697566    0.038177  0.001451  0.036725 
-7.687563    0.038744  0.001454  0.037290 
-7.677559    0.039489  0.001457  0.038032 
-7.667556    0.040441  0.001460  0.038980 
-7.657553    0.041620  0.001464  0.040156 
-7.647549    0.043027  0.001467  0.041560 
-7.637546    0.044633  0.001470  0.043163 
-7.627543    0.046369  0.001473  0.044896 
-7.617539    0.048147  0.001477  0.046670 
-7.607536    0.049880  0.001480  0.048399 
-7.597533    0.051502  0.001484  0.050018 
-7.587529    0.052953  0.001488  0.051465 
-7.577526    0.054168  0.001491  0.052677 
-7.567523    0.055129  0.001495  0.053634 
-7.557519    0.055912  0.001499  0.054413 
-7.547516    0.056638  0.001503  0.055135 
-7.537513    0.057400  0.001507  0.055892 
-7.527509    0.058251  0.001512  0.056740 
-7.517506    0.059218  0.001516  0.057702 
-7.507503    0.060307  0.001521  0.058786 
-7.497499    0.061514  0.001526  0.059988 
-7.487496    0.062825  0.001532  0.061293 
-7.477492    0.064198  0.001537  0.062661 
-7.467489    0.065557  0.001543  0.064014 
-7.457486    0.066830  0.001550  0.065280 
-7.447482    0.068023  0.001557  0.066467 
-7.437479    0.069253  0.001564  0.067689 
-7.427476    0.070683  0.001572  0.069111 
-7.417472    0.072415  0.001581  0.070834 
-7.407469    0.074449  0.001591  0.072858 
-7.397466    0.076743  0.001603  0.075140 
-7.387462    0.079269  0.001616  0.077653 
-7.377459    0.082014  0.001630  0.080384 
-7.367456    0.084909  0.001647  0.083261 
-7.357452    0.087799  0.001667  0.086132 
-7.347449    0.090538  0.001691  0.088847 
-7.337446    0.093085  0.001719  0.091366 
-7.327442    0.095502  0.001754  0.093748 
-7.317439    0.097930  0.001797  0.096133 
-7.307436    0.100584  0.001850  0.098734 
-7.297432    0.103694  0.001916  0.101779 
-7.287429    0.107393  0.001999  0.105394 
-7.277426    0.111640  0.002101  0.109539 
-7.267422    0.116236  0.002221  0.114014 
-7.257419    0.120888  0.002353  0.118535 
-7.247416    0.125328  0.002473  0.122854 
-7.237412    0.129438  0.002550  0.126888 
-7.227409    0.133264  0.002555  0.130709 
-7.217406    0.136925  0.002487  0.134437 
-7.207402    0.140569  0.002374  0.138195 
-7.197399    0.144310  0.002248  0.142061 
-7.187396    0.148105  0.002132  0.145972 
-7.177392    0.151799  0.002035  0.149764 
-7.167389    0.155389  0.001957  0.153432 
-7.157386    0.159169  0.001896  0.157274 
-7.147382    0.163552  0.001848  0.161704 
-7.137379    0.168837  0.001811  0.167026 
-7.127376    0.175122  0.001781  0.173340 
-7.117372    0.182236  0.001759  0.180478 
-7.107369    0.189800  0.001740  0.188059 
-7.097366    0.197501  0.001726  0.195775 
-7.087362    0.205327  0.001715  0.203612 
-7.077359    0.213522  0.001706  0.211816 
-7.067356    0.222201  0.001699  0.220502 
-7.057352    0.230788  0.001693  0.229095 
-7.047349    0.238027  0.001689  0.236338 
-7.037346    0.242828  0.001685  0.241142 
-7.027342    0.245107  0.001683  0.243425 
-7.017339    0.245882  0.001681  0.244201 
-7.007336    0.246714  0.001680  0.245034 
-6.997332    0.248958  0.001679  0.247279 
-6.987329    0.253337  0.001679  0.251658 
-6.977326    0.260000  0.001679  0.258321 
-6.967322    0.268862  0.001680  0.267182 
-6.957319    0.279916  0.001680  0.278235 
-6.947316    0.293363  0.001681  0.291682 
-6.937312    0.309609  0.001682  0.307926 
-6.927309    0.328967  0.001684  0.327283 
-6.917306    0.351101  0.001685  0.349416 
-6.907302    0.374823  0.001687  0.373136 
-6.897299    0.398501  0.001689  0.396812 
-6.887296    0.420435  0.001691  0.418744 
-6.877292    0.439156  0.001693  0.437463 
-6.867289    0.454354  0.001695  0.452658 
-6.857286    0.467435  0.001697  0.465737 
-6.847282    0.480281  0.001700  0.478582 
-6.837279    0.493448  0.001702  0.491746 
-6.827276    0.506196  0.001705  0.504491 
-6.817272    0.518344  0.001707  0.516637 
-6.807269    0.531449  0.001710  0.529739 
-6.797266    0.548072  0.001712  0.546359 
-6.787262    0.570298  0.001715  0.568582 
-6.777259    0.598670  0.001718  0.596952 
-6.767256    0.632135  0.001721  0.630415 
-6.757252    0.669192  0.001724  0.667469 
-6.747249    0.709034  0.001726  0.707308 
-6.737246    0.751172  0.001729  0.749443 
-6.727242    0.794483  0.001732  0.792751 
-6.717239    0.837767  0.001735  0.836032 
-6.707236    0.880870  0.001738  0.879131 
-6.697232    0.923705  0.001741  0.921963 
-6.687229    0.964266  0.001744  0.962522 
-6.677226    0.999867  0.001747  0.998120 
-6.667222    1.031317  0.001751  1.029566 
-6.657219    1.064138  0.001754  1.062385 
-6.647216    1.104800  0.001757  1.103043 
-6.637212    1.156489  0.001760  1.154729 
-6.627209    1.218238  0.001763  1.216475 
-6.617206    1.286822  0.001766  1.285055 
-6.607202    1.358669  0.001770  1.356899 
-6.597199    1.430652  0.001773  1.428879 
-6.587196    1.499963  0.001776  1.498187 
-6.577192    1.562998  0.001780  1.561219 
-6.567189    1.616171  0.001783  1.614388 
-6.557186    1.660383  0.001786  1.658597 
-6.547182    1.702139  0.001790  1.700349 
-6.537179    1.747291  0.001793  1.745498 
-6.527176    1.794986  0.001796  1.793190 
-6.517172    1.838503  0.001800  1.836704 
-6.507169    1.871306  0.001803  1.869503 
-6.497166    1.892773  0.001807  1.890966 
-6.487162    1.909276  0.001810  1.907466 
-6.477159    1.929326  0.001814  1.927512 
-6.467156    1.957177  0.001817  1.955360 
-6.457152    1.990843  0.001821  1.989022 
-6.447149    2.024403  0.001824  2.022579 
-6.437146    2.052917  0.001828  2.051089 
-6.427142    2.077261  0.001831  2.075430 
-6.417139    2.103450  0.001835  2.101616 
-6.407136    2.136290  0.001838  2.134452 
-6.397132    2.175385  0.001842  2.173543 
-6.387129    2.218577  0.001845  2.216732 
-6.377126    2.266358  0.001849  2.264509 
-6.367122    2.320231  0.001853  2.318378 
-6.357119    2.378530  0.001856  2.376674 
-6.347116    2.434945  0.001860  2.433084 
-6.337112    2.479168  0.001864  2.477304 
-6.327109    2.500279  0.001867  2.498412 
-6.317106    2.494268  0.001871  2.492397 
-6.307102    2.468855  0.001875  2.466980 
-6.297099    2.437799  0.001879  2.435921 
-6.287096    2.410563  0.001882  2.408681 
-6.277092    2.387121  0.001886  2.385235 
-6.267089    2.360413  0.001890  2.358523 
-6.257086    2.322452  0.001894  2.320558 
-6.247082    2.266761  0.001897  2.264864 
-6.237079    2.189732  0.001901  2.187830 
-6.227076    2.096117  0.001905  2.094212 
-6.217072    2.000455  0.001909  1.998546 
-6.207069    1.918977  0.001913  1.917064 
-6.197066    1.860836  0.001917  1.858919 
-6.187062    1.826530  0.001920  1.824610 
-6.177059    1.811069  0.001924  1.809145 
-6.167056    1.806482  0.001928  1.804554 
-6.157052    1.803043  0.001932  1.801111 
-6.147049    1.792035  0.001936  1.790099 
-6.137046    1.769906  0.001940  1.767966 
-6.127042    1.739330  0.001944  1.737386 
-6.117039    1.705853  0.001948  1.703905 
-6.107036    1.673991  0.001952  1.672039 
-6.097032    1.645918  0.001956  1.643962 
-6.087029    1.622010  0.001960  1.620050 
-6.077026    1.601080  0.001964  1.599116 
-6.067022    1.581171  0.001968  1.579203 
-6.057019    1.562346  0.001972  1.560373 
-6.047016    1.547613  0.001976  1.545637 
-6.037012    1.539200  0.001980  1.537220 
-6.027009    1.535237  0.001984  1.533252 
-6.017006    1.530910  0.001989  1.528922 
-6.007002    1.521554  0.001993  1.519562 
-5.996999    1.504634  0.001997  1.502638 
-5.986996    1.480658  0.002001  1.478657 
-5.976992    1.452935  0.002005  1.450930 
-5.966989    1.426757  0.002009  1.424747 
-5.956986    1.408812  0.002013  1.406798 
-5.946982    1.404958  0.002018  1.402941 
-5.936979    1.416842  0.002022  1.414820 
-5.926976    1.441506  0.002026  1.439480 
-5.916972    1.474837  0.002030  1.472807 
-5.906969    1.514293  0.002035  1.512258 
-5.896966    1.557934  0.002039  1.555895 
-5.886962    1.601285  0.002043  1.599241 
-5.876959    1.634619  0.002048  1.632571 
-5.866956    1.645320  0.002052  1.643268 
-5.856952    1.627192  0.002056  1.625136 
-5.846949    1.587548  0.002061  1.585487 
-5.836946    1.542487  0.002065  1.540422 
-5.826942    1.505917  0.002069  1.503848 
-5.816939    1.482920  0.002074  1.480846 
-5.806936    1.469933  0.002078  1.467855 
-5.796932    1.459366  0.002083  1.457284 
-5.786929    1.444992  0.002087  1.442906 
-5.776926    1.424393  0.002091  1.422301 
-5.766922    1.397907  0.002096  1.395811 
-5.756919    1.367455  0.002100  1.365354 
-5.746916    1.337021  0.002105  1.334916 
-5.736912    1.312649  0.002109  1.310539 
-5.726909    1.300589  0.002114  1.298475 
-5.716906    1.305039  0.002118  1.302920 
-5.706902    1.327075  0.002123  1.324952 
-5.696899    1.364670  0.002128  1.362542 
-5.686896    1.413229  0.002132  1.411097 
-5.676892    1.466652  0.002137  1.464516 
-5.666889    1.518109  0.002141  1.515967 
-5.656886    1.561015  0.002146  1.558869 
-5.646882    1.591935  0.002151  1.589785 
-5.636879    1.612213  0.002155  1.610058 
-5.626876    1.624599  0.002160  1.622439 
-5.616872    1.628458  0.002165  1.626293 
-5.606869    1.619639  0.002170  1.617470 
-5.596866    1.595955  0.002174  1.593781 
-5.586862    1.561761  0.002179  1.559582 
-5.576859    1.525304  0.002184  1.523120 
-5.566856    1.492635  0.002189  1.490446 
-5.556852    1.464803  0.002193  1.462610 
-5.546849    1.439434  0.002198  1.437236 
-5.536846    1.414571  0.002203  1.412368 
-5.526842    1.391285  0.002208  1.389077 
-5.516839    1.372823  0.002213  1.370610 
-5.506836    1.361442  0.002218  1.359224 
-5.496832    1.355961  0.002222  1.353739 
-5.486829    1.352708  0.002227  1.350481 
-5.476826    1.348767  0.002232  1.346534 
-5.466822    1.343502  0.002237  1.341265 
-5.456819    1.337496  0.002242  1.335254 
-5.446816    1.331633  0.002247  1.329386 
-5.436812    1.326885  0.002252  1.324633 
-5.426809    1.323960  0.002257  1.321702 
-5.416806    1.323305  0.002262  1.321043 
-5.406802    1.325363  0.002267  1.323096 
-5.396799    1.330823  0.002272  1.328550 
-5.386796    1.340942  0.002277  1.338664 
-5.376792    1.357638  0.002283  1.355355 
-5.366789    1.383836  0.002288  1.381549 
-5.356786    1.423525  0.002293  1.421232 
-5.346782    1.479981  0.002298  1.477683 
-5.336779    1.553169  0.002303  1.550866 
-5.326776    1.638120  0.002308  1.635812 
-5.316772    1.724991  0.002314  1.722677 
-5.306769    1.801146  0.002319  1.798828 
-5.296766    1.854699  0.002324  1.852375 
-5.286762    1.878472  0.002329  1.876143 
-5.276759    1.873378  0.002335  1.871044 
-5.266756    1.848781  0.002340  1.846441 
-5.256752    1.816725  0.002345  1.814380 
-5.246749    1.783305  0.002351  1.780954 
-5.236746    1.746947  0.002356  1.744591 
-5.226742    1.704797  0.002361  1.702436 
-5.216739    1.657989  0.002367  1.655623 
-5.206736    1.610822  0.002372  1.608450 
-5.196732    1.567700  0.002378  1.565322 
-5.186729    1.531778  0.002383  1.529395 
-5.176726    1.506048  0.002388  1.503659 
-5.166722    1.494760  0.002394  1.492366 
-5.156719    1.501684  0.002399  1.499284 
-5.146716    1.526242  0.002405  1.523837 
-5.136712    1.561837  0.002411  1.559426 
-5.126709    1.597359  0.002416  1.594943 
-5.116706    1.620117  0.002422  1.617696 
-5.106702    1.620123  0.002427  1.617696 
-5.096699    1.595013  0.002433  1.592580 
-5.086696    1.550919  0.002439  1.548480 
-5.076692    1.497964  0.002444  1.495519 
-5.066689    1.445453  0.002450  1.443003 
-5.056686    1.399778  0.002456  1.397322 
-5.046682    1.364163  0.002461  1.361701 
-5.036679    1.338732  0.002467  1.336265 
-5.026676    1.321350  0.002473  1.318877 
-5.016672    1.310264  0.002479  1.307785 
-5.006669    1.305910  0.002485  1.303426 
-4.996666    1.309628  0.002490  1.307137 
-4.986662    1.321581  0.002496  1.319084 
-4.976659    1.340430  0.002502  1.337928 
-4.966656    1.364567  0.002508  1.362058 
-4.956652    1.393759  0.002514  1.391245 
-4.946649    1.429641  0.002520  1.427121 
-4.936646    1.473890  0.002526  1.471364 
-4.926642    1.526354  0.002532  1.523822 
-4.916639    1.585732  0.002538  1.583194 
-4.906636    1.651677  0.002544  1.649133 
-4.896632    1.725991  0.002550  1.723441 
-4.886629    1.811420  0.002556  1.808864 
-4.876626    1.908218  0.002562  1.905656 
-4.866622    2.010687  0.002568  2.008119 
-4.856619    2.105265  0.002574  2.102691 
-4.846616    2.172078  0.002581  2.169497 
-4.836612    2.194238  0.002587  2.191652 
-4.826609    2.171319  0.002593  2.168726 
-4.816606    2.122499  0.002599  2.119900 
-4.806602    2.074654  0.002606  2.072048 
-4.796599    2.047320  0.002612  2.044708 
-4.786596    2.046202  0.002618  2.043584 
-4.776592    2.066373  0.002624  2.063749 
-4.766589    2.098972  0.002631  2.096341 
-4.756586    2.136270  0.002637  2.133633 
-4.746582    2.173898  0.002644  2.171255 
-4.736579    2.208329  0.002650  2.205679 
-4.726576    2.232255  0.002656  2.229598 
-4.716572    2.236652  0.002663  2.233989 
-4.706569    2.218507  0.002669  2.215838 
-4.696566    2.182187  0.002676  2.179511 
-4.686562    2.133952  0.002683  2.131269 
-4.676559    2.078939  0.002689  2.076249 
-4.666556    2.020910  0.002696  2.018214 
-4.656552    1.961959  0.002702  1.959257 
-4.646549    1.902877  0.002709  1.900168 
-4.636546    1.844812  0.002716  1.842096 
-4.626542    1.791086  0.002722  1.788364 
-4.616539    1.746221  0.002729  1.743491 
-4.606536    1.712131  0.002736  1.709395 
-4.596532    1.686245  0.002743  1.683502 
-4.586529    1.663482  0.002749  1.660732 
-4.576526    1.638954  0.002756  1.636198 
-4.566522    1.609457  0.002763  1.606694 
-4.556519    1.575097  0.002770  1.572327 
-4.546516    1.540858  0.002777  1.538081 
-4.536512    1.515119  0.002784  1.512335 
-4.526509    1.505165  0.002791  1.502374 
-4.516506    1.513699  0.002798  1.510901 
-4.506502    1.537886  0.002805  1.535081 
-4.496499    1.570652  0.002812  1.567840 
-4.486495    1.604516  0.002819  1.601697 
-4.476492    1.635881  0.002826  1.633055 
-4.466489    1.666742  0.002833  1.663909 
-4.456485    1.703766  0.002840  1.700926 
-4.446482    1.755251  0.002848  1.752403 
-4.436479    1.826634  0.002855  1.823779 
-4.426475    1.917582  0.002862  1.914720 
-4.416472    2.021685  0.002869  2.018816 
-4.406469    2.128007  0.002877  2.125130 
-4.396465    2.225229  0.002884  2.222345 
-4.386462    2.306634  0.002891  2.303742 
-4.376459    2.369956  0.002899  2.367057 
-4.366455    2.413618  0.002906  2.410712 
-4.356452    2.435500  0.002914  2.432586 
-4.346449    2.430448  0.002921  2.427527 
-4.336445    2.386991  0.002929  2.384062 
-4.326442    2.296073  0.002936  2.293137 
-4.316439    2.166436  0.002944  2.163492 
-4.306435    2.023613  0.002952  2.020661 
-4.296432    1.893604  0.002959  1.890644 
-4.286429    1.791526  0.002967  1.788559 
-4.276425    1.721691  0.002975  1.718717 
-4.266422    1.682066  0.002982  1.679084 
-4.256419    1.667094  0.002990  1.664104 
-4.246415    1.669364  0.002998  1.666366 
-4.236412    1.682192  0.003006  1.679186 
-4.226409    1.701568  0.003014  1.698554 
-4.216405    1.725663  0.003022  1.722642 
-4.206402    1.753478  0.003030  1.750449 
-4.196399    1.784755  0.003038  1.781717 
-4.186395    1.820438  0.003046  1.817392 
-4.176392    1.860429  0.003054  1.857375 
-4.166389    1.897886  0.003062  1.894825 
-4.156385    1.917956  0.003070  1.914886 
-4.146382    1.908155  0.003078  1.905077 
-4.136379    1.869707  0.003086  1.866621 
-4.126375    1.815668  0.003095  1.812573 
-4.116372    1.761622  0.003103  1.758519 
-4.106369    1.719413  0.003111  1.716301 
-4.096365    1.694093  0.003120  1.690973 
-4.086362    1.683261  0.003128  1.680133 
-4.076359    1.680155  0.003137  1.677018 
-4.066355    1.678673  0.003145  1.675528 
-4.056352    1.676014  0.003154  1.672860 
-4.046349    1.671901  0.003162  1.668739 
-4.036345    1.666608  0.003171  1.663437 
-4.026342    1.660715  0.003179  1.657535 
-4.016339    1.657472  0.003188  1.654284 
-4.006335    1.662900  0.003197  1.659703 
-3.996332    1.680698  0.003206  1.677492 
-3.986329    1.707843  0.003215  1.704629 
-3.976325    1.736005  0.003223  1.732781 
-3.966322    1.757860  0.003232  1.754627 
-3.956319    1.774290  0.003241  1.771048 
-3.946315    1.795408  0.003251  1.792157 
-3.936312    1.832560  0.003260  1.829300 
-3.926309    1.888536  0.003269  1.885268 
-3.916305    1.953745  0.003278  1.950467 
-3.906302    2.009524  0.003287  2.006237 
-3.896299    2.037745  0.003297  2.034448 
-3.886295    2.033307  0.003306  2.030001 
-3.876292    2.008510  0.003316  2.005194 
-3.866289    1.983783  0.003325  1.980458 
-3.856285    1.975321  0.003335  1.971986 
-3.846282    1.988934  0.003344  1.985590 
-3.836279    2.021044  0.003354  2.017690 
-3.826275    2.064591  0.003364  2.061227 
-3.816272    2.112955  0.003374  2.109581 
-3.806269    2.157132  0.003384  2.153748 
-3.796265    2.184068  0.003394  2.180674 
-3.786262    2.185716  0.003404  2.182312 
-3.776259    2.169153  0.003415  2.165738 
-3.766255    2.151012  0.003425  2.147587 
-3.756252    2.143027  0.003436  2.139591 
-3.746249    2.148188  0.003447  2.144742 
-3.736245    2.169547  0.003457  2.166090 
-3.726242    2.216695  0.003468  2.213227 
-3.716239    2.300515  0.003480  2.297035 
-3.706235    2.422412  0.003491  2.418921 
-3.696232    2.567605  0.003503  2.564102 
-3.686229    2.707247  0.003514  2.703733 
-3.676225    2.811243  0.003526  2.807716 
-3.666222    2.865621  0.003539  2.862082 
-3.656219    2.879897  0.003551  2.876345 
-3.646215    2.878105  0.003564  2.874541 
-3.636212    2.881119  0.003578  2.877541 
-3.626209    2.894036  0.003592  2.890444 
-3.616205    2.908655  0.003606  2.905049 
-3.606202    2.917803  0.003621  2.914181 
-3.596199    2.925907  0.003637  2.922270 
-3.586195    2.945923  0.003654  2.942269 
-3.576192    2.990510  0.003672  2.986838 
-3.566189    3.068229  0.003691  3.064538 
-3.556185    3.181027  0.003711  3.177316 
-3.546182    3.316948  0.003733  3.313215 
-3.536179    3.448360  0.003758  3.444602 
-3.526175    3.546401  0.003785  3.542616 
-3.516172    3.597586  0.003816  3.593770 
-3.506169    3.603859  0.003851  3.600007 
-3.496165    3.573788  0.003892  3.569896 
-3.486162    3.518545  0.003941  3.514604 
-3.476159    3.450918  0.003999  3.446919 
-3.466155    3.383364  0.004070  3.379294 
-3.456152    3.328225  0.004156  3.324069 
-3.446149    3.299497  0.004262  3.295235 
-3.436145    3.309720  0.004391  3.305329 
-3.426142    3.363722  0.004540  3.359182 
-3.416139    3.456212  0.004700  3.451513 
-3.406135    3.576492  0.004843  3.571650 
-3.396132    3.720213  0.004930  3.715282 
-3.386129    3.898388  0.004932  3.893456 
-3.376125    4.131770  0.004852  4.126917 
-3.366122    4.439149  0.004725  4.434424 
-3.356119    4.833205  0.004589  4.828616 
-3.346115    5.319594  0.004465  5.315129 
-3.336112    5.894661  0.004364  5.890297 
-3.326109    6.542106  0.004285  6.537822 
-3.316105    7.219935  0.004224  7.215711 
-3.306102    7.848199  0.004179  7.844020 
-3.296099    8.331707  0.004145  8.327562 
-3.286095    8.606842  0.004121  8.602721 
-3.276092    8.671551  0.004104  8.667447 
-3.266089    8.594963  0.004092  8.590871 
-3.256085    8.485250  0.004084  8.481166 
-3.246082    8.406029  0.004080  8.401949 
-3.236079    8.317177  0.004079  8.313098 
-3.226075    8.109967  0.004079  8.105888 
-3.216072    7.715940  0.004082  7.711859 
-3.206069    7.180264  0.004086  7.176179 
-3.196065    6.626099  0.004091  6.622008 
-3.186062    6.173195  0.004097  6.169099 
-3.176059    5.895498  0.004104  5.891394 
-3.166055    5.823009  0.004111  5.818898 
-3.156052    5.954087  0.004120  5.949967 
-3.146049    6.255011  0.004129  6.250883 
-3.136045    6.644176  0.004138  6.640038 
-3.126042    6.982595  0.004148  6.978448 
-3.116039    7.113776  0.004158  7.109618 
-3.106035    6.955994  0.004168  6.951826 
-3.096032    6.555828  0.004179  6.551649 
-3.086029    6.041100  0.004190  6.036909 
-3.076025    5.541226  0.004202  5.537024 
-3.066022    5.145510  0.004213  5.141297 
-3.056019    4.899362  0.004225  4.895137 
-3.046015    4.814612  0.004237  4.810375 
-3.036012    4.874906  0.004249  4.870656 
-3.026009    5.028876  0.004262  5.024614 
-3.016005    5.181439  0.004274  5.177165 
-3.006002    5.214095  0.004287  5.209808 
-2.995999    5.051880  0.004300  5.047580 
-2.985995    4.719378  0.004313  4.715065 
-2.975992    4.312910  0.004326  4.308584 
-2.965989    3.927204  0.004340  3.922864 
-2.955985    3.614351  0.004353  3.609998 
-2.945982    3.383439  0.004367  3.379072 
-2.935979    3.215105  0.004381  3.210724 
-2.925975    3.078949  0.004394  3.074555 
-2.915972    2.951037  0.004409  2.946628 
-2.905969    2.824569  0.004423  2.820146 
-2.895965    2.708803  0.004437  2.704366 
-2.885962    2.619274  0.004452  2.614823 
-2.875959    2.568729  0.004466  2.564262 
-2.865955    2.566240  0.004481  2.561759 
-2.855952    2.620959  0.004496  2.616463 
-2.845949    2.744016  0.004511  2.739504 
-2.835945    2.948411  0.004527  2.943885 
-2.825942    3.248654  0.004542  3.244112 
-2.815939    3.658804  0.004558  3.654246 
-2.805935    4.185179  0.004574  4.180606 
-2.795932    4.808987  0.004590  4.804397 
-2.785929    5.458276  0.004606  5.453671 
-2.775925    5.988970  0.004622  5.984348 
-2.765922    6.225199  0.004639  6.220560 
-2.755919    6.075757  0.004656  6.071101 
-2.745915    5.614402  0.004673  5.609730 
-2.735912    5.015233  0.004690  5.010542 
-2.725909    4.432166  0.004708  4.427459 
-2.715905    3.947999  0.004726  3.943273 
-2.705902    3.589312  0.004744  3.584568 
-2.695899    3.355523  0.004763  3.350760 
-2.685895    3.238398  0.004782  3.233617 
-2.675892    3.231220  0.004801  3.226419 
-2.665889    3.331763  0.004821  3.326942 
-2.655885    3.541587  0.004841  3.536745 
-2.645882    3.861748  0.004862  3.856886 
-2.635879    4.283786  0.004884  4.278902 
-2.625875    4.777612  0.004906  4.772706 
-2.615872    5.288760  0.004929  5.283831 
-2.605869    5.765249  0.004953  5.760296 
-2.595865    6.202220  0.004978  6.197242 
-2.585862    6.641508  0.005004  6.636504 
-2.575859    7.104549  0.005031  7.099519 
-2.565855    7.529945  0.005059  7.524885 
-2.555852    7.792590  0.005090  7.787500 
-2.545849    7.801966  0.005122  7.796844 
-2.535845    7.565525  0.005157  7.560368 
-2.525842    7.134024  0.005194  7.128830 
-2.515839    6.535749  0.005235  6.530514 
-2.505835    5.802874  0.005280  5.797594 
-2.495832    5.011263  0.005330  5.005933 
-2.485829    4.252155  0.005386  4.246768 
-2.475825    3.585836  0.005450  3.580387 
-2.465822    3.031829  0.005523  3.026306 
-2.455819    2.583949  0.005608  2.578341 
-2.445815    2.226091  0.005708  2.220383 
-2.435812    1.941053  0.005828  1.935224 
-2.425809    1.713967  0.005974  1.707994 
-2.415805    1.533017  0.006152  1.526864 
-2.405802    1.388991  0.006374  1.382617 
-2.395799    1.274338  0.006649  1.267689 
-2.385795    1.181931  0.006988  1.174943 
-2.375792    1.104059  0.007394  1.096665 
-2.365789    1.032886  0.007848  1.025038 
-2.355785    0.963089  0.008292  0.954797 
-2.345782    0.894092  0.008619  0.885473 
-2.335779    0.828719  0.008720  0.819998 
-2.325775    0.769980  0.008560  0.761419 
-2.315772    0.719444  0.008212  0.711232 
-2.305769    0.677389  0.007791  0.669598 
-2.295765    0.643467  0.007388  0.636079 
-2.285762    0.617215  0.007044  0.610171 
-2.275759    0.598338  0.006767  0.591571 
-2.265755    0.586853  0.006551  0.580302 
-2.255752    0.583161  0.006384  0.576777 
-2.245749    0.588096  0.006256  0.581841 
-2.235745    0.602951  0.006158  0.596793 
-2.225742    0.629383  0.006083  0.623300 
-2.215739    0.669043  0.006026  0.663017 
-2.205735    0.722527  0.005983  0.716544 
-2.195732    0.787185  0.005951  0.781234 
-2.185729    0.853947  0.005928  0.848019 
-2.175725    0.905705  0.005911  0.899793 
-2.165722    0.922459  0.005901  0.916559 
-2.155719    0.893745  0.005895  0.887851 
-2.145715    0.826672  0.005892  0.820779 
-2.135712    0.739716  0.005893  0.733822 
-2.125709    0.650575  0.005897  0.644678 
-2.115705    0.569843  0.005903  0.563941 
-2.105702    0.501381  0.005910  0.495471 
-2.095699    0.445097  0.005920  0.439177 
-2.085695    0.399295  0.005930  0.393365 
-2.075692    0.361964  0.005942  0.356022 
-2.065689    0.331297  0.005956  0.325342 
-2.055685    0.305830  0.005970  0.299860 
-2.045682    0.284425  0.005985  0.278441 
-2.035679    0.266217  0.006000  0.260217 
-2.025675    0.250548  0.006017  0.244531 
-2.015672    0.236917  0.006034  0.230883 
-2.005669    0.224940  0.006051  0.218889 
-1.995665    0.214322  0.006070  0.208253 
-1.985662    0.204831  0.006088  0.198743 
-1.975659    0.196284  0.006107  0.190177 
-1.965655    0.188537  0.006127  0.182410 
-1.955652    0.181472  0.006147  0.175325 
-1.945649    0.174994  0.006167  0.168827 
-1.935645    0.169026  0.006187  0.162839 
-1.925642    0.163505  0.006208  0.157297 
-1.915639    0.158376  0.006230  0.152146 
-1.905635    0.153594  0.006251  0.147343 
-1.895632    0.149122  0.006273  0.142849 
-1.885629    0.144927  0.006295  0.138632 
-1.875625    0.140982  0.006317  0.134665 
-1.865622    0.137263  0.006340  0.130923 
-1.855619    0.133749  0.006363  0.127386 
-1.845615    0.130421  0.006386  0.124035 
-1.835612    0.127264  0.006409  0.120855 
-1.825609    0.124265  0.006432  0.117832 
-1.815605    0.121410  0.006456  0.114954 
-1.805602    0.118689  0.006480  0.112209 
-1.795599    0.116091  0.006504  0.109587 
-1.785595    0.113609  0.006529  0.107080 
-1.775592    0.111233  0.006553  0.104680 
-1.765589    0.108958  0.006578  0.102380 
-1.755585    0.106776  0.006603  0.100172 
-1.745582    0.104681  0.006628  0.098053 
-1.735579    0.102669  0.006654  0.096015 
-1.725575    0.100733  0.006679  0.094054 
-1.715572    0.098871  0.006705  0.092166 
-1.705569    0.097077  0.006731  0.090346 
-1.695565    0.095349  0.006758  0.088591 
-1.685562    0.093681  0.006784  0.086897 
-1.675559    0.092072  0.006811  0.085261 
-1.665555    0.090518  0.006837  0.083681 
-1.655552    0.089017  0.006864  0.082152 
-1.645549    0.087565  0.006892  0.080673 
-1.635545    0.086161  0.006919  0.079241 
-1.625542    0.084802  0.006947  0.077855 
-1.615539    0.083486  0.006975  0.076511 
-1.605535    0.082211  0.007003  0.075209 
-1.595532    0.080976  0.007031  0.073945 
-1.585529    0.079778  0.007059  0.072719 
-1.575525    0.078617  0.007088  0.071529 
-1.565522    0.077490  0.007117  0.070373 
-1.555519    0.076396  0.007146  0.069251 
-1.545515    0.075335  0.007175  0.068160 
-1.535512    0.074304  0.007204  0.067099 
-1.525509    0.073302  0.007234  0.066068 
-1.515505    0.072328  0.007264  0.065065 
-1.505502    0.071382  0.007294  0.064088 
-1.495498    0.070463  0.007324  0.063138 
-1.485495    0.069568  0.007355  0.062214 
-1.475492    0.068698  0.007385  0.061313 
-1.465488    0.067852  0.007416  0.060436 
-1.455485    0.067029  0.007448  0.059582 
-1.445482    0.066228  0.007479  0.058749 
-1.435478    0.065448  0.007510  0.057938 
-1.425475    0.064690  0.007542  0.057147 
-1.415472    0.063951  0.007574  0.056377 
-1.405468    0.063232  0.007607  0.055626 
-1.395465    0.062532  0.007639  0.054893 
-1.385462    0.061851  0.007672  0.054179 
-1.375458    0.061188  0.007705  0.053483 
-1.365455    0.060543  0.007738  0.052805 
-1.355452    0.059915  0.007771  0.052143 
-1.345448    0.059303  0.007805  0.051498 
-1.335445    0.058709  0.007839  0.050870 
-1.325442    0.058130  0.007873  0.050257 
-1.315438    0.057568  0.007907  0.049660 
-1.305435    0.057021  0.007942  0.049079 
-1.295432    0.056490  0.007977  0.048513 
-1.285428    0.055974  0.008012  0.047962 
-1.275425    0.055474  0.008047  0.047427 
-1.265422    0.054989  0.008083  0.046906 
-1.255418    0.054519  0.008119  0.046400 
-1.245415    0.054064  0.008155  0.045909 
-1.235412    0.053625  0.008192  0.045433 
-1.225408    0.053201  0.008228  0.044972 
-1.215405    0.052792  0.008265  0.044527 
-1.205402    0.052400  0.008303  0.044097 
-1.195398    0.052023  0.008340  0.043683 
-1.185395    0.051664  0.008378  0.043286 
-1.175392    0.051322  0.008416  0.042906 
-1.165388    0.050999  0.008454  0.042544 
-1.155385    0.050694  0.008493  0.042201 
-1.145382    0.050410  0.008532  0.041878 
-1.135378    0.050147  0.008571  0.041576 
-1.125375    0.049907  0.008611  0.041297 
-1.115372    0.049693  0.008651  0.041043 
-1.105368    0.049506  0.008691  0.040816 
-1.095365    0.049350  0.008731  0.040619 
-1.085362    0.049228  0.008772  0.040456 
-1.075358    0.049143  0.008813  0.040330 
-1.065355    0.049103  0.008854  0.040248 
-1.055352    0.049112  0.008896  0.040215 
-1.045348    0.049178  0.008938  0.040240 
-1.035345    0.049313  0.008981  0.040332 
-1.025342    0.049528  0.009023  0.040504 
-1.015338    0.049839  0.009066  0.040772 
-1.005335    0.050265  0.009110  0.041156 
-0.995332    0.050834  0.009154  0.041681 
-0.985328    0.051579  0.009198  0.042381 
-0.975325    0.052543  0.009242  0.043301 
-0.965322    0.053785  0.009287  0.044498 
-0.955318    0.055382  0.009332  0.046049 
-0.945315    0.057435  0.009378  0.048057 
-0.935312    0.060080  0.009424  0.050656 
-0.925308    0.063490  0.009470  0.054020 
-0.915305    0.067881  0.009517  0.058363 
-0.905302    0.073488  0.009565  0.063923 
-0.895298    0.080499  0.009612  0.070887 
-0.885295    0.088870  0.009660  0.079210 
-0.875292    0.097988  0.009709  0.088279 
-0.865288    0.106282  0.009758  0.096524 
-0.855285    0.111330  0.009807  0.101523 
-0.845282    0.111104  0.009857  0.101247 
-0.835278    0.105605  0.009907  0.095698 
-0.825275    0.096861  0.009958  0.086903 
-0.815272    0.087294  0.010009  0.077285 
-0.805268    0.078474  0.010061  0.068413 
-0.795265    0.071014  0.010114  0.060901 
-0.785262    0.064957  0.010166  0.054790 
-0.775258    0.060115  0.010220  0.049895 
-0.765255    0.056252  0.010274  0.045978 
-0.755252    0.053153  0.010329  0.042824 
-0.745248    0.050644  0.010384  0.040260 
-0.735245    0.048590  0.010440  0.038150 
-0.725242    0.046889  0.010496  0.036393 
-0.715238    0.045464  0.010554  0.034910 
-0.705235    0.044256  0.010612  0.033644 
-0.695232    0.043222  0.010671  0.032551 
-0.685228    0.042328  0.010731  0.031597 
-0.675225    0.041548  0.010792  0.030756 
-0.665222    0.040861  0.010853  0.030007 
-0.655218    0.040251  0.010916  0.029335 
-0.645215    0.039707  0.010980  0.028726 
-0.635212    0.039217  0.011046  0.028171 
-0.625208    0.038775  0.011113  0.027662 
-0.615205    0.038373  0.011182  0.027191 
-0.605202    0.038007  0.011252  0.026754 
-0.595198    0.037671  0.011325  0.026346 
-0.585195    0.037364  0.011401  0.025963 
-0.575192    0.037082  0.011479  0.025602 
-0.565188    0.036823  0.011562  0.025261 
-0.555185    0.036586  0.011649  0.024937 
-0.545182    0.036370  0.011741  0.024629 
-0.535178    0.036174  0.011841  0.024334 
-0.525175    0.036000  0.011949  0.024051 
-0.515172    0.035849  0.012069  0.023780 
-0.505168    0.035722  0.012203  0.023519 
-0.495165    0.035623  0.012355  0.023268 
-0.485162    0.035556  0.012531  0.023025 
-0.475158    0.035524  0.012735  0.022789 
-0.465155    0.035528  0.012967  0.022561 
-0.455152    0.035561  0.013221  0.022340 
-0.445148    0.035598  0.013473  0.022125 
-0.435145    0.035596  0.013680  0.021915 
-0.425142    0.035506  0.013794  0.021711 
-0.415138    0.035311  0.013799  0.021512 
-0.405135    0.035040  0.013722  0.021318 
-0.395132    0.034741  0.013613  0.021128 
-0.385128    0.034454  0.013511  0.020943 
-0.375125    0.034196  0.013435  0.020761 
-0.365122    0.033971  0.013388  0.020583 
-0.355118    0.033776  0.013367  0.020409 
-0.345115    0.033608  0.013370  0.020238 
-0.335112    0.033460  0.013389  0.020070 
-0.325108    0.033329  0.013423  0.019906 
-0.315105    0.033213  0.013469  0.019744 
-0.305102    0.033108  0.013523  0.019586 
-0.295098    0.033014  0.013584  0.019430 
-0.285095    0.032929  0.013652  0.019276 
-0.275092    0.032851  0.013725  0.019126 
-0.265088    0.032780  0.013803  0.018977 
-0.255085    0.032716  0.013885  0.018831 
-0.245082    0.032658  0.013971  0.018687 
-0.235078    0.032607  0.014061  0.018546 
-0.225075    0.032560  0.014154  0.018406 
-0.215072    0.032520  0.014251  0.018269 
-0.205068    0.032484  0.014351  0.018133 
-0.195065    0.032455  0.014455  0.018000 
-0.185062    0.032431  0.014563  0.017868 
-0.175058    0.032413  0.014675  0.017738 
-0.165055    0.032401  0.014791  0.017610 
-0.155052    0.032396  0.014911  0.017484 
-0.145048    0.032397  0.015037  0.017359 
-0.135045    0.032405  0.015168  0.017236 
-0.125042    0.032421  0.015306  0.017115 
-0.115038    0.032445  0.015450  0.016995 
-0.105035    0.032479  0.015602  0.016877 
-0.095032    0.032523  0.015763  0.016760 
-0.085028    0.032579  0.015934  0.016644 
-0.075025    0.032647  0.016117  0.016530 
-0.065022    0.032731  0.016314  0.016418 
-0.055018    0.032833  0.016526  0.016306 
-0.045015    0.032954  0.016758  0.016196 
-0.035012    0.033101  0.017013  0.016088 
-0.025008    0.033276  0.017295  0.015980 
-0.015005    0.033486  0.017612  0.015874 
-0.005002    0.033740  0.017971  0.015769 
0.005002    0.034047  0.018382  0.015665 
0.015005    0.034421  0.018858  0.015563 
0.025008    0.034881  0.019419  0.015461 
0.035012    0.035449  0.020088  0.015361 
0.045015    0.036159  0.020897  0.015262 
0.055018    0.037050  0.021886  0.015164 
0.065022    0.038175  0.023108  0.015067 
0.075025    0.039595  0.024624  0.014971 
0.085028    0.041369  0.026493  0.014876 
0.095032    0.043519  0.028737  0.014782 
0.105035    0.045960  0.031271  0.014689 
0.115038    0.048393  0.033797  0.014597 
0.125042    0.050256  0.035750  0.014506 
0.135045    0.050914  0.036498  0.014416 
0.145048    0.050109  0.035783  0.014327 
0.155052    0.048189  0.033951  0.014238 
0.165055    0.045803  0.031652  0.014151 
0.175058    0.043478  0.029413  0.014065 
0.185062    0.041469  0.027490  0.013979 
0.195065    0.039839  0.025945  0.013894 
0.205068    0.038555  0.024745  0.013810 
0.215072    0.037558  0.023831  0.013727 
0.225075    0.036787  0.023142  0.013645 
0.235078    0.036193  0.022629  0.013564 
0.245082    0.035736  0.022253  0.013483 
0.255085    0.035387  0.021984  0.013403 
0.265088    0.035123  0.021799  0.013324 
0.275092    0.034927  0.021681  0.013246 
0.285095    0.034787  0.021619  0.013168 
0.295098    0.034694  0.021603  0.013091 
0.305102    0.034641  0.021626  0.013015 
0.315105    0.034623  0.021683  0.012940 
0.325108    0.034637  0.021772  0.012865 
0.335112    0.034680  0.021889  0.012791 
0.345115    0.034751  0.022033  0.012718 
0.355118    0.034851  0.022206  0.012645 
0.365122    0.034980  0.022407  0.012573 
0.375125    0.035139  0.022638  0.012502 
0.385128    0.035334  0.022902  0.012431 
0.395132    0.035567  0.023205  0.012361 
0.405135    0.035845  0.023553  0.012292 
0.415138    0.036178  0.023955  0.012223 
0.425142    0.036578  0.024423  0.012155 
0.435145    0.037060  0.024973  0.012087 
0.445148    0.037647  0.025627  0.012020 
0.455152    0.038366  0.026412  0.011954 
0.465155    0.039253  0.027364  0.011888 
0.475158    0.040343  0.028520  0.011823 
0.485162    0.041667  0.029908  0.011759 
0.495165    0.043214  0.031520  0.011695 
0.505168    0.044885  0.033254  0.011631 
0.515172    0.046430  0.034862  0.011568 
0.525175    0.047479  0.035973  0.011506 
0.535178    0.047748  0.036304  0.011444 
0.545182    0.047278  0.035895  0.011383 
0.555185    0.046403  0.035081  0.011322 
0.565188    0.045502  0.034241  0.011261 
0.575192    0.044820  0.033618  0.011202 
0.585195    0.044464  0.033321  0.011142 
0.595198    0.044470  0.033386  0.011084 
0.605202    0.044852  0.033826  0.011025 
0.615205    0.045629  0.034661  0.010968 
0.625208    0.046837  0.035927  0.010910 
0.635212    0.048522  0.037669  0.010853 
0.645215    0.050710  0.039913  0.010797 
0.655218    0.053344  0.042603  0.010741 
0.665222    0.056168  0.045482  0.010686 
0.675225    0.058625  0.047994  0.010631 
0.685228    0.059957  0.049381  0.010576 
0.695232    0.059661  0.049139  0.010522 
0.705235    0.057906  0.047437  0.010468 
0.715238    0.055384  0.044969  0.010415 
0.725242    0.052790  0.042428  0.010362 
0.735245    0.050526  0.040216  0.010310 
0.745248    0.048731  0.038474  0.010258 
0.755252    0.047403  0.037197  0.010206 
0.765255    0.046487  0.036332  0.010155 
0.775258    0.045920  0.035815  0.010104 
0.785262    0.045633  0.035579  0.010054 
0.795265    0.045549  0.035545  0.010004 
0.805268    0.045556  0.035602  0.009954 
0.815272    0.045520  0.035615  0.009905 
0.825275    0.045336  0.035480  0.009857 
0.835278    0.044999  0.035190  0.009808 
0.845282    0.044586  0.034826  0.009760 
0.855285    0.044191  0.034479  0.009712 
0.865288    0.043871  0.034206  0.009665 
0.875292    0.043642  0.034024  0.009618 
0.885295    0.043501  0.033929  0.009572 
0.895298    0.043434  0.033909  0.009525 
0.905302    0.043430  0.033951  0.009479 
0.915305    0.043477  0.034043  0.009434 
0.925308    0.043565  0.034177  0.009389 
0.935312    0.043688  0.034344  0.009344 
0.945315    0.043840  0.034541  0.009299 
0.955318    0.044016  0.034761  0.009255 
0.965322    0.044214  0.035003  0.009211 
0.975325    0.044431  0.035263  0.009168 
0.985328    0.044665  0.035540  0.009124 
0.995332    0.044914  0.035833  0.009082 
1.005335    0.045178  0.036139  0.009039 
1.015338    0.045455  0.036458  0.008997 
1.025342    0.045745  0.036790  0.008955 
1.035345    0.046047  0.037134  0.008913 
1.045348    0.046360  0.037489  0.008872 
1.055352    0.046685  0.037855  0.008831 
1.065355    0.047022  0.038232  0.008790 
1.075358    0.047369  0.038619  0.008749 
1.085362    0.047727  0.039017  0.008709 
1.095365    0.048096  0.039426  0.008669 
1.105368    0.048475  0.039845  0.008630 
1.115372    0.048866  0.040275  0.008591 
1.125375    0.049267  0.040716  0.008552 
1.135378    0.049680  0.041167  0.008513 
1.145382    0.050104  0.041630  0.008474 
1.155385    0.050539  0.042103  0.008436 
1.165388    0.050986  0.042588  0.008398 
1.175392    0.051444  0.043084  0.008360 
1.185395    0.051915  0.043592  0.008323 
1.195398    0.052398  0.044112  0.008286 
1.205402    0.052894  0.044645  0.008249 
1.215405    0.053403  0.045190  0.008212 
1.225408    0.053925  0.045749  0.008176 
1.235412    0.054460  0.046321  0.008140 
1.245415    0.055010  0.046906  0.008104 
1.255418    0.055575  0.047506  0.008068 
1.265422    0.056154  0.048121  0.008033 
1.275425    0.056749  0.048752  0.007998 
1.285428    0.057360  0.049398  0.007963 
1.295432    0.057988  0.050060  0.007928 
1.305435    0.058633  0.050740  0.007894 
1.315438    0.059296  0.051437  0.007860 
1.325442    0.059978  0.052153  0.007826 
1.335445    0.060679  0.052887  0.007792 
1.345448    0.061401  0.053642  0.007758 
1.355452    0.062143  0.054418  0.007725 
1.365455    0.062907  0.055215  0.007692 
1.375458    0.063695  0.056036  0.007659 
1.385462    0.064506  0.056880  0.007626 
1.395465    0.065343  0.057749  0.007594 
1.405468    0.066206  0.058645  0.007562 
1.415472    0.067098  0.059568  0.007530 
1.425475    0.068019  0.060521  0.007498 
1.435478    0.068970  0.061504  0.007466 
1.445482    0.069955  0.062520  0.007435 
1.455485    0.070975  0.063571  0.007404 
1.465488    0.072032  0.064659  0.007373 
1.475492    0.073129  0.065787  0.007342 
1.485495    0.074268  0.066957  0.007312 
1.495498    0.075453  0.068172  0.007281 
1.505502    0.076686  0.069435  0.007251 
1.515505    0.077973  0.070752  0.007221 
1.525509    0.079317  0.072126  0.007191 
1.535512    0.080723  0.073562  0.007162 
1.545515    0.082198  0.075066  0.007132 
1.555519    0.083749  0.076645  0.007103 
1.565522    0.085382  0.078308  0.007074 
1.575525    0.087109  0.080064  0.007045 
1.585529    0.088940  0.081923  0.007017 
1.595532    0.090889  0.083900  0.006988 
1.605535    0.092972  0.086012  0.006960 
1.615539    0.095210  0.088278  0.006932 
1.625542    0.097627  0.090723  0.006904 
1.635545    0.100255  0.093379  0.006876 
1.645549    0.103133  0.096285  0.006848 
1.655552    0.106312  0.099491  0.006821 
1.665555    0.109856  0.103062  0.006794 
1.675559    0.113850  0.107083  0.006767 
1.685562    0.118404  0.111664  0.006740 
1.695565    0.123664  0.116951  0.006713 
1.705569    0.129823  0.123136  0.006686 
1.715572    0.137125  0.130465  0.006660 
1.725575    0.145877  0.139243  0.006634 
1.735579    0.156419  0.149812  0.006608 
1.745582    0.169036  0.162454  0.006582 
1.755585    0.183720  0.177164  0.006556 
1.765589    0.199711  0.193181  0.006530 
1.775592    0.214940  0.208435  0.006505 
1.785595    0.226074  0.219594  0.006479 
1.795599    0.230133  0.223679  0.006454 
1.805602    0.226852  0.220423  0.006429 
1.815605    0.218938  0.212534  0.006404 
1.825609    0.209863  0.203483  0.006380 
1.835612    0.201988  0.195633  0.006355 
1.845615    0.196303  0.189972  0.006331 
1.855619    0.192953  0.186647  0.006306 
1.865622    0.191736  0.185454  0.006282 
1.875625    0.192374  0.186116  0.006258 
1.885629    0.194625  0.188391  0.006235 
1.895632    0.198316  0.192105  0.006211 
1.905635    0.203346  0.197158  0.006187 
1.915639    0.209679  0.203515  0.006164 
1.925642    0.217343  0.211202  0.006141 
1.935645    0.226422  0.220305  0.006117 
1.945649    0.237064  0.230970  0.006094 
1.955652    0.249485  0.243414  0.006071 
1.965655    0.263982  0.257933  0.006049 
1.975659    0.280953  0.274927  0.006026 
1.985662    0.300929  0.294925  0.006004 
1.995665    0.324610  0.318629  0.005981 
2.005669    0.352927  0.346968  0.005959 
2.015672    0.387117  0.381180  0.005937 
2.025675    0.428823  0.422908  0.005915 
2.035679    0.480213  0.474320  0.005893 
2.045682    0.544096  0.538225  0.005871 
2.055685    0.623942  0.618092  0.005850 
2.065689    0.723591  0.717763  0.005828 
2.075692    0.846148  0.840341  0.005807 
2.085695    0.991143  0.985357  0.005786 
2.095699    1.149110  1.143346  0.005765 
2.105702    1.295270  1.289527  0.005744 
2.115705    1.390778  1.385055  0.005723 
2.125709    1.402242  1.396540  0.005702 
2.135712    1.328442  1.322760  0.005681 
2.145715    1.201492  1.195831  0.005661 
2.155719    1.060808  1.055168  0.005641 
2.165722    0.932412  0.926792  0.005620 
2.175725    0.826728  0.821128  0.005600 
2.185729    0.744766  0.739186  0.005580 
2.195732    0.683706  0.678146  0.005560 
2.205735    0.639890  0.634350  0.005540 
2.215739    0.610019  0.604498  0.005520 
2.225742    0.591482  0.585981  0.005501 
2.235745    0.582354  0.576873  0.005481 
2.245749    0.581299  0.575837  0.005462 
2.255752    0.587458  0.582015  0.005443 
2.265755    0.600371  0.594947  0.005423 
2.275759    0.619920  0.614516  0.005404 
2.285762    0.646303  0.640918  0.005385 
2.295765    0.680035  0.674668  0.005367 
2.305769    0.721974  0.716626  0.005348 
2.315772    0.773383  0.768053  0.005329 
2.325775    0.836022  0.830711  0.005310 
2.335779    0.912288  0.906996  0.005292 
2.345782    1.005412  1.000138  0.005274 
2.355785    1.119722  1.114466  0.005255 
2.365789    1.260996  1.255759  0.005237 
2.375792    1.436865  1.431646  0.005219 
2.385795    1.657172  1.651970  0.005201 
2.395799    1.933941  1.928758  0.005183 
2.405802    2.280114  2.274949  0.005166 
2.415805    2.705116  2.699968  0.005148 
2.425809    3.204049  3.198919  0.005130 
2.435812    3.738231  3.733118  0.005113 
2.445815    4.215547  4.210452  0.005095 
2.455819    4.503129  4.498051  0.005078 
2.465822    4.502477  4.497416  0.005061 
2.475825    4.231960  4.226916  0.005044 
2.485829    3.811004  3.805978  0.005027 
2.495832    3.368247  3.363238  0.005010 
2.505835    2.982754  2.977761  0.004993 
2.515839    2.684488  2.679512  0.004976 
2.525842    2.476180  2.471221  0.004959 
2.535845    2.350814  2.345871  0.004943 
2.545849    2.300667  2.295741  0.004926 
2.555852    2.320998  2.316089  0.004910 
2.565855    2.411256  2.406363  0.004894 
2.575859    2.575218  2.570340  0.004877 
2.585862    2.820305  2.815444  0.004861 
2.595865    3.155331  3.150486  0.004845 
2.605869    3.584966  3.580137  0.004829 
2.615872    4.099170  4.094357  0.004813 
2.625875    4.659514  4.654716  0.004797 
2.635879    5.194060  5.189279  0.004782 
2.645882    5.618178  5.613412  0.004766 
2.655885    5.875325  5.870575  0.004751 
2.665889    5.953562  5.948827  0.004735 
2.675892    5.867436  5.862717  0.004720 
2.685895    5.658439  5.653735  0.004704 
2.695899    5.409430  5.404741  0.004689 
2.705902    5.221116  5.216442  0.004674 
2.715905    5.171585  5.166926  0.004659 
2.725909    5.300317  5.295673  0.004644 
2.735912    5.607961  5.603332  0.004629 
2.745915    6.047298  6.042683  0.004614 
2.755919    6.503244  6.498645  0.004599 
2.765922    6.797455  6.792870  0.004585 
2.775925    6.768963  6.764393  0.004570 
2.785929    6.394223  6.389667  0.004555 
2.795932    5.803357  5.798816  0.004541 
2.805935    5.169270  5.164744  0.004527 
2.815939    4.610082  4.605569  0.004512 
2.825942    4.173969  4.169471  0.004498 
2.835945    3.865602  3.861118  0.004484 
2.845949    3.670404  3.665934  0.004470 
2.855952    3.563916  3.559460  0.004456 
2.865955    3.513703  3.509261  0.004442 
2.875959    3.488263  3.483835  0.004428 
2.885962    3.475234  3.470820  0.004414 
2.895965    3.489120  3.484719  0.004400 
2.905969    3.556599  3.552212  0.004387 
2.915972    3.697443  3.693070  0.004373 
2.925975    3.918569  3.914209  0.004360 
2.935979    4.219377  4.215031  0.004346 
2.945982    4.596722  4.592389  0.004333 
2.955985    5.039725  5.035406  0.004320 
2.965989    5.515155  5.510848  0.004307 
2.975992    5.948588  5.944295  0.004293 
2.985995    6.222675  6.218394  0.004280 
2.995999    6.234837  6.230570  0.004267 
3.006002    5.987863  5.983609  0.004254 
3.016005    5.598717  5.594476  0.004242 
3.026009    5.211624  5.207395  0.004229 
3.036012    4.926408  4.922192  0.004216 
3.046015    4.790422  4.786218  0.004204 
3.056019    4.819283  4.815092  0.004191 
3.066022    5.013593  5.009415  0.004179 
3.076025    5.363511  5.359344  0.004166 
3.086029    5.846379  5.842226  0.004154 
3.096032    6.429773  6.425632  0.004142 
3.106035    7.087004  7.082875  0.004129 
3.116039    7.803337  7.799219  0.004117 
3.126042    8.544497  8.540392  0.004105 
3.136045    9.217518  9.213424  0.004093 
3.146049    9.690949  9.686867  0.004081 
3.156052    9.869536  9.865466  0.004070 
3.166055    9.731688  9.727630  0.004058 
3.176059    9.305122  9.301076  0.004046 
3.186062    8.658133  8.654098  0.004035 
3.196065    7.912425  7.908401  0.004023 
3.206069    7.208500  7.204488  0.004012 
3.216072    6.641375  6.637375  0.004001 
3.226075    6.234008  6.230018  0.003990 
3.236079    5.956626  5.952648  0.003978 
3.246082    5.762638  5.758671  0.003967 
3.256085    5.608378  5.604422  0.003956 
3.266089    5.447020  5.443075  0.003946 
3.276092    5.228781  5.224846  0.003935 
3.286095    4.927938  4.924014  0.003924 
3.296099    4.567130  4.563216  0.003914 
3.306102    4.203379  4.199475  0.003903 
3.316105    3.888073  3.884180  0.003893 
3.326109    3.641430  3.637547  0.003883 
3.336112    3.453967  3.450094  0.003873 
3.346115    3.302510  3.298646  0.003863 
3.356119    3.167351  3.163497  0.003853 
3.366122    3.039857  3.036013  0.003844 
3.376125    2.918531  2.914697  0.003834 
3.386129    2.804587  2.800762  0.003825 
3.396132    2.704445  2.700629  0.003816 
3.406135    2.629401  2.625594  0.003807 
3.416139    2.586663  2.582864  0.003799 
3.426142    2.571472  2.567682  0.003790 
3.436145    2.568157  2.564375  0.003782 
3.446149    2.560571  2.556797  0.003774 
3.456152    2.545818  2.542052  0.003766 
3.466155    2.537325  2.533566  0.003759 
3.476159    2.553605  2.549853  0.003752 
3.486162    2.605638  2.601893  0.003745 
3.496165    2.691012  2.687273  0.003739 
3.506169    2.794206  2.790472  0.003734 
3.516172    2.891003  2.887274  0.003728 
3.526175    2.953402  2.949678  0.003724 
3.536179    2.957216  2.953496  0.003720 
3.546182    2.898248  2.894531  0.003717 
3.556185    2.801973  2.798258  0.003715 
3.566189    2.708441  2.704728  0.003714 
3.576192    2.648745  2.645032  0.003714 
3.586195    2.634566  2.630851  0.003715 
3.596199    2.660588  2.656870  0.003718 
3.606202    2.711118  2.707395  0.003723 
3.616205    2.765121  2.761391  0.003730 
3.626209    2.801273  2.797533  0.003740 
3.636212    2.805825  2.802071  0.003754 
3.646215    2.778919  2.775147  0.003771 
3.656219    2.733656  2.729862  0.003794 
3.666222    2.690592  2.686769  0.003823 
3.676225    2.672217  2.668357  0.003860 
3.686229    2.695119  2.691212  0.003907 
3.696232    2.762369  2.758402  0.003967 
3.706235    2.863806  2.859763  0.004043 
3.716239    2.981538  2.977397  0.004142 
3.726242    3.090222  3.085954  0.004268 
3.736245    3.154137  3.149707  0.004430 
3.746249    3.137227  3.132590  0.004637 
3.756252    3.028037  3.023140  0.004897 
3.766255    2.850179  2.844970  0.005209 
3.776259    2.642141  2.636586  0.005554 
3.786262    2.434050  2.428173  0.005876 
3.796265    2.242227  2.236141  0.006086 
3.806269    2.074258  2.068157  0.006102 
3.816272    1.934008  1.928096  0.005912 
3.826275    1.823114  1.817525  0.005588 
3.836279    1.740641  1.735417  0.005224 
3.846282    1.682742  1.677859  0.004883 
3.856285    1.642623  1.638030  0.004593 
3.866289    1.612132  1.607776  0.004355 
3.876292    1.585075  1.580910  0.004165 
3.886295    1.559561  1.555547  0.004013 
3.896299    1.538473  1.534582  0.003891 
3.906302    1.528239  1.524447  0.003792 
3.916305    1.535995  1.532285  0.003710 
3.926309    1.567240  1.563598  0.003642 
3.936312    1.624228  1.620643  0.003585 
3.946315    1.704535  1.701000  0.003536 
3.956319    1.801270  1.797777  0.003493 
3.966322    1.904742  1.901286  0.003456 
3.976325    2.003338  1.999915  0.003423 
3.986329    2.085018  2.081624  0.003394 
3.996332    2.141858  2.138490  0.003368 
4.006335    2.172733  2.169389  0.003344 
4.016339    2.182931  2.179609  0.003322 
4.026342    2.184941  2.181640  0.003302 
4.036345    2.194916  2.191633  0.003283 
4.046349    2.223385  2.220120  0.003265 
4.056352    2.271288  2.268039  0.003249 
4.066355    2.335132  2.331899  0.003233 
4.076359    2.412438  2.409220  0.003218 
4.086362    2.498562  2.495358  0.003204 
4.096365    2.579994  2.576803  0.003191 
4.106369    2.638743  2.635565  0.003178 
4.116372    2.669012  2.665847  0.003165 
4.126375    2.685383  2.682230  0.003153 
4.136379    2.707092  2.703950  0.003141 
4.146382    2.733655  2.730524  0.003130 
4.156385    2.737431  2.734312  0.003119 
4.166389    2.684025  2.680916  0.003108 
4.176392    2.563256  2.560158  0.003098 
4.186395    2.396471  2.393383  0.003087 
4.196399    2.217124  2.214046  0.003077 
4.206402    2.051486  2.048418  0.003068 
4.216405    1.912670  1.909612  0.003058 
4.226409    1.804024  1.800976  0.003048 
4.236412    1.724207  1.721168  0.003039 
4.246415    1.668244  1.665214  0.003030 
4.256419    1.626206  1.623186  0.003021 
4.266422    1.586143  1.583131  0.003012 
4.276425    1.541521  1.538519  0.003003 
4.286429    1.494133  1.491139  0.002994 
4.296432    1.449265  1.446280  0.002985 
4.306435    1.410826  1.407850  0.002977 
4.316439    1.380807  1.377838  0.002968 
4.326442    1.360501  1.357541  0.002960 
4.336445    1.349903  1.346951  0.002952 
4.346449    1.345844  1.342901  0.002944 
4.356452    1.343361  1.340425  0.002936 
4.366455    1.340929  1.338001  0.002927 
4.376459    1.342916  1.339996  0.002919 
4.386462    1.355728  1.352817  0.002912 
4.396465    1.383228  1.380324  0.002904 
4.406469    1.426031  1.423135  0.002896 
4.416472    1.483114  1.480226  0.002888 
4.426475    1.553438  1.550558  0.002881 
4.436479    1.636332  1.633459  0.002873 
4.446482    1.729286  1.726420  0.002865 
4.456485    1.825722  1.822864  0.002858 
4.466489    1.916304  1.913454  0.002850 
4.476492    1.992007  1.989164  0.002843 
4.486495    2.047615  2.044780  0.002836 
4.496499    2.085025  2.082196  0.002828 
4.506502    2.110829  2.108008  0.002821 
4.516506    2.130001  2.127187  0.002814 
4.526509    2.143249  2.140442  0.002807 
4.536512    2.147747  2.144947  0.002800 
4.546516    2.138558  2.135765  0.002793 
4.556519    2.111373  2.108587  0.002786 
4.566522    2.067110  2.064331  0.002779 
4.576526    2.015321  2.012549  0.002772 
4.586529    1.970726  1.967962  0.002765 
4.596532    1.944030  1.941272  0.002758 
4.606536    1.936193  1.933442  0.002751 
4.616539    1.941495  1.938750  0.002744 
4.626542    1.955193  1.952455  0.002737 
4.636546    1.976514  1.973783  0.002731 
4.646549    2.005612  2.002888  0.002724 
4.656552    2.040672  2.037955  0.002717 
4.666556    2.077341  2.074630  0.002711 
4.676559    2.109379  2.106674  0.002704 
4.686562    2.130396  2.127698  0.002698 
4.696566    2.137753  2.135062  0.002691 
4.706569    2.136664  2.133980  0.002685 
4.716572    2.138582  2.135903  0.002678 
4.726576    2.153421  2.150749  0.002672 
4.736579    2.184303  2.181638  0.002665 
4.746582    2.231012  2.228353  0.002659 
4.756586    2.297441  2.294789  0.002653 
4.766589    2.392761  2.390115  0.002647 
4.776592    2.523328  2.520688  0.002640 
4.786596    2.683122  2.680488  0.002634 
4.796599    2.850646  2.848018  0.002628 
4.806602    2.993189  2.990567  0.002622 
4.816606    3.077839  3.075223  0.002616 
4.826609    3.088251  3.085641  0.002610 
4.836612    3.030757  3.028154  0.002604 
4.846616    2.919411  2.916814  0.002598 
4.856619    2.765591  2.762999  0.002592 
4.866622    2.585633  2.583047  0.002586 
4.876626    2.402798  2.400218  0.002580 
4.886629    2.235806  2.233233  0.002574 
4.896632    2.092093  2.089525  0.002568 
4.906636    1.971821  1.969259  0.002562 
4.916639    1.873674  1.871117  0.002556 
4.926642    1.796120  1.793569  0.002551 
4.936646    1.736141  1.733596  0.002545 
4.946649    1.689416  1.686876  0.002539 
4.956652    1.651879  1.649346  0.002534 
4.966656    1.620901  1.618373  0.002528 
4.976659    1.595267  1.592745  0.002522 
4.986662    1.574067  1.571550  0.002517 
4.996666    1.555836  1.553325  0.002511 
5.006669    1.538891  1.536385  0.002506 
5.016672    1.521549  1.519048  0.002501 
5.026676    1.501986  1.499491  0.002495 
5.036679    1.479478  1.476988  0.002490 
5.046682    1.455947  1.453462  0.002484 
5.056686    1.435226  1.432747  0.002479 
5.066689    1.421097  1.418624  0.002474 
5.076692    1.416005  1.413536  0.002469 
5.086696    1.419838  1.417374  0.002463 
5.096699    1.429148  1.426690  0.002458 
5.106702    1.438669  1.436216  0.002453 
5.116706    1.444280  1.441831  0.002448 
5.126709    1.444349  1.441906  0.002443 
5.136712    1.438202  1.435764  0.002438 
5.146716    1.424118  1.421684  0.002433 
5.156719    1.400792  1.398364  0.002428 
5.166722    1.370773  1.368349  0.002423 
5.176726    1.340176  1.337758  0.002419 
5.186729    1.314483  1.312069  0.002414 
5.196732    1.296029  1.293620  0.002409 
5.206736    1.285427  1.283023  0.002405 
5.216739    1.283445  1.281045  0.002400 
5.226742    1.290868  1.288472  0.002395 
5.236746    1.307308  1.304917  0.002391 
5.246749    1.330081  1.327695  0.002386 
5.256752    1.353915  1.351533  0.002382 
5.266756    1.372985  1.370607  0.002378 
5.276759    1.384214  1.381840  0.002373 
5.286762    1.387795  1.385426  0.002369 
5.296766    1.385331  1.382966  0.002365 
5.306769    1.379254  1.376893  0.002361 
5.316772    1.373120  1.370764  0.002357 
5.326776    1.370430  1.368078  0.002353 
5.336779    1.372040  1.369692  0.002349 
5.346782    1.374981  1.372636  0.002345 
5.356786    1.375128  1.372787  0.002341 
5.366789    1.370748  1.368410  0.002338 
5.376792    1.362293  1.359959  0.002334 
5.386796    1.350595  1.348264  0.002331 
5.396799    1.337400  1.335072  0.002327 
5.406802    1.326327  1.324003  0.002324 
5.416806    1.321368  1.319047  0.002321 
5.426809    1.324578  1.322260  0.002318 
5.436812    1.335122  1.332807  0.002315 
5.446816    1.350045  1.347733  0.002312 
5.456819    1.366408  1.364099  0.002310 
5.466822    1.383147  1.380840  0.002307 
5.476826    1.400444  1.398139  0.002305 
5.486829    1.417234  1.414931  0.002302 
5.496832    1.430225  1.427924  0.002300 
5.506836    1.436312  1.434014  0.002299 
5.516839    1.436547  1.434250  0.002297 
5.526842    1.436806  1.434511  0.002295 
5.536846    1.442987  1.440693  0.002294 
5.546849    1.455652  1.453358  0.002293 
5.556852    1.469957  1.467664  0.002293 
5.566856    1.480845  1.478552  0.002292 
5.576859    1.488010  1.485718  0.002292 
5.586862    1.495005  1.492712  0.002292 
5.596866    1.504189  1.501897  0.002293 
5.606869    1.514061  1.511767  0.002294 
5.616872    1.521110  1.518815  0.002295 
5.626876    1.523007  1.520710  0.002297 
5.636879    1.519801  1.517502  0.002300 
5.646882    1.512612  1.510309  0.002303 
5.656886    1.501630  1.499324  0.002306 
5.666889    1.486075  1.483764  0.002311 
5.676892    1.466111  1.463796  0.002316 
5.686896    1.443427  1.441106  0.002322 
5.696899    1.419411  1.417083  0.002329 
5.706902    1.394813  1.392476  0.002337 
5.716906    1.372050  1.369704  0.002346 
5.726909    1.355556  1.353200  0.002356 
5.736912    1.348927  1.346559  0.002369 
5.746916    1.352968  1.350585  0.002383 
5.756919    1.366394  1.363995  0.002399 
5.766922    1.387683  1.385266  0.002417 
5.776926    1.416063  1.413625  0.002438 
5.786929    1.450577  1.448115  0.002462 
5.796932    1.488394  1.485904  0.002490 
5.806936    1.524863  1.522342  0.002522 
5.816939    1.555827  1.553268  0.002559 
5.826942    1.578739  1.576138  0.002601 
5.836946    1.592313  1.589662  0.002651 
5.846949    1.598235  1.595525  0.002710 
5.856952    1.602228  1.599450  0.002779 
5.866956    1.610258  1.607398  0.002860 
5.876959    1.622987  1.620030  0.002957 
5.886962    1.633624  1.630551  0.003073 
5.896966    1.631855  1.628642  0.003214 
5.906969    1.612502  1.609117  0.003385 
5.916972    1.580190  1.576594  0.003596 
5.926976    1.544423  1.540565  0.003857 
5.936979    1.512224  1.508039  0.004185 
5.946982    1.485269  1.480671  0.004598 
5.956986    1.461450  1.456329  0.005121 
5.966989    1.439059  1.433275  0.005784 
5.976992    1.419737  1.413124  0.006613 
5.986996    1.407693  1.400076  0.007617 
5.996999    1.407887  1.399137  0.008751 
6.007002    1.424959  1.415091  0.009868 
6.017006    1.461917  1.451220  0.010697 
6.027009    1.518397  1.507454  0.010943 
6.037012    1.589218  1.578715  0.010503 
6.047016    1.664129  1.654576  0.009553 
6.057019    1.730593  1.722193  0.008400 
6.067022    1.779089  1.771805  0.007285 
6.077026    1.805315  1.798994  0.006320 
6.087029    1.808643  1.803111  0.005532 
6.097032    1.792372  1.787470  0.004903 
6.107036    1.765014  1.760610  0.004405 
6.117039    1.738243  1.734233  0.004010 
6.127042    1.721824  1.718130  0.003694 
6.137046    1.719229  1.715789  0.003440 
6.147049    1.726543  1.723310  0.003233 
6.157052    1.735619  1.732556  0.003063 
6.167056    1.740185  1.737264  0.002921 
6.177059    1.739911  1.737109  0.002803 
6.187062    1.738481  1.735779  0.002702 
6.197066    1.738725  1.736108  0.002616 
6.207069    1.740305  1.737762  0.002542 
6.217072    1.741828  1.739350  0.002478 
6.227076    1.744971  1.742549  0.002422 
6.237079    1.755759  1.753386  0.002373 
6.247082    1.782045  1.779716  0.002329 
6.257086    1.829983  1.827693  0.002290 
6.267089    1.901450  1.899195  0.002255 
6.277092    1.993520  1.991297  0.002224 
6.287096    2.099861  2.097666  0.002195 
6.297099    2.212915  2.210746  0.002169 
6.307102    2.324813  2.322668  0.002145 
6.317106    2.426331  2.424208  0.002124 
6.327109    2.506622  2.504518  0.002104 
6.337112    2.556176  2.554091  0.002085 
6.347116    2.571849  2.569781  0.002068 
6.357119    2.558646  2.556594  0.002052 
6.367122    2.525363  2.523326  0.002037 
6.377126    2.480304  2.478282  0.002023 
6.387129    2.430533  2.428524  0.002009 
6.397132    2.380788  2.378791  0.001997 
6.407136    2.334338  2.332353  0.001985 
6.417139    2.295903  2.293929  0.001974 
6.427142    2.269549  2.267585  0.001963 
6.437146    2.254179  2.252225  0.001953 
6.447149    2.244361  2.242418  0.001944 
6.457152    2.234953  2.233019  0.001934 
6.467156    2.224307  2.222381  0.001926 
6.477159    2.214546  2.212629  0.001917 
6.487162    2.209264  2.207355  0.001909 
6.497166    2.209173  2.207272  0.001901 
6.507169    2.207876  2.205983  0.001893 
6.517172    2.193050  2.191164  0.001886 
6.527176    2.154088  2.152209  0.001879 
6.537179    2.088343  2.086471  0.001872 
6.547182    2.000703  1.998838  0.001865 
6.557186    1.899492  1.897633  0.001859 
6.567189    1.792027  1.790175  0.001852 
6.577192    1.682071  1.680225  0.001846 
6.587196    1.571649  1.569809  0.001840 
6.597199    1.464412  1.462578  0.001834 
6.607202    1.365828  1.363999  0.001828 
6.617206    1.280641  1.278818  0.001823 
6.627209    1.210948  1.209131  0.001817 
6.637212    1.156344  1.154533  0.001812 
6.647216    1.114732  1.112925  0.001806 
6.657219    1.082451  1.080650  0.001801 
6.667222    1.054305  1.052509  0.001796 
6.677226    1.024747  1.022956  0.001791 
6.687229    0.989984  0.988198  0.001786 
6.697232    0.948836  0.947055  0.001781 
6.707236    0.901470  0.899694  0.001776 
6.717239    0.848541  0.846769  0.001772 
6.727242    0.791866  0.790099  0.001767 
6.737246    0.734473  0.732711  0.001763 
6.747249    0.679432  0.677674  0.001758 
6.757252    0.628793  0.627039  0.001754 
6.767256    0.583461  0.581712  0.001749 
6.777259    0.543667  0.541923  0.001745 
6.787262    0.509088  0.507347  0.001740 
6.797266    0.478740  0.477004  0.001736 
6.807269    0.451414  0.449682  0.001732 
6.817272    0.426425  0.424698  0.001728 
6.827276    0.403858  0.402134  0.001724 
6.837279    0.384187  0.382468  0.001720 
6.847282    0.367701  0.365985  0.001716 
6.857286    0.354109  0.352397  0.001712 
6.867289    0.342559  0.340852  0.001708 
6.877292    0.331888  0.330185  0.001704 
6.887296    0.320963  0.319263  0.001700 
6.897299    0.309106  0.307410  0.001696 
6.907302    0.296442  0.294750  0.001692 
6.917306    0.283700  0.282012  0.001688 
6.927309    0.271527  0.269843  0.001685 
6.937312    0.260081  0.258400  0.001681 
6.947316    0.249284  0.247607  0.001677 
6.957319    0.239142  0.237468  0.001673 
6.967322    0.229613  0.227943  0.001670 
6.977326    0.220407  0.218741  0.001666 
6.987329    0.211087  0.209424  0.001662 
6.997332    0.201412  0.199753  0.001659 
7.007336    0.191571  0.189916  0.001655 
7.017339    0.182008  0.180356  0.001652 
7.027342    0.173087  0.171439  0.001648 
7.037346    0.164970  0.163325  0.001645 
7.047349    0.157678  0.156037  0.001641 
7.057352    0.151186  0.149548  0.001638 
7.067356    0.145447  0.143812  0.001634 
7.077359    0.140321  0.138690  0.001631 
7.087362    0.135559  0.133931  0.001628 
7.097366    0.130937  0.129313  0.001624 
7.107369    0.126428  0.124807  0.001621 
7.117372    0.122183  0.120566  0.001618 
7.127376    0.118387  0.116773  0.001614 
7.137379    0.115095  0.113484  0.001611 
7.147382    0.112193  0.110585  0.001608 
7.157386    0.109509  0.107905  0.001604 
7.167389    0.106978  0.105377  0.001601 
7.177392    0.104646  0.103048  0.001598 
7.187396    0.102565  0.100971  0.001595 
7.197399    0.100727  0.099135  0.001592 
7.207402    0.099056  0.097468  0.001588 
7.217406    0.097422  0.095837  0.001585 
7.227409    0.095663  0.094081  0.001582 
7.237412    0.093665  0.092086  0.001579 
7.247416    0.091431  0.089855  0.001576 
7.257419    0.089073  0.087500  0.001573 
7.267422    0.086721  0.085152  0.001570 
7.277426    0.084473  0.082906  0.001567 
7.287429    0.082402  0.080839  0.001563 
7.297432    0.080577  0.079017  0.001560 
7.307436    0.079048  0.077491  0.001557 
7.317439    0.077849  0.076295  0.001554 
7.327442    0.077026  0.075475  0.001551 
7.337446    0.076641  0.075093  0.001548 
7.347449    0.076675  0.075130  0.001545 
7.357452    0.076900  0.075358  0.001542 
7.367456    0.076874  0.075335  0.001539 
7.377459    0.076144  0.074608  0.001536 
7.387462    0.074563  0.073030  0.001533 
7.397466    0.072385  0.070855  0.001530 
7.407469    0.070035  0.068508  0.001528 
7.417472    0.067820  0.066295  0.001525 
7.427476    0.065837  0.064315  0.001522 
7.437479    0.064041  0.062522  0.001519 
7.447482    0.062344  0.060828  0.001516 
7.457486    0.060695  0.059182  0.001513 
7.467489    0.059116  0.057606  0.001510 
7.477492    0.057668  0.056160  0.001507 
7.487496    0.056401  0.054896  0.001505 
7.497499    0.055325  0.053823  0.001502 
7.507503    0.054400  0.052901  0.001499 
7.517506    0.053545  0.052049  0.001496 
7.527509    0.052687  0.051194  0.001493 
7.537513    0.051825  0.050335  0.001491 
7.547516    0.051014  0.049527  0.001488 
7.557519    0.050290  0.048805  0.001485 
7.567523    0.049615  0.048133  0.001482 
7.577526    0.048918  0.047439  0.001479 
7.587529    0.048173  0.046696  0.001477 
7.597533    0.047425  0.045951  0.001474 
7.607536    0.046757  0.045286  0.001471 
7.617539    0.046244  0.044776  0.001469 
7.627543    0.045930  0.044464  0.001466 
7.637546    0.045823  0.044360  0.001463 
7.647549    0.045909  0.044448  0.001461 
7.657553    0.046142  0.044684  0.001458 
7.667556    0.046464  0.045009  0.001455 
7.677559    0.046818  0.045366  0.001453 
7.687563    0.047126  0.045676  0.001450 
7.697566    0.047246  0.045799  0.001447 
7.707569    0.047010  0.045565  0.001445 
7.717573    0.046377  0.044935  0.001442 
7.727576    0.045530  0.044091  0.001439 
7.737579    0.044759  0.043322  0.001437 
7.747583    0.044259  0.042825  0.001434 
7.757586    0.044027  0.042595  0.001432 
7.767589    0.043860  0.042431  0.001429 
7.777593    0.043468  0.042042  0.001426 
7.787596    0.042652  0.041228  0.001424 
7.797599    0.041419  0.039998  0.001421 
7.807603    0.039941  0.038522  0.001419 
7.817606    0.038440  0.037024  0.001416 
7.827609    0.037108  0.035694  0.001414 
7.837613    0.036052  0.034640  0.001411 
7.847616    0.035300  0.033891  0.001409 
7.857619    0.034818  0.033412  0.001406 
7.867623    0.034522  0.033118  0.001404 
7.877626    0.034270  0.032868  0.001401 
7.887629    0.033876  0.032477  0.001399 
7.897633    0.033196  0.031800  0.001396 
7.907636    0.032234  0.030840  0.001394 
7.917639    0.031126  0.029735  0.001391 
7.927643    0.030028  0.028639  0.001389 
7.937646    0.029033  0.027647  0.001386 
7.947649    0.028169  0.026785  0.001384 
7.957653    0.027426  0.026045  0.001381 
7.967656    0.026782  0.025403  0.001379 
7.977659    0.026214  0.024838  0.001377 
7.987663    0.025709  0.024335  0.001374 
7.997666    0.025259  0.023887  0.001372 
8.007669    0.024856  0.023486  0.001369 
8.017673    0.024493  0.023126  0.001367 
8.027676    0.024165  0.022801  0.001365 
8.037679    0.023867  0.022505  0.001362 
8.047683    0.023595  0.022236  0.001360 
8.057686    0.023346  0.021989  0.001357 
8.067689    0.023117  0.021762  0.001355 
8.077693    0.022907  0.021555  0.001353 
8.087696    0.022716  0.021365  0.001350 
8.097699    0.022542  0.021194  0.001348 
8.107703    0.022388  0.021042  0.001346 
8.117706    0.022253  0.020909  0.001343 
8.127709    0.022139  0.020798  0.001341 
8.137713    0.022047  0.020709  0.001339 
8.147716    0.021980  0.020643  0.001336 
8.157719    0.021932  0.020598  0.001334 
8.167723    0.021898  0.020566  0.001332 
8.177726    0.021863  0.020533  0.001330 
8.187729    0.021816  0.020488  0.001327 
8.197733    0.021757  0.020432  0.001325 
8.207736    0.021699  0.020376  0.001323 
8.217739    0.021651  0.020331  0.001320 
8.227743    0.021615  0.020297  0.001318 
8.237746    0.021586  0.020271  0.001316 
8.247749    0.021564  0.020250  0.001314 
8.257753    0.021557  0.020246  0.001311 
8.267756    0.021583  0.020274  0.001309 
8.277759    0.021662  0.020355  0.001307 
8.287763    0.021808  0.020503  0.001305 
8.297766    0.022035  0.020733  0.001303 
8.307769    0.022349  0.021049  0.001300 
8.317773    0.022744  0.021446  0.001298 
8.327776    0.023191  0.021895  0.001296 
8.337779    0.023636  0.022343  0.001294 
8.347783    0.024023  0.022731  0.001292 
8.357786    0.024337  0.023048  0.001289 
8.367789    0.024637  0.023350  0.001287 
8.377793    0.025023  0.023738  0.001285 
8.387796    0.025593  0.024310  0.001283 
8.397799    0.026427  0.025146  0.001281 
8.407803    0.027600  0.026321  0.001279 
8.417806    0.029193  0.027916  0.001276 
8.427809    0.031301  0.030027  0.001274 
8.437813    0.034026  0.032753  0.001272 
8.447816    0.037436  0.036166  0.001270 
8.457819    0.041486  0.040218  0.001268 
8.467823    0.045881  0.044615  0.001266 
8.477826    0.049986  0.048722  0.001264 
8.487829    0.052943  0.051681  0.001262 
8.497833    0.054015  0.052755  0.001259 
8.507836    0.052899  0.051642  0.001257 
8.517839    0.049879  0.048624  0.001255 
8.527843    0.045758  0.044504  0.001253 
8.537846    0.041454  0.040203  0.001251 
8.547849    0.037609  0.036360  0.001249 
8.557853    0.034498  0.033251  0.001247 
8.567856    0.032165  0.030920  0.001245 
8.577859    0.030555  0.029312  0.001243 
8.587863    0.029599  0.028358  0.001241 
8.597866    0.029237  0.027998  0.001239 
8.607869    0.029416  0.028179  0.001237 
8.617873    0.030060  0.028825  0.001235 
8.627876    0.031020  0.029788  0.001233 
8.637879    0.032028  0.030797  0.001231 
8.647883    0.032689  0.031460  0.001229 
8.657886    0.032606  0.031380  0.001227 
8.667889    0.031630  0.030406  0.001225 
8.677893    0.029986  0.028764  0.001223 
8.687896    0.028081  0.026860  0.001221 
8.697899    0.026239  0.025020  0.001219 
8.707903    0.024629  0.023412  0.001217 
8.717906    0.023307  0.022092  0.001215 
8.727909    0.022269  0.021056  0.001213 
8.737913    0.021472  0.020261  0.001211 
8.747916    0.020859  0.019650  0.001209 
8.757919    0.020388  0.019181  0.001207 
8.767923    0.020053  0.018848  0.001205 
8.777926    0.019878  0.018675  0.001203 
8.787929    0.019886  0.018685  0.001201 
8.797933    0.020076  0.018877  0.001199 
8.807936    0.020399  0.019202  0.001197 
8.817939    0.020730  0.019535  0.001195 
8.827943    0.020871  0.019678  0.001193 
8.837946    0.020643  0.019452  0.001191 
8.847949    0.020020  0.018830  0.001189 
8.857953    0.019143  0.017956  0.001187 
8.867956    0.018206  0.017020  0.001185 
8.877959    0.017336  0.016152  0.001184 
8.887963    0.016587  0.015405  0.001182 
8.897966    0.015964  0.014784  0.001180 
8.907969    0.015451  0.014273  0.001178 
8.917973    0.015029  0.013853  0.001176 
8.927976    0.014679  0.013505  0.001174 
8.937979    0.014388  0.013215  0.001172 
8.947983    0.014143  0.012973  0.001170 
8.957986    0.013937  0.012769  0.001169 
8.967989    0.013764  0.012598  0.001167 
8.977993    0.013621  0.012456  0.001165 
8.987996    0.013504  0.012342  0.001163 
8.997999    0.013413  0.012252  0.001161 
9.008003    0.013346  0.012187  0.001159 
9.018006    0.013299  0.012142  0.001157 
9.028009    0.013265  0.012110  0.001156 
9.038013    0.013233  0.012079  0.001154 
9.048016    0.013190  0.012038  0.001152 
9.058019    0.013135  0.011985  0.001150 
9.068023    0.013079  0.011931  0.001148 
9.078026    0.013040  0.011893  0.001146 
9.088029    0.013029  0.011885  0.001145 
9.098033    0.013058  0.011916  0.001143 
9.108036    0.013135  0.011994  0.001141 
9.118039    0.013268  0.012128  0.001139 
9.128043    0.013463  0.012326  0.001137 
9.138046    0.013725  0.012589  0.001136 
9.148049    0.014044  0.012910  0.001134 
9.158053    0.014397  0.013265  0.001132 
9.168056    0.014746  0.013616  0.001130 
9.178059    0.015069  0.013940  0.001129 
9.188063    0.015374  0.014247  0.001127 
9.198066    0.015675  0.014550  0.001125 
9.208069    0.015950  0.014827  0.001123 
9.218073    0.016130  0.015008  0.001122 
9.228076    0.016157  0.015037  0.001120 
9.238079    0.016032  0.014914  0.001118 
9.248083    0.015784  0.014667  0.001116 
9.258086    0.015413  0.014298  0.001115 
9.268089    0.014917  0.013804  0.001113 
9.278093    0.014333  0.013222  0.001111 
9.288096    0.013735  0.012626  0.001109 
9.298099    0.013186  0.012079  0.001108 
9.308103    0.012717  0.011611  0.001106 
9.318106    0.012333  0.011229  0.001104 
9.328109    0.012027  0.010924  0.001103 
9.338113    0.011786  0.010685  0.001101 
9.348116    0.011601  0.010502  0.001099 
9.358119    0.011465  0.010368  0.001097 
9.368123    0.011372  0.010277  0.001096 
9.378126    0.011320  0.010226  0.001094 
9.388129    0.011307  0.010215  0.001092 
9.398133    0.011330  0.010239  0.001091 
9.408136    0.011378  0.010289  0.001089 
9.418139    0.011437  0.010349  0.001087 
9.428143    0.011491  0.010405  0.001086 
9.438146    0.011537  0.010453  0.001084 
9.448149    0.011593  0.010510  0.001082 
9.458153    0.011679  0.010598  0.001081 
9.468156    0.011800  0.010721  0.001079 
9.478159    0.011931  0.010854  0.001077 
9.488163    0.012014  0.010938  0.001076 
9.498166    0.011987  0.010913  0.001074 
9.508169    0.011827  0.010754  0.001073 
9.518173    0.011567  0.010496  0.001071 
9.528176    0.011268  0.010199  0.001069 
9.538179    0.010974  0.009907  0.001068 
9.548183    0.010707  0.009641  0.001066 
9.558186    0.010473  0.009408  0.001064 
9.568189    0.010274  0.009211  0.001063 
9.578193    0.010109  0.009048  0.001061 
9.588196    0.009977  0.008917  0.001060 
9.598199    0.009874  0.008817  0.001058 
9.608203    0.009799  0.008742  0.001056 
9.618206    0.009746  0.008692  0.001055 
9.628209    0.009715  0.008662  0.001053 
9.638213    0.009700  0.008648  0.001052 
9.648216    0.009693  0.008643  0.001050 
9.658219    0.009685  0.008637  0.001048 
9.668223    0.009672  0.008625  0.001047 
9.678226    0.009650  0.008605  0.001045 
9.688229    0.009619  0.008575  0.001044 
9.698233    0.009573  0.008531  0.001042 
9.708236    0.009514  0.008473  0.001041 
9.718239    0.009451  0.008412  0.001039 
9.728243    0.009396  0.008359  0.001037 
9.738246    0.009360  0.008324  0.001036 
9.748249    0.009347  0.008313  0.001034 
9.758253    0.009360  0.008327  0.001033 
9.768256    0.009395  0.008364  0.001031 
9.778259    0.009447  0.008417  0.001030 
9.788263    0.009506  0.008478  0.001028 
9.798266    0.009569  0.008542  0.001027 
9.808269    0.009638  0.008613  0.001025 
9.818273    0.009727  0.008703  0.001024 
9.828276    0.009838  0.008816  0.001022 
9.838279    0.009960  0.008939  0.001021 
9.848283    0.010066  0.009047  0.001019 
9.858286    0.010128  0.009111  0.001018 
9.868289    0.010141  0.009125  0.001016 
9.878293    0.010122  0.009107  0.001015 
9.888296    0.010098  0.009085  0.001013 
9.898299    0.010089  0.009078  0.001012 
9.908303    0.010105  0.009094  0.001010 
9.918306    0.010147  0.009138  0.001009 
9.928309    0.010218  0.009211  0.001007 
9.938313    0.010309  0.009303  0.001006 
9.948316    0.010391  0.009387  0.001004 
9.958319    0.010421  0.009418  0.001003 
9.968323    0.010363  0.009362  0.001001 
9.978326    0.010227  0.009227  0.001000 
9.988329    0.010060  0.009062  0.000998 
9.998333    0.009914  0.008917  0.000997 
10.008336    0.009820  0.008825  0.000995 
10.018339    0.009790  0.008796  0.000994 
10.028343    0.009806  0.008814  0.000992 
10.038346    0.009834  0.008843  0.000991 
10.048349    0.009823  0.008833  0.000990 
10.058353    0.009740  0.008752  0.000988 
10.068356    0.009589  0.008603  0.000987 
10.078359    0.009406  0.008420  0.000985 
10.088363    0.009228  0.008244  0.000984 
10.098366    0.009076  0.008093  0.000982 
10.108369    0.008948  0.007967  0.000981 
10.118373    0.008830  0.007851  0.000979 
10.128376    0.008710  0.007732  0.000978 
10.138379    0.008587  0.007610  0.000977 
10.148383    0.008466  0.007491  0.000975 
10.158386    0.008353  0.007379  0.000974 
10.168389    0.008247  0.007274  0.000972 
10.178393    0.008149  0.007178  0.000971 
10.188396    0.008062  0.007092  0.000970 
10.198399    0.007990  0.007022  0.000968 
10.208403    0.007937  0.006970  0.000967 
10.218406    0.007903  0.006937  0.000965 
10.228409    0.007888  0.006924  0.000964 
10.238413    0.007892  0.006929  0.000963 
10.248416    0.007915  0.006954  0.000961 
10.258419    0.007955  0.006995  0.000960 
10.268423    0.008003  0.007044  0.000958 
10.278426    0.008041  0.007084  0.000957 
10.288429    0.008050  0.007094  0.000956 
10.298433    0.008019  0.007065  0.000954 
10.308436    0.007958  0.007005  0.000953 
10.318439    0.007884  0.006932  0.000952 
10.328443    0.007811  0.006860  0.000950 
10.338446    0.007742  0.006793  0.000949 
10.348449    0.007676  0.006728  0.000948 
10.358453    0.007608  0.006662  0.000946 
10.368456    0.007540  0.006596  0.000945 
10.378459    0.007475  0.006532  0.000944 
10.388463    0.007416  0.006473  0.000942 
10.398466    0.007365  0.006424  0.000941 
10.408469    0.007326  0.006386  0.000939 
10.418473    0.007301  0.006363  0.000938 
10.428476    0.007292  0.006355  0.000937 
10.438479    0.007297  0.006361  0.000935 
10.448483    0.007312  0.006378  0.000934 
10.458486    0.007330  0.006397  0.000933 
10.468489    0.007346  0.006414  0.000932 
10.478493    0.007359  0.006428  0.000930 
10.488496    0.007370  0.006441  0.000929 
10.498499    0.007378  0.006451  0.000928 
10.508503    0.007385  0.006458  0.000926 
10.518506    0.007390  0.006465  0.000925 
10.528510    0.007396  0.006472  0.000924 
10.538513    0.007401  0.006479  0.000922 
10.548516    0.007402  0.006481  0.000921 
10.558520    0.007399  0.006479  0.000920 
10.568523    0.007393  0.006474  0.000918 
10.578526    0.007384  0.006467  0.000917 
10.588530    0.007370  0.006454  0.000916 
10.598533    0.007347  0.006433  0.000915 
10.608536    0.007320  0.006406  0.000913 
10.618540    0.007299  0.006387  0.000912 
10.628543    0.007296  0.006385  0.000911 
10.638546    0.007315  0.006406  0.000910 
10.648550    0.007354  0.006445  0.000908 
10.658553    0.007406  0.006499  0.000907 
10.668556    0.007466  0.006560  0.000906 
10.678560    0.007531  0.006626  0.000904 
10.688563    0.007596  0.006692  0.000903 
10.698566    0.007660  0.006758  0.000902 
10.708570    0.007726  0.006825  0.000901 
10.718573    0.007802  0.006902  0.000899 
10.728576    0.007893  0.006994  0.000898 
10.738580    0.007997  0.007100  0.000897 
10.748583    0.008103  0.007207  0.000896 
10.758586    0.008191  0.007297  0.000894 
10.768590    0.008245  0.007351  0.000893 
10.778593    0.008256  0.007364  0.000892 
10.788596    0.008233  0.007342  0.000891 
10.798600    0.008190  0.007301  0.000890 
10.808603    0.008145  0.007257  0.000888 
10.818606    0.008111  0.007224  0.000887 
10.828610    0.008098  0.007212  0.000886 
10.838613    0.008108  0.007223  0.000885 
10.848616    0.008135  0.007252  0.000883 
10.858620    0.008172  0.007290  0.000882 
10.868623    0.008213  0.007332  0.000881 
10.878626    0.008246  0.007366  0.000880 
10.888630    0.008264  0.007386  0.000879 
10.898633    0.008268  0.007391  0.000877 
10.908636    0.008270  0.007394  0.000876 
10.918640    0.008286  0.007411  0.000875 
10.928643    0.008319  0.007445  0.000874 
10.938646    0.008358  0.007485  0.000873 
10.948650    0.008382  0.007511  0.000871 
10.958653    0.008385  0.007515  0.000870 
10.968656    0.008382  0.007513  0.000869 
10.978660    0.008402  0.007534  0.000868 
10.988663    0.008468  0.007601  0.000867 
10.998666    0.008586  0.007721  0.000865 
11.008670    0.008745  0.007880  0.000864 
11.018673    0.008918  0.008055  0.000863 
11.028676    0.009081  0.008219  0.000862 
11.038680    0.009227  0.008367  0.000861 
11.048683    0.009376  0.008516  0.000860 
11.058686    0.009550  0.008692  0.000858 
11.068690    0.009758  0.008900  0.000857 
11.078693    0.009979  0.009123  0.000856 
11.088696    0.010183  0.009328  0.000855 
11.098700    0.010351  0.009497  0.000854 
11.108703    0.010487  0.009634  0.000853 
11.118706    0.010599  0.009747  0.000851 
11.128710    0.010678  0.009828  0.000850 
11.138713    0.010717  0.009868  0.000849 
11.148716    0.010717  0.009869  0.000848 
11.158720    0.010682  0.009835  0.000847 
11.168723    0.010616  0.009771  0.000846 
11.178726    0.010531  0.009687  0.000845 
11.188730    0.010444  0.009601  0.000843 
11.198733    0.010363  0.009520  0.000842 
11.208736    0.010279  0.009438  0.000841 
11.218740    0.010178  0.009338  0.000840 
11.228743    0.010053  0.009214  0.000839 
11.238746    0.009912  0.009074  0.000838 
11.248750    0.009780  0.008943  0.000837 
11.258753    0.009679  0.008844  0.000836 
11.268756    0.009623  0.008788  0.000834 
11.278760    0.009610  0.008776  0.000833 
11.288763    0.009633  0.008801  0.000832 
11.298766    0.009690  0.008859  0.000831 
11.308770    0.009776  0.008946  0.000830 
11.318773    0.009882  0.009053  0.000829 
11.328776    0.009992  0.009164  0.000828 
11.338780    0.010091  0.009264  0.000827 
11.348783    0.010172  0.009346  0.000826 
11.358786    0.010228  0.009404  0.000825 
11.368790    0.010255  0.009432  0.000823 
11.378793    0.010247  0.009425  0.000822 
11.388796    0.010193  0.009371  0.000821 
11.398800    0.010072  0.009252  0.000820 
11.408803    0.009884  0.009065  0.000819 
11.418806    0.009655  0.008837  0.000818 
11.428810    0.009426  0.008609  0.000817 
11.438813    0.009227  0.008412  0.000816 
11.448816    0.009076  0.008261  0.000815 
11.458820    0.008978  0.008164  0.000814 
11.468823    0.008933  0.008120  0.000813 
11.478826    0.008929  0.008117  0.000812 
11.488830    0.008948  0.008138  0.000810 
11.498833    0.008974  0.008164  0.000809 
11.508836    0.008994  0.008186  0.000808 
11.518840    0.008999  0.008192  0.000807 
11.528843    0.008975  0.008169  0.000806 
11.538846    0.008920  0.008115  0.000805 
11.548850    0.008854  0.008050  0.000804 
11.558853    0.008812  0.008009  0.000803 
11.568856    0.008818  0.008016  0.000802 
11.578860    0.008882  0.008081  0.000801 
11.588863    0.008992  0.008192  0.000800 
11.598866    0.009126  0.008327  0.000799 
11.608870    0.009258  0.008460  0.000798 
11.618873    0.009364  0.008567  0.000797 
11.628876    0.009437  0.008641  0.000796 
11.638880    0.009486  0.008691  0.000795 
11.648883    0.009539  0.008745  0.000794 
11.658886    0.009615  0.008822  0.000793 
11.668890    0.009718  0.008926  0.000792 
11.678893    0.009832  0.009041  0.000791 
11.688896    0.009921  0.009131  0.000790 
11.698900    0.009942  0.009154  0.000788 
11.708903    0.009877  0.009090  0.000787 
11.718906    0.009750  0.008964  0.000786 
11.728910    0.009611  0.008825  0.000785 
11.738913    0.009502  0.008718  0.000784 
11.748916    0.009447  0.008664  0.000783 
11.758920    0.009442  0.008660  0.000782 
11.768923    0.009470  0.008688  0.000781 
11.778926    0.009510  0.008729  0.000780 
11.788930    0.009545  0.008766  0.000779 
11.798933    0.009563  0.008785  0.000778 
11.808936    0.009558  0.008781  0.000777 
11.818940    0.009540  0.008763  0.000776 
11.828943    0.009534  0.008759  0.000775 
11.838946    0.009568  0.008793  0.000774 
11.848950    0.009644  0.008871  0.000773 
11.858953    0.009741  0.008968  0.000772 
11.868956    0.009827  0.009055  0.000771 
11.878960    0.009885  0.009115  0.000770 
11.888963    0.009915  0.009146  0.000769 
11.898966    0.009922  0.009154  0.000768 
11.908970    0.009906  0.009139  0.000767 
11.918973    0.009872  0.009106  0.000766 
11.928976    0.009833  0.009068  0.000765 
11.938980    0.009802  0.009037  0.000764 
11.948983    0.009783  0.009020  0.000763 
11.958986    0.009777  0.009015  0.000763 
11.968990    0.009785  0.009024  0.000762 
11.978993    0.009810  0.009050  0.000761 
11.988996    0.009847  0.009087  0.000760 
11.999000    0.009878  0.009120  0.000759 
12.009003    0.009881  0.009123  0.000758 
12.019006    0.009837  0.009081  0.000757 
12.029010    0.009755  0.008999  0.000756 
12.039013    0.009659  0.008905  0.000755 
12.049016    0.009575  0.008821  0.000754 
12.059020    0.009510  0.008757  0.000753 
12.069023    0.009461  0.008709  0.000752 
12.079026    0.009432  0.008681  0.000751 
12.089030    0.009421  0.008671  0.000750 
12.099033    0.009422  0.008673  0.000749 
12.109036    0.009416  0.008667  0.000748 
12.119040    0.009384  0.008636  0.000747 
12.129043    0.009322  0.008575  0.000746 
12.139046    0.009244  0.008499  0.000745 
12.149050    0.009174  0.008430  0.000744 
12.159053    0.009132  0.008388  0.000743 
12.169056    0.009123  0.008381  0.000742 
12.179060    0.009146  0.008404  0.000742 
12.189063    0.009192  0.008452  0.000741 
12.199066    0.009257  0.008517  0.000740 
12.209070    0.009336  0.008597  0.000739 
12.219073    0.009422  0.008684  0.000738 
12.229076    0.009506  0.008769  0.000737 
12.239080    0.009579  0.008843  0.000736 
12.249083    0.009640  0.008905  0.000735 
12.259086    0.009688  0.008954  0.000734 
12.269090    0.009726  0.008993  0.000733 
12.279093    0.009755  0.009022  0.000732 
12.289096    0.009766  0.009034  0.000731 
12.299100    0.009747  0.009017  0.000730 
12.309103    0.009694  0.008964  0.000730 
12.319106    0.009611  0.008883  0.000729 
12.329110    0.009515  0.008787  0.000728 
12.339113    0.009421  0.008694  0.000727 
12.349116    0.009342  0.008616  0.000726 
12.359120    0.009286  0.008561  0.000725 
12.369123    0.009250  0.008526  0.000724 
12.379126    0.009229  0.008506  0.000723 
12.389130    0.009215  0.008492  0.000722 
12.399133    0.009196  0.008474  0.000721 
12.409136    0.009163  0.008442  0.000721 
12.419140    0.009112  0.008392  0.000720 
12.429143    0.009048  0.008330  0.000719 
12.439146    0.008983  0.008265  0.000718 
12.449150    0.008924  0.008207  0.000717 
12.459153    0.008878  0.008162  0.000716 
12.469156    0.008846  0.008131  0.000715 
12.479160    0.008822  0.008108  0.000714 
12.489163    0.008798  0.008085  0.000713 
12.499166    0.008770  0.008058  0.000713 
12.509170    0.008740  0.008029  0.000712 
12.519173    0.008718  0.008007  0.000711 
12.529176    0.008711  0.008001  0.000710 
12.539180    0.008726  0.008017  0.000709 
12.549183    0.008756  0.008048  0.000708 
12.559186    0.008785  0.008077  0.000707 
12.569190    0.008795  0.008089  0.000706 
12.579193    0.008779  0.008073  0.000706 
12.589196    0.008744  0.008039  0.000705 
12.599200    0.008708  0.008004  0.000704 
12.609203    0.008685  0.007982  0.000703 
12.619206    0.008679  0.007977  0.000702 
12.629210    0.008679  0.007978  0.000701 
12.639213    0.008673  0.007973  0.000700 
12.649216    0.008653  0.007954  0.000700 
12.659220    0.008617  0.007918  0.000699 
12.669223    0.008563  0.007865  0.000698 
12.679226    0.008494  0.007797  0.000697 
12.689230    0.008417  0.007721  0.000696 
12.699233    0.008348  0.007652  0.000695 
12.709236    0.008297  0.007602  0.000694 
12.719240    0.008268  0.007574  0.000694 
12.729243    0.008256  0.007563  0.000693 
12.739246    0.008249  0.007557  0.000692 
12.749250    0.008236  0.007545  0.000691 
12.759253    0.008206  0.007515  0.000690 
12.769256    0.008153  0.007463  0.000689 
12.779260    0.008080  0.007392  0.000689 
12.789263    0.008000  0.007313  0.000688 
12.799266    0.007928  0.007241  0.000687 
12.809270    0.007876  0.007190  0.000686 
12.819273    0.007851  0.007166  0.000685 
12.829276    0.007852  0.007167  0.000684 
12.839280    0.007872  0.007189  0.000684 
12.849283    0.007899  0.007216  0.000683 
12.859286    0.007918  0.007236  0.000682 
12.869290    0.007916  0.007234  0.000681 
12.879293    0.007889  0.007209  0.000680 
12.889296    0.007843  0.007163  0.000679 
12.899300    0.007786  0.007107  0.000679 
12.909303    0.007732  0.007054  0.000678 
12.919306    0.007693  0.007016  0.000677 
12.929310    0.007673  0.006997  0.000676 
12.939313    0.007670  0.006994  0.000675 
12.949316    0.007670  0.006996  0.000675 
12.959320    0.007661  0.006988  0.000674 
12.969323    0.007636  0.006963  0.000673 
12.979326    0.007594  0.006922  0.000672 
12.989330    0.007543  0.006871  0.000671 
12.999333    0.007484  0.006813  0.000671 
13.009336    0.007421  0.006751  0.000670 
13.019340    0.007359  0.006690  0.000669 
13.029343    0.007304  0.006635  0.000668 
13.039346    0.007258  0.006591  0.000667 
13.049350    0.007224  0.006557  0.000667 
13.059353    0.007196  0.006530  0.000666 
13.069356    0.007171  0.006506  0.000665 
13.079360    0.007143  0.006479  0.000664 
13.089363    0.007107  0.006444  0.000663 
13.099366    0.007061  0.006399  0.000663 
13.109370    0.007003  0.006341  0.000662 
13.119373    0.006931  0.006269  0.000661 
13.129376    0.006851  0.006190  0.000660 
13.139380    0.006775  0.006115  0.000660 
13.149383    0.006716  0.006057  0.000659 
13.159386    0.006680  0.006022  0.000658 
13.169390    0.006666  0.006009  0.000657 
13.179393    0.006665  0.006009  0.000656 
13.189396    0.006666  0.006010  0.000656 
13.199400    0.006658  0.006004  0.000655 
13.209403    0.006641  0.005987  0.000654 
13.219406    0.006616  0.005963  0.000653 
13.229410    0.006591  0.005939  0.000653 
13.239413    0.006575  0.005924  0.000652 
13.249416    0.006573  0.005922  0.000651 
13.259420    0.006582  0.005932  0.000650 
13.269423    0.006593  0.005944  0.000649 
13.279426    0.006597  0.005948  0.000649 
13.289430    0.006586  0.005938  0.000648 
13.299433    0.006559  0.005912  0.000647 
13.309436    0.006516  0.005869  0.000646 
13.319440    0.006456  0.005810  0.000646 
13.329443    0.006383  0.005739  0.000645 
13.339446    0.006307  0.005662  0.000644 
13.349450    0.006234  0.005591  0.000643 
13.359453    0.006170  0.005528  0.000643 
13.369456    0.006118  0.005476  0.000642 
13.379460    0.006079  0.005438  0.000641 
13.389463    0.006054  0.005414  0.000640 
13.399466    0.006046  0.005407  0.000640 
13.409470    0.006053  0.005414  0.000639 
13.419473    0.006069  0.005430  0.000638 
13.429476    0.006085  0.005448  0.000637 
13.439480    0.006097  0.005461  0.000637 
13.449483    0.006104  0.005468  0.000636 
13.459486    0.006110  0.005474  0.000635 
13.469490    0.006118  0.005483  0.000634 
13.479493    0.006129  0.005496  0.000634 
13.489496    0.006144  0.005512  0.000633 
13.499500    0.006162  0.005530  0.000632 
13.509503    0.006179  0.005548  0.000632 
13.519507    0.006190  0.005559  0.000631 
13.529510    0.006187  0.005557  0.000630 
13.539513    0.006169  0.005540  0.000629 
13.549517    0.006139  0.005511  0.000629 
13.559520    0.006099  0.005471  0.000628 
13.569523    0.006052  0.005425  0.000627 
13.579527    0.006002  0.005376  0.000626 
13.589530    0.005951  0.005325  0.000626 
13.599533    0.005901  0.005276  0.000625 
13.609537    0.005854  0.005230  0.000624 
13.619540    0.005812  0.005188  0.000624 
13.629543    0.005772  0.005150  0.000623 
13.639547    0.005733  0.005111  0.000622 
13.649550    0.005694  0.005073  0.000621 
13.659553    0.005654  0.005034  0.000621 
13.669557    0.005611  0.004991  0.000620 
13.679560    0.005562  0.004943  0.000619 
13.689563    0.005508  0.004890  0.000619 
13.699567    0.005453  0.004835  0.000618 
13.709570    0.005403  0.004786  0.000617 
13.719573    0.005364  0.004747  0.000616 
13.729577    0.005340  0.004724  0.000616 
13.739580    0.005332  0.004717  0.000615 
13.749583    0.005339  0.004724  0.000614 
13.759587    0.005358  0.004744  0.000614 
13.769590    0.005389  0.004776  0.000613 
13.779593    0.005434  0.004822  0.000612 
13.789597    0.005492  0.004880  0.000611 
13.799600    0.005558  0.004948  0.000611 
13.809603    0.005626  0.005015  0.000610 
13.819607    0.005680  0.005071  0.000609 
13.829610    0.005710  0.005102  0.000609 
13.839613    0.005708  0.005100  0.000608 
13.849617    0.005677  0.005069  0.000607 
13.859620    0.005625  0.005019  0.000607 
13.869623    0.005565  0.004959  0.000606 
13.879627    0.005504  0.004899  0.000605 
13.889630    0.005446  0.004841  0.000605 
13.899633    0.005394  0.004790  0.000604 
13.909637    0.005350  0.004746  0.000603 
13.919640    0.005315  0.004713  0.000603 
13.929643    0.005292  0.004690  0.000602 
13.939647    0.005281  0.004680  0.000601 
13.949650    0.005285  0.004684  0.000600 
13.959653    0.005301  0.004701  0.000600 
13.969657    0.005322  0.004723  0.000599 
13.979660    0.005340  0.004741  0.000598 
13.989663    0.005345  0.004748  0.000598 
13.999667    0.005337  0.004740  0.000597 
14.009670    0.005314  0.004717  0.000596 
14.019673    0.005276  0.004680  0.000596 
14.029677    0.005227  0.004632  0.000595 
14.039680    0.005176  0.004581  0.000594 
14.049683    0.005132  0.004538  0.000594 
14.059687    0.005104  0.004511  0.000593 
14.069690    0.005092  0.004499  0.000592 
14.079693    0.005090  0.004498  0.000592 
14.089697    0.005095  0.004504  0.000591 
14.099700    0.005104  0.004514  0.000590 
14.109703    0.005119  0.004530  0.000590 
14.119707    0.005140  0.004551  0.000589 
14.129710    0.005164  0.004575  0.000588 
14.139713    0.005184  0.004596  0.000588 
14.149717    0.005193  0.004606  0.000587 
14.159720    0.005187  0.004601  0.000586 
14.169723    0.005171  0.004585  0.000586 
14.179727    0.005152  0.004567  0.000585 
14.189730    0.005135  0.004551  0.000585 
14.199733    0.005122  0.004539  0.000584 
14.209737    0.005110  0.004527  0.000583 
14.219740    0.005093  0.004510  0.000583 
14.229743    0.005067  0.004485  0.000582 
14.239747    0.005034  0.004453  0.000581 
14.249750    0.004995  0.004415  0.000581 
14.259753    0.004954  0.004374  0.000580 
14.269757    0.004915  0.004336  0.000579 
14.279760    0.004882  0.004303  0.000579 
14.289763    0.004852  0.004274  0.000578 
14.299767    0.004821  0.004244  0.000577 
14.309770    0.004783  0.004206  0.000577 
14.319773    0.004737  0.004161  0.000576 
14.329777    0.004686  0.004111  0.000575 
14.339780    0.004638  0.004063  0.000575 
14.349783    0.004599  0.004025  0.000574 
14.359787    0.004571  0.003998  0.000574 
14.369790    0.004554  0.003981  0.000573 
14.379793    0.004545  0.003973  0.000572 
14.389797    0.004540  0.003969  0.000572 
14.399800    0.004538  0.003967  0.000571 
14.409803    0.004539  0.003968  0.000570 
14.419807    0.004545  0.003975  0.000570 
14.429810    0.004558  0.003989  0.000569 
14.439813    0.004576  0.004008  0.000569 
14.449817    0.004597  0.004029  0.000568 
14.459820    0.004618  0.004050  0.000567 
14.469823    0.004636  0.004069  0.000567 
14.479827    0.004653  0.004087  0.000566 
14.489830    0.004668  0.004103  0.000565 
14.499833    0.004681  0.004116  0.000565 
14.509837    0.004687  0.004123  0.000564 
14.519840    0.004685  0.004121  0.000564 
14.529843    0.004674  0.004111  0.000563 
14.539847    0.004662  0.004100  0.000562 
14.549850    0.004660  0.004098  0.000562 
14.559853    0.004674  0.004113  0.000561 
14.569857    0.004709  0.004148  0.000561 
14.579860    0.004758  0.004198  0.000560 
14.589863    0.004813  0.004254  0.000559 
14.599867    0.004861  0.004302  0.000559 
14.609870    0.004887  0.004329  0.000558 
14.619873    0.004885  0.004328  0.000557 
14.629877    0.004857  0.004300  0.000557 
14.639880    0.004807  0.004251  0.000556 
14.649883    0.004740  0.004184  0.000556 
14.659887    0.004658  0.004103  0.000555 
14.669890    0.004574  0.004019  0.000554 
14.679893    0.004501  0.003948  0.000554 
14.689897    0.004453  0.003900  0.000553 
14.699900    0.004432  0.003880  0.000553 
14.709903    0.004437  0.003885  0.000552 
14.719907    0.004458  0.003906  0.000551 
14.729910    0.004484  0.003933  0.000551 
14.739913    0.004503  0.003952  0.000550 
14.749917    0.004507  0.003958  0.000550 
14.759920    0.004494  0.003945  0.000549 
14.769923    0.004464  0.003916  0.000548 
14.779927    0.004420  0.003872  0.000548 
14.789930    0.004367  0.003820  0.000547 
14.799933    0.004311  0.003764  0.000547 
14.809937    0.004256  0.003710  0.000546 
14.819940    0.004204  0.003658  0.000546 
14.829943    0.004154  0.003609  0.000545 
14.839947    0.004106  0.003562  0.000544 
14.849950    0.004064  0.003520  0.000544 
14.859953    0.004030  0.003487  0.000543 
14.869957    0.004010  0.003468  0.000543 
14.879960    0.004007  0.003465  0.000542 
14.889963    0.004018  0.003477  0.000541 
14.899967    0.004037  0.003497  0.000541 
14.909970    0.004054  0.003514  0.000540 
14.919973    0.004063  0.003523  0.000540 
14.929977    0.004067  0.003528  0.000539 
14.939980    0.004072  0.003534  0.000539 
14.949983    0.004082  0.003544  0.000538 
14.959987    0.004096  0.003558  0.000537 
14.969990    0.004111  0.003574  0.000537 
14.979993    0.004123  0.003587  0.000536 
14.989997    0.004128  0.003592  0.000536 
15.000000    0.004120  0.003585  0.000535 
